text,label,text_clean
You Can Smell Hillary’s Fear,0,smell hillary fear
Watch The Exact Moment Paul Ryan Committed Political Suicide At A Trump Rally (VIDEO),0,watch exact moment paul ryan commit political suicide trump rally video
Kerry to go to Paris in gesture of sympathy,1,kerry go paris gesture sympathy
Bernie supporters on Twitter erupt in anger against the DNC: 'We tried to warn you!',0,bernie supporter twitter erupt anger dnc try warn
The Battle of New York: Why This Primary Matters,1,battle new york primary matter
"Tehran, USA",0,tehran usa
Girl Horrified At What She Watches Boyfriend Do After He Left FaceTime On,0,girl horrify watch boyfriend leave facetime
‘Britain’s Schindler’ Dies at 106,1,britain schindler die
Fact check: Trump and Clinton at the 'commander-in-chief' forum,1,fact check trump clinton commander chief forum
Iran reportedly makes new push for uranium concessions in nuclear talks,1,iran reportedly make new push uranium concession nuclear talk
"With all three Clintons in Iowa, a glimpse at the fire that has eluded Hillary Clinton’s campaign",1,three clinton iowa glimpse fire elude hillary clinton campaign
Donald Trump’s Shockingly Weak Delegate Game Somehow Got Even Worse,1,donald trump shockingly weak delegate game somehow get even bad
"Strong Solar Storm, Tech Risks Today | S0 News Oct.26.2016 [VIDEO]",0,strong solar storm tech risk today s0 news oct video
10 Ways America Is Preparing for World War 3,0,ways america prepare world war
"Trump takes on Cruz, but lightly",1,trump take cruz lightly
How women lead differently,1,woman lead differently
Shocking! Michele Obama & Hillary Caught Glamorizing Date Rape Promoters,0,shocking michele obama hillary catch glamorize date rape promoter
Hillary Clinton in HUGE Trouble After America Noticed SICK Thing Hidden in this Picture... * LIBERTY WRITERS NEWS,0,hillary clinton huge trouble america notice sick thing hide picture liberty writer news
What's in that Iran bill that Obama doesn't like?,1,iran bill obama not like
The 1 chart that explains everything you need to know about partisanship in America,1,chart explain everything need know partisanship america
The slippery slope to Trump’s proposed ban on Muslims,1,slippery slope trump propose ban muslim
Episode #160 – SUNDAY WIRE: ‘Hail to the Deplorables’ with special guest Randy J,0,episode sunday wire hail deplorable special guest randy
Hillary Clinton Makes A Bipartisan Appeal on Staten Island,1,hillary clinton make bipartisan appeal staten island
New Senate majority leader’s main goal for GOP: Don’t be scary,1,new senate majority leader main goal gop don scary
‘Inferno’ and the Overpopulation Myth,0,inferno overpopulation myth
Anti-Trump forces seek last-ditch delegate revolt,1,anti trump force seek last ditch delegate revolt
Sanders Trounces Clinton in W. Va. -- But Will It Make a Difference?,1,sanders trounce clinton va make difference
Donald Trump Is Changing His Campaign Slogan to Prove He’s Not Racist,1,donald trump change campaign slogan prove not racist
Pure chaos: Donald Trump’s campaign management offers a glimpse into his governing style (spoiler alert: it’s terrible),1,pure chaos donald trump campaign management offer glimpse govern style spoiler alert terrible
"Syrian War Report – November 1, 2016: Syrian Military Deploys Advanced T-90 Battle Tanks to Aleppo",0,syrian war report november syrian military deploy advanced battle tank aleppo
GOP insiders: Carly crushed it,1,gop insider carly crush
Jeffrey Sewell et al. : Metabiology face to face with Artificial Intelligence [VIDEO],0,jeffrey sewell et al metabiology face face artificial intelligence video
Why It’s Necessary To Relax Into A Stretch,0,necessary relax stretch
"Brexit Encourages UK to Trade With Non-EU States, Including Russia",0,brexit encourage uk trade non eu states include russia
"2016 interview with Socrates: Another day of Life in the Empire! Are we near an endgame, or fools to ever ‘hope for change’? (6 of ?)",0,interview socrate another day life empire near endgame fools ever hope change
Mike Pence Drapes Shawl Over Immodest Lady Justice Statue - The Onion - America's Finest News Source,0,mike pence drape shawl immodest lady justice statue onion america fine news source
First Ever Hindu Woman Elected into Congress,0,first ever hindu woman elect congress
Donald Groped Hillary in 2005! Trump and Weiner Sext Each Other!,0,donald grope hillary trump weiner sext
Ex-Assistant FBI Director: Clintons Are a Crime Family,0,ex assistant fbi director clinton crime family
Hillary Wants Aggressively Interventionist Foreign Policy,0,hillary want aggressively interventionist foreign policy
Both parties want to craft populist messages for 2016,1,party want craft populist message
First Take: Wall Street bids goodbye to June hike,1,first take wall street bid goodbye june hike
Real Disclosure! Secret Alien Base Found In Moon's Tycho Crater,0,real disclosure secret alien base find moon tycho crater
Homeless Woman Protects Trump’s Walk of Fame Star From Violent Leftists,0,homeless woman protect trump walk fame star violent leftist
"With 3:20 a.m. tweet storm Saturday, Clinton continues to mock Trump’s Friday ‘meltdown’",1,tweet storm saturday clinton continue mock trump friday meltdown
220 ‘Significant’ Pipeline Spills Already This Year Exposes Troubling Safety Record,0,significant pipeline spill already year expose troubling safety record
Obama makes the right call to tough it out in Afghanistan,1,obama make right call tough afghanistan
Senate race rankings: Dems attack as GOP lays swing-state groundwork,1,senate race ranking dems attack gop lay swing state groundwork
‘He didn’t know the boy didn’t want to be raped’ – court throws out Muslim migrant child sex charge and Germans are in shock,0,didn know boy didn want rap court throw muslim migrant child sex charge german shock
Pieczenik “Rogue FBI Agents and Wikileaks are Spearheading a Movement to Stop the Clintons from Stealing the White House” – TruthFeed,0,pieczenik rogue fbi agent wikileak spearhead movement stop clinton steal white house truthfeed
American politics has reached peak polarization,1,american politic reach peak polarization
Anti-Muhammad cartoon contest: Free speech or deliberately provocative? (+video),1,anti muhammad cartoon contest free speech deliberately provocative video
"3 Effects of Substance Abuse on Individual, Family and Community",0,effect substance abuse individual family community
Tree Shaped Vertical Farms That Grow 24 Acres Of Urban Crops,0,tree shape vertical farm grow acre urban crop
New Comment Features have been Added,0,new comment feature add
World's newspapers react to 'Hebdo' attack,1,world newspaper react hebdo attack
Ying and Yang (the Gold and Silver Set-Up),0,ying yang gold silver set
"Closed primaries, 'warped' democracy?",1,close primary warp democracy
Police Turn In Badges Rather Than Incite Violence Against Standing Rock Protestors,0,police turn badge rather incite violence stand rock protestor
Donald Trump: Hillary Clinton has 'caused tremendous death',1,donald trump hillary clinton cause tremendous death
Detroit women’s Halloween decorations depict ‘real-life horrors’ … such as shootings police by police,0,detroit women halloween decoration depict real life horror shooting police police
Biden makes another surprise political stop,1,biden make another surprise political stop
"Hillary Clinton's declining favorability numbers, in context",1,hillary clinton decline favorability number context
Comment on Quid Pro Quo? Wikileaks Email Reveals Clinton Campaign Eyeing Paul Ryan’s Relative for Supreme Court by lenore.lee,0,comment quid pro quo wikileak email reveal clinton campaign eye paul ryan relative supreme court lenore lee
Hillary Clinton: The criminal investigation keeps moving forward,1,hillary clinton criminal investigation keep move forward
Rubio’s parting shot at Trump,1,rubio parting shoot trump
Loretta Lynch becomes first African-American woman AG.,1,loretta lynch become first african american woman ag
Why it's funny Republicans are upset with Facebook: Column,1,funny republicans upset facebook column
FBI checking if Orlando shooter's wife knew attack plan but didn't warn police,1,fbi check orlando shooter wife know attack plan not warn police
Is google and YouTube in the Hillary's purse?,0,google youtube hillary purse
Handicapping the Hispanic vote for 2016 GOPers,1,handicap hispanic vote goper
Truth Will Out Radio: The Laconia Incident,0,truth radio laconia incident
GOP establishment nightmare? Ted Cruz vs. Donald Trump,1,gop establishment nightmare ted cruz vs donald trump
Bernie Sanders lost poor voters in South Carolina by a big margin — a problem for his political revolution,1,bernie sander lose poor voter south carolina big margin problem political revolution
Should I Get Botox?,0,get botox
Jeb Bush Picks Up Endorsement From Lindsey Graham,1,jeb bush pick endorsement lindsey graham
"2016 Republican race enters a new, volatile phase",1,republican race enter new volatile phase
"‘Hands up, don’t shoot’ was built on a lie",1,hand don shoot build lie
Lavrov and Kerry discuss Syrian settlement,0,lavrov kerry discuss syrian settlement
BREAKING : DOJ Says They Will “HELP” Review the 650K Emails – TruthFeed,0,break doj say help review 650k email truthfeed
Bernie Sanders' call for ouster of two convention co-chairs rejected,1,bernie sander call ouster two convention co chair reject
Five Reasons the New York Democratic Primary Felt Competitive,1,five reason new york democratic primary feel competitive
"To get around Congress, Obama turns to city halls",1,get around congress obama turn city hall
Celebrity Deathmatch: Darkmoon Sages Make Their Final Predictions on US Election,0,celebrity deathmatch darkmoon sage make final prediction we election
John Kerry: ISIS responsible for genocide,1,john kerry isis responsible genocide
Mitt Romney's Re-Invention As Anti-Poverty Warrior,1,mitt romney invention anti poverty warrior
King: Fill the Supreme Court vacancy,1,king fill supreme court vacancy
"Ted Cruz is toast: It’s not just that he won’t be president — his days in the Senate are numbered, too",1,ted cruz toast not win president days senate number
Obama’s speech in Selma was an answer to those who question his love for America,1,obama speech selma answer question love america
Where Does Bernie Sanders Go From Here?,1,bernie sander go
Exclusive: GOP campaigns plot revolt against RNC,1,exclusive gop campaign plot revolt rnc
Revelation Unleashed: Unlocking The Mysteries Of The Bible’s Most Mysterious Book,0,revelation unleash unlocking mystery bible mysterious book
Silent Counter-Coup by 17 Intel Agencies To Stop Crooked Clintons [Video],0,silent counter coup intel agency stop crooked clinton video
"Why Hillary Clinton, not Bernie Sanders, 'won' town hall",1,hillary clinton not bernie sander win town hall
French police hunt two brothers accused of Charlie Hebdo terror attack,1,french police hunt two brother accuse charlie hebdo terror attack
"The Mandela Effect was made by one overlooked 33 year old man, an ascended master (video and proof)",0,mandela effect make one overlook year old man ascend master video proof
CNN: One voter can make a difference by voting repeatedly,0,cnn one voter make difference vote repeatedly
Give Social Security recipients a CEO-style raise,1,give social security recipient ceo style raise
"Fireworks erupt between Trump and Bush, Rubio and Cruz at GOP debate",1,firework erupt trump bush rubio cruz gop debate
"Obama, sounding like his critics, admits no 'complete strategy' for Iraq",1,obama sound like critic admit no complete strategy iraq
How Ted Cruz Became Ted Cruz,1,ted cruz become ted cruz
Newly Approved GM Potatoes Have Potential to Silence Human Genes,0,newly approve gm potato potential silence human gene
Accord reached after Sanders sues the DNC over suspended access to critical voter list,1,accord reach sander sue dnc suspend access critical voter list
Why the latest Patriot Act reform won’t be enough to rein in the NSA,1,late patriot act reform win enough rein nsa
"FBI expands probe of Clinton emails, launches independent classification review",1,fbi expand probe clinton email launch independent classification review
Where is Gary Johnson?,1,gary johnson
"The Arcturian Group by Marilyn Raffaele October 23, 2016 [VIDEO]",0,arcturian group marilyn raffaele october video
Nuclear weapons question,0,nuclear weapon question
Kevin MacDonald celebrates Trump’s Amazing Victory,0,kevin macdonald celebrate trump amazing victory
"The amazing AquTru water filter, version 2.0, is now in stock: I've snagged 500 units for Natural News readers at a deep discount",0,amazing aqutru water filter version stock snag unit natural news reader deep discount
What happens if Clinton drops out?,1,happen clinton drop
Brothers ID'd as suicide bombers in Belgium,1,brother suicide bomber belgium
Glorifying Violence,0,glorify violence
Russia may run out of patience and respond to USA's rudeness,0,russia may run patience respond usa rudeness
The David Duke Show: Hillary’s Treason and Why Trump & Duke Will Win,0,david duke show hillary treason trump duke win
Don't blame all immigrants for San Francisco shooting,1,not blame immigrant san francisco shooting
Netanyahu: I Won't Allow Israel to Be 'Submerged' by Refugees,1,netanyahu not allow israel submerge refugee
APOCALYPSE NOW: Trump Voters Warn Of ‘Revolution’ If Clinton Wins,0,apocalypse trump voter warn revolution clinton win
"Geo-Engineering Unlikely to Work, Conservation Group Says",0,geo engineering unlikely work conservation group say
3 Questions Ahead Of Tonight's Democratic Debate,1,question ahead tonight democratic debate
Obama's terror strategy is failing: US must heed lessons of 9/11,1,obama terror strategy fail we must heed lesson
“Bernie needs to be ground to a pulp.” Leaked Email to John Podesta in February,0,bernie need ground pulp leak email john podesta february
Selma 50 years on: John Lewis's recalls the march,1,selma year john lewis recall march
“We Were Long Overdue A Presidential Assassination Anyway”,0,long overdue presidential assassination anyway
"Flip-flop: Vox warns of serious risk of Election Day violence, and not the good kind either",0,flip flop vox warn serious risk election day violence not good kind either
Third-party presidential candidates fight for 15% in polls – and a spot in debates,1,third party presidential candidate fight poll spot debate
"Bush, Rubio and Kasich eye one another in the shadow of Trump",1,bush rubio kasich eye one another shadow trump
Comey Must Explain Why He Advised Obama Not to Publicly Accuse Russia of Hacking Democrats,0,comey must explain advise obama not publicly accuse russia hack democrat
"Putin Congratulates Trump, Says Russia Is Ready To Restore Relations With The US",0,putin congratulate trump say russia ready restore relation we
Monsieur Malbrough est Mort | New Eastern Outlook,0,monsieur malbrough est mort new eastern outlook
Conspiracy theories swirl around the death of Antonin Scalia,1,conspiracy theory swirl around death antonin scalia
"What is one more election thread, ehhh?",0,one election thread ehhh
McCain: Trump doesn't understand Syria,1,mccain trump not understand syria
Trump manager says 'undercover voters' will deliver win in US election,1,trump manager say undercover voter deliver win us election
Re: WikiLeaks: ‘How is what Bill Clinton did different from what Bill Cosby did?’ #PodestaEmails20,0,wikileak bill clinton different bill cosby podestaemails20
"REPORT: Megyn Trashes Trump, Newt… Then Murdoch Announces Replacements Are Available",0,report megyn trash trump newt murdoch announce replacement available
Suspect captured in ‘ambush-style’ killings of two Iowa cops,0,suspect capture ambush style killing two iowa cop
Re: 10 Things That Every American Should Know About Donald Trump’s Plan To Save The U.S. Economy,0,thing every american know donald trump plan save economy
The next president can have a big impact on climate policy — even without Congress,1,next president big impact climate policy even without congress
Look at the SHOCKING Number of Kids Born To Illegals in 2014,0,look shocking number kid bear illegal
Mother And Daughter Remind MSNBC Reporter That Trump Has Black Supporters,0,mother daughter remind msnbc reporter trump black supporter
Justice Department Staffers Monitor Polls on Election Day,1,justice department staffer monitor poll election day
Elizabeth Warren Just Blasted The FBI Director For Going After Hillary Instead Of Wall Street Crooks,0,elizabeth warren blast fbi director go hillary instead wall street crooks
Poll: 71 percent of Dems think Clinton should keep running even if indicted,1,poll percent dem think clinton keep run even indict
Trumped!,0,trump
Is the Iran deal unraveling? Think again. | Institution,1,iran deal unravel think institution
Saturn’s Baffling Hexagon — The Raging Storm Four Times the Size of Earth has Changed Its Colors,0,saturn baffle hexagon rag storm four time size earth change color
"Cyrus Mistry renames himself Rohit Sharma-Mistry, gets job back",0,cyrus mistry renames rohit sharma mistry get job back
The FBI intervenes in the 2016 election,0,fbi intervene election
"Re: If Donald Trump Wins, He Will Be 70 Years, 7 Months And 7 Days Old On His First Full Day In Office",0,donald trump win year month days old first full day office
Shutdown clash to return in force by December,1,shutdown clash return force december
Classless Obama Refuses Photo-Op of White House Welcome with Trump,0,classless obama refuse photo op white house welcome trump
Comment on Maryland Trump Supporter: They Switched My Vote to Hillary by misterdawg,0,comment maryland trump supporter switch vote hillary misterdawg
Stuff in the News That No One Is Talking About Because of the Election,0,stuff news no one talk election
Blizzard of charges and countercharges melts away as opinions of Trump and Clinton are frozen,1,blizzard charge countercharge melt away opinion trump clinton frozen
Social Media Is Censoring FBI’s Re-Opened Clinton Email Investigation,0,social medium censor fbi open clinton email investigation
Obama Inches Closer to Veto-Proof Support for Iran Nuclear Deal,1,obama inch close veto proof support iran nuclear deal
How Clinton plans to stop Sanders' momentum,1,clinton plan stop sander momentum
Martin O’Malley Praises Senate Democrats for Holding Up Trade Deal,1,martin malley praise senate democrats hold trade deal
Shi’ite Militias Join Iraq’s Mosul Attack,0,shi ite militias join iraq mosul attack
‘Super PAC’ Gets Early Start on Pushing for a 2016 Clinton Campaign,1,super pac get early start push clinton campaign
Christianity under attack: US must do more to promote religious freedom,1,christianity attack we must promote religious freedom
U.S. Taxpayers Pay AT&T Millions of Dollars a Year For the Privilege of Spying on Them,0,taxpayer pay million dollar year privilege spy
VIDEO: Journalist Shot by Militarized Police at Standing Rock While Conducting an Interview,0,video journalist shoot militarize police stand rock conducting interview
"Buffett: If I Ran Fed, I Would Not Raise Rates Significantly",1,buffett run fed would not raise rate significantly
Are Tensions With Russia Even Real?,0,tension russia even real
Iran agrees to nuclear restrictions in framework deal with world powers,1,iran agree nuclear restriction framework deal world power
Comment on This Is What Constipation Does To Your Body by THIS IS WHAT CONSTIPATION DOES TO YOUR BODY | TheHealthology,0,comment constipation body constipation body thehealthology
Fifteen Quotes Proving False Flag Terrorism & the Existence of a ‘Shadow Government’,0,fifteen quote prove false flag terrorism existence shadow government
"Bernie Sanders’s vast universe of donors, mapped",1,bernie sander vast universe donor map
"Former Ambassador Andrew Young calls for end to water fluoridation, “Civil Rights Issue”",0,former ambassador andrew young call end water fluoridation civil right issue
Trump's New Ad Portraying 'Every Mother's Worst Nightmare' is Nothing Short of Chilling,0,trump new ad portray every mother bad nightmare nothing short chill
Undercover Video Exposes Obama’s Plan to Make American “Gun Laws” More Like Britain – TruthFeed,0,undercover video expose obama plan make american gun law like britain truthfeed
So That Happened: Did Obama Forget That The GOP Runs Congress?,1,happen obama forget gop run congress
"Syrian War Report – November 2, 2016: ISIS and Al-Nusra Attempt to Cut Off Govt Supply Line to Aleppo",0,syrian war report november isis al nusra attempt cut govt supply line aleppo
Should Christians Celebrate Halloween?,0,christians celebrate halloween
Sunday in Charleston: Worship at Emanuel AME,1,sunday charleston worship emanuel ame
Only Making Matters Worse in Syria,0,make matter bad syria
"FACT CHECK: Hillary Clinton's Speech To The Democratic Convention, Annotated",1,fact check hillary clinton speech democratic convention annotate
BUSTED: Clinton Foundation Directly Tied To Plot To Steal Election,0,bust clinton foundation directly tie plot steal election
Connecticut Becomes First State To Boycott Indiana Over LGBT Discrimination Law,1,connecticut become first state boycott indiana lgbt discrimination law
Scott Walker Confronts Doubts About His Grasp of Foreign Policy,1,scott walker confront doubt grasp foreign policy
Iran carries out new ballistic missile test,1,iran carry new ballistic missile test
Assange: Donald Trump Won’t Be Allowed to Win – Clinton & ISIS Funded by Same Interests,0,assange donald trump win allow win clinton isis fund interest
Why Joe Biden can't get no respect,1,joe biden can not get no respect
"Come on, Paul Ryan must be running in 2016, right? Right?",1,come paul ryan must run right right
Why Bernie Sanders needs to start winning big states — big,1,bernie sander needs start win big state big
Leaked: What’s in Obama’s trade deal,1,leak obama trade deal
"Michael Moore admits no women ever melted the ice caps, bombs American history",0,michael moore admit no woman ever melt ice cap bomb american history
Someone Isn't Telling The Truth About Freddie Gray's Death,1,someone not tell truth freddie gray death
Prison employee pleaded not guilty to aiding escape of two murderers,1,prison employee plead not guilty aid escape two murderer
Culchie Tries To Explain Rules Of 25 One More Time,0,culchie try explain rule one time
Election Day: No Legal Pot In Ohio; Democrats Lose In The South,1,election day no legal pot ohio democrats lose south
President Trump: A colossal failure for democracy and our terrifying new reality,1,president trump colossal failure democracy terrify new reality
Who had to go :-),0,go
Raqqa/Mosul: Politicians Fiddle As Middle East Burns,0,raqqa mosul politician fiddle middle east burn
Chris Christie losing home-state donors as Jeb Bush makes inroads,1,chris christie lose home state donor jeb bush make inroad
Washington Home Depot store receives order for five-thousand gallons of gold exterior paint,0,washington home depot store receive order five thousand gallon gold exterior paint
Western Lynch Mob on Russia Ties Itself up in Absurd Anots      : Information,0,western lynch mob russia tie absurd anot information
Can Sanders rally supporters around Clinton after DNC email leak?,1,sanders rally supporter around clinton dnc email leak
'Historic' climate deal in sight as nations parse final text,1,historic climate deal sight nation parse final text
We Live In A Time Where Each Individual Has Immense Power,0,live time individual immense power
"Trump slams 'corrupt' media, as more women make sexual assault claims",1,trump slam corrupt medium woman make sexual assault claim
Only Demented Imbeciles Want A Killary Reign Of Terror,0,demented imbecile want killary reign terror
This anti-Trump advert on the side of a bus is really visually clever and you have to see it in motion,0,anti trump advert side bus really visually clever see motion
Americans Are So Disconnected From Reality That “Insouciant” Has Become An Euphemism,0,americans disconnect reality insouciant become euphemism
The 5 unspoken rules for covering Hillary Clinton,1,unspoken rule cover hillary clinton
"Hillary Melts Down Over Weiner In Public, PICS Prove Campaign Is Imploding",0,hillary melt weiner public pic prove campaign imploding
Clinton Vs. Trump: Latest Electoral Prediction [Greg Laden's Blog] | Science and Technology,0,clinton vs trump late electoral prediction greg laden blog science technology
Jubilee Year of Mercy ends on November 20. Following Judgment?,0,jubilee year mercy end november follow judgment
Iraq launches operation against ISIS in Anbar province,1,iraq launch operation isis anbar province
UKIP MEPs Steven Woolfe & Mike Hookem reported to French police over Strasbourg scuffle,0,ukip meps steven woolfe mike hookem report french police strasbourg scuffle
Justices Kennedy and Scalia and their divide on gay rights,1,justices kennedy scalia divide gay right
Justice Clarence Thomas Describes Washington DC As “Broken”,0,justice clarence thomas describe washington dc break
"The Week In Pictures – Week Of October 31, 2016 - The Onion - America's Finest News Source",0,week picture week october onion america fine news source
Jeb Bush's Foreign Policy Plan: More Military Spending Will 'Encourage Peace',1,jeb bush foreign policy plan military spending encourage peace
"John Kasich: He’s Conservative, but at Least He’s Sane",1,john kasich conservative least sane
2006 Audio Emerges of Hillary Clinton Proposing Rigging Palestine Election,1,audio emerge hillary clinton propose rig palestine election
Authorities search for clues after raid thwarts potential 'Belgian Charlie Hebdo' attack,1,authority search clue raid thwart potential belgian charlie hebdo attack
8 classic football banners of our time,0,classic football banner time
Tweetwave,0,tweetwave
Trump’s Gettysburg Address against the New World Order,0,trump gettysburg address new world order
Debate Goals for the Democratic Candidates,1,debate goal democratic candidate
'Spinning up as we speak': Email shows Pentagon was ready to roll as Benghazi attack occurred,1,spin speak email show pentagon ready roll benghazi attack occur
A Case Study On Why The Obamacare Lawsuit Is Based On Mythical History,1,case study obamacare lawsuit base mythical history
Trump Proudly Declares: Most Of The People I’ve Insulted Deserved It,0,trump proudly declare people insult deserve
Dems sue GOP over Trump's 'rigged' complaints,0,dem sue gop trump rig complaint
US Airstrikes on Iraqi Army Slowing Advance on Mosul,0,we airstrike iraqi army slow advance mosul
Iran letter blowback startles GOP,1,iran letter blowback startle gop
"Clinton Camp Desperate, Russia Trains for WWIII",0,clinton camp desperate russia train wwiii
Donald Trump's GOP civil war,1,donald trump gop civil war
Comment on Tainted Measles Vaccine Kills More Than 50 Children In Syria by Tragic Deaths Used To Promote Vaccine Fear – On The Fence About Vaccines,0,comment taint measle vaccine kill child syria tragic death use promote vaccine fear fence vaccine
Laura Bush hints she'd rather see Hillary as president,1,laura bush hint rather see hillary president
"Scott Walker, Rick Perry show limits of super PACs",1,scott walker rick perry show limit super pac
If Catcalls Were Politically Correct…,0,catcall politically correct
Why Hillary Won't Unleash WWIII    : Information,0,hillary not unleash wwiii information
Is It Time To Reconsider Lifetime Appointments To The Supreme Court?,1,time reconsider lifetime appointment supreme court
"Clinton has delegates to win Dem nomination, AP reports; Sanders questions tally",1,clinton delegate win dem nomination ap report sander question tally
Hillary IMPLODES: Trump 'Took Everything...Paid Nothing To Support Us!',0,hillary implode trump take everything pay nothing support we
"Trump says Obama born in US, ‘period’ – after new ‘birther’ dust-up",1,trump say obama bear we period new birther dust
"MH370: If debris is part of missing plane, what's next?",1,mh370 debris part miss plane next
GOOGLE PLANNED MASSIVE AI INTEGRATED SOCIAL NETWORK SPY TOOL FOR HILLARY CAMPAIGN IN 2014,0,google plan massive ai integrate social network spy tool hillary campaign
Israel stole classified US information and used it to help congressional Republicans,1,israel steal classify us information use help congressional republican
"""America has a simple ideology"": how one of Russia's top US experts explains America",1,america simple ideology one russia top us expert explain america
Poll shows Trump made up 13 points in under 2 weeks — now he likes polls again,1,poll show trump make point week like poll
"Chaos on House floor as Dems, Republicans clash over LGBT proposal",1,chaos house floor dem republicans clash lgbt proposal
"New Study Links Fluoride Consumption To Hypothyroidism, Weight Gain, And Worse",0,new study link fluoride consumption hypothyroidism weight gain bad
"Clinton, Sanders accuse Trump of inciting violence",1,clinton sander accuse trump inciting violence
Memo to the Next Administration: Defense Spending Must Be For Actual Defense,0,memo next administration defense spending must actual defense
"In New Responses, Hillary Clinton Insists Email Setup A Matter Of 'Convenience'",1,new response hillary clinton insist email setup matter convenience
Trump mulls alternative options for making Mexico finance 'the wall',1,trump mull alternative option make mexico finance wall
The circus of liars - America's three rings of evil clowns,0,circus liars america three ring evil clown
"Donald Trump said ‘university’ was all about education. Actually, its goal was: ‘Sell, sell, sell!’",1,donald trump say university education actually goal sell sell sell
Trump Has Forever Changed American Politics,0,trump forever change american politic
Kerry Adviser Marie Harf in Twitter Fight Over Iran Nukes,1,kerry adviser marie harf twitter fight iran nuke
"The role of the US and Nato in EU relations with China, by Manlio Dinucci",0,role we nato eu relations china manlio dinucci
The Daily 202: Many African Americans unenthusiastically ‘settle’ for Hillary Clinton,1,daily many african americans unenthusiastically settle hillary clinton
"100,000 people have come to recent Bernie Sanders rallies. How does he do it?",1,people come recent bernie sander rally
Trump The President: What Does That Mean For The World? - CounterCurrents.org,0,trump president mean world countercurrents org
"'You've been fleeced': Congress grills Kerry, Obama officials on Iran nuke deal",1,fleece congress grill kerry obama official iran nuke deal
"What 20,000 pages of hacked WikiLeaks emails teach us about Hillary Clinton",1,page hack wikileak email teach we hillary clinton
Comment on Breaking: CDC Blocks Testimony of Their Senior Scientist Who Blew The Whistle on Severe Medical Malpractice by CDC Accused of Blocking Testimony from Senior Scientist — New York Malpractice & Injury Lawyer Blog,0,comment break cdc block testimony senior scientist blow whistle severe medical malpractice cdc accuse block testimony senior scientist new york malpractice injury lawyer blog
FOX News Just Admitted It Made Up Story About Hillary Being “Indicted” For Foundation,0,fox news admit make story hillary indict foundation
Repudiating the Media,0,repudiate medium
Buchanan Smashes CNN Shill,0,buchanan smash cnn shill
The Impossible Is Happening: Cubs Win World Series and Yes… Hillary Clinton is Now Likely to be Indicted,0,impossible happening cub win world series yes hillary clinton likely indict
America After Election 2016: the Gullible and the Shattered - David Kerans,0,america election gullible shatter david keran
Anderson Cooper Absolutely OWNS Kellyanne Conway After FBI Clears Hillary…Again (VIDEO),0,anderson cooper absolutely own kellyanne conway fbi clear hillary video
‘Schlonged!’ NYT: FBI reopened Hillary probe thanks to … ANTHONY WEINER?,0,schlonge nyt fbi reopen hillary probe thank anthony weiner
What do Americans really think of election coverage?,1,americans really think election coverage
Exclusive: Siege of Islamabad,0,exclusive siege islamabad
The Fix Is In: NBC Affiliate Accidentally Posts Election Results A Week Early: Hillary Wins Presidency 42% to Trump’s 40%,0,fix nbc affiliate accidentally post election result week early hillary win presidency trump
Lynch schools the wingnuts: How the right tried — and failed — to wound Obama’s AG nominee,1,lynch schools wingnut right try fail wound obama ag nominee
"Yes, Ted Cruz could win",1,yes ted cruz could win
"‘Can’t build a wall, hands too small!’ – NYC anti-Trump protest (Streamed live)",0,build wall hand small nyc anti trump protest stream live
Trump advisors try to pivot not fishtail,1,trump advisor try pivot not fishtail
"Christians drop, 'nones' soar in new religion portrait",1,christian drop none soar new religion portrait
Comment on Brother of Clinton’s Campaign Chair is an Active Foreign Agent on the Saudi Arabian Payroll by marlene,0,comment brother clinton campaign chair active foreign agent saudi arabian payroll marlene
Inside the Deliberations of a Hillary Clinton Campaign Launch,1,inside deliberation hillary clinton campaign launch
American Express disowns Pink Floyd singer Roger Waters because of pro-Palestinian views,0,american express disown pink floyd singer roger water pro palestinian view
Clinton condemns Trump over Chicago violence,1,clinton condemn trump chicago violence
"In France, a growing debate over why some speech is protected and some isn’t",1,france grow debate speech protect isn
President-Elect Donald Trump's First Televised Interview Since He Won the Election     : Information,0,president elect donald trump first televise interview since win election information
North Carolina Hillary Supporter Brags on Facebook About Voting Multiple Times,0,north carolina hillary supporter brag facebook voting multiple time
Russia reacts to UN aid chief's Aleppo 'kill zone' remarks,0,russia react un aid chief aleppo kill zone remark
Representative Government or Thugocracy?,0,representative government thugocracy
Gay rights and religious liberty: Can Americans have both?,1,gay right religious liberty americans
"As Rand Paul stalls, Ted Cruz seeks to pick up support among libertarians",1,rand paul stalls ted cruz seeks pick support among libertarian
“A dream come true for Hillary Clinton”: Wall Street Journal editorial board rips Ted Cruz,1,dream come true hillary clinton wall street journal editorial board rips ted cruz
Obama Presses Putin to Strike Ukraine Peace Deal,1,obama press putin strike ukraine peace deal
"Trumka: Disappointment with Obama, a warning for Hillary",1,trumka disappointment obama warning hillary
Pro-Palestinian Propaganda Lowering Standards of Truth in America,0,pro palestinian propaganda lower standard truth america
Wingnuts have a death-grip on Congress: Why Paul Ryan can’t control the House GOP,1,wingnut death grip congress paul ryan control house gop
Lifting weights could ward off dementia and make you smarter,0,lift weight could ward dementia make smart
People excited about Christmas adverts told about rest of human culture,0,people excite christmas advert tell rest human culture
State Department warns of possible terror attack in South Africa,1,state department warn possible terror attack south africa
Who Lost Iraq?,1,lose iraq
Pope Francis implores Congress to accept immigrants as their own,1,pope francis implore congress accept immigrant
"Poll: Trump gains in Iowa, still dominates in New Hampshire",1,poll trump gain iowa still dominate new hampshire
Rand Paul Goes on Senate Floor to Protest NSA Spying Measure,1,rand paul go senate floor protest nsa spy measure
China Airport Security Robot Gives Electroshocks,0,china airport security robot give electroshock
Obama Details His Disappointment With Netanyahu In First Post-Election Comments,1,obama details disappointment netanyahu first post election comment
"Re: WikiLeaks: Neera Tanden has ANOTHER ringing endorsement for Hillary! (No, not really)",0,wikileak neera tanden another ringing endorsement hillary no not really
Reality Check: First Clinton v Trump presidential debate,1,reality check first clinton trump presidential debate
Doomsday Election,0,doomsday election
John Kasich’s Advice for Women to Prevent Sexual Assault: Avoid Parties “Where There’s a Lot of Alcohol”,1,john kasich advice woman prevent sexual assault avoid party lot alcohol
The system set Boehner up for failure,1,system set boehner failure
Gay marriage victory at Supreme Court triggering backlash,1,gay marriage victory supreme court trigger backlash
Who rode it best? Jesse Jackson mounts up to fight pipeline; Leonardo DiCaprio to the rescue?,0,ride good jesse jackson mounts fight pipeline leonardo dicaprio rescue
McCarthy drops out of speaker race as House asks: Who wants this job? (+video),1,mccarthy drop speaker race house ask want job video
"Democrats, Republicans in tight races as Iowans prepare to caucus",1,democrats republicans tight race iowan prepare caucus
Iran: Why the best outcome now is to keep negotiating without reaching a deal,1,iran good outcome keep negotiate without reach deal
NAZI Flying Saucers & A Permanent Base in Antarctica,0,nazi flying saucer permanent base antarctica
BREAKING: Man Brags on Facebook of Voting 3 Times… Then Reveals How He Did It,0,break man brag facebook voting time reveal
Furious parents slam ‘damaging’ BBC sex change show aimed at six-year-olds,0,furious parent slam damaging bbc sex change show aim six year old
Trump Family Say Trump Brand Has NOT Been Damaged,0,trump family say trump brand not damage
Rand Paul is flatlining,1,rand paul flatlining
Nurse Chris Christie Quarantined For Ebola Goes After Governor On Vaccines,1,nurse chris christie quarantine ebola go governor vaccine
Can Paul Ryan and Donald Trump coexist within the Republican Party?,1,paul ryan donald trump coexist within republican party
"Cruz copying me on border wall, Trump says",1,cruz copy border wall trump say
John Oliver: America’s Increasingly Segregated Schools Are ‘Very Rarely Equal in Any Way’ (Video),0,john oliver america increasingly segregate school rarely equal any way video
The Rise of Mandatory Vaccinations Means the End of Medical Freedom,0,rise mandatory vaccination mean end medical freedom
Scientists Fascinated By Lake Under The Sea: Those Who Enter Never Come Out [Watch],0,scientist fascinate lake sea enter never come watch
Jeb Bush loses TV ad edge to Marco Rubio,1,jeb bush lose tv ad edge marco rubio
"Russia, India Discuss FGFA Advanced Fighter, Su-30MKI Upgrade",0,russia india discuss fgfa advanced fighter su 30mki upgrade
"Our real police/race problem: Diverse forces, white resentment, and America’s persistent divides",1,real police race problem diverse force white resentment america persistent divide
The Supreme Court cannot hide on Obamacare,1,supreme court can not hide obamacare
BREAKING : TED CRUZ CALLS FOR SPECIAL PROSECUTOR TO INVESTIGATE HILLARY – TruthFeed,0,break ted cruz call special prosecutor investigate hillary truthfeed
"Poll: Hillary Clinton, Bernie Sanders both top Trump",1,poll hillary clinton bernie sanders top trump
Donald Trump revokes Washington Post press access (+video),1,donald trump revoke washington post press access video
The Real Reason Obamacare is Coming Unglued,0,real reason obamacare come unglued
How Jeb Bush can avoid being the Jon Huntsman of 2016,1,jeb bush avoid jon huntsman
Revived Clinton Email Scandal Killed By A Slew Of New Facts In Record Time,0,revive clinton email scandal kill slew new fact record time
Iraq’s Skies Darken as Islamic State Torches Oil,0,iraq sky darken islamic state torch oil
New Yorkers fight to overturn ballot selfie ban,0,new yorker fight overturn ballot selfie ban
Poll finds Ben Carson knocks Donald Trump from top spot nationally,1,poll find ben carson knock donald trump top spot nationally
“I’m glad that he won”: The surprising Palestinian reaction to Netanyahu’s win,1,glad win surprising palestinian reaction netanyahu win
George W. Bush’s Ethics Lawyer Files Complaint Against FBI Director James Comey,0,george bush ethic lawyer file complaint fbi director james comey
Netflix Ceo: TV’s Future includes Hallucination Pills,0,netflix ceo tv future include hallucination pill
Ernst to Trump: Stop with the name-calling,1,ernst trump stop name call
Comment on Elections 2012-16 by BeamMeUpScotty,0,comment election beammeupscotty
After Debate Duke Says USA becoming Banana Republic,0,debate duke say usa become banana republic
"NOW FIVE FBI FIELD OFFICES ARE PROBING CLINTON CHARITY, ADDING FUEL TO THE FIRE",0,five fbi field office probe clinton charity add fuel fire
White House: GOP Has Failed to Put ‘Points on the Board’,1,white house gop fail put point board
The Daily 202: The presidency is Hillary Clinton’s to lose. Here are 12 ways she could lose it.,1,daily presidency hillary clinton lose way could lose
"Do Democrats Want What Bernie Wants, Or Just What Bernie Has?",1,democrats want bernie want bernie
Podesta wiki leaks...We prefer Muslims over Christians....,0,podesta wiki leak prefer muslim christian
Critics Pounce on Madeleine Albright’s Exhortation to Women to Back Clinton,1,critic pounce madeleine albright exhortation woman back clinton
Clinton doubles down on disputed claim FBI found her email remarks 'truthful',1,clinton double dispute claim fbi find email remark truthful
How the Clintons’ Haiti development plans succeed — and disappoint,1,clinton haiti development plan succeed disappoint
Of Course Facebook Is Biased. Its Real Problem Is That It Won’t Admit It.,1,course facebook biased real problem win admit
Tax Calculator: The federal debt,1,tax calculator federal debt
Trump and advisers remain split on how far to move toward the middle,1,trump adviser remain split far move toward middle
Clinton in the final stretch: winning over anti-Trump contingent may be best play,1,clinton final stretch win anti trump contingent may well play
Australian taxpayers charged over $88 million for donation to corrupt Clinton Foundation,0,australian taxpayer charge million donation corrupt clinton foundation
Vatican Ends Scrutiny Of U.S. Nuns,1,vatican end scrutiny nun
How Clinton’s email scandal took root,1,clinton email scandal take root
Jews ‘blamed for Holocaust’ at House of Lords event,0,jews blame holocaust house lord event
The Disappearing Middle: Electorate Way Less Moderate Than Past Primaries,1,disappear middle electorate way less moderate past primary
"Hannity: WikiLeaks Has Proven That ""Everything The Conspiracy Theorists Said"" Was True",1,hannity wikileak prove everything conspiracy theorist say true
Russia successfully tests its first-ever hypersonic weapon,0,russia successfully test first ever hypersonic weapon
The Hulk Actor Mark Ruffalo Has Joined Standing Rock to Protest DAPL,0,hulk actor mark ruffalo join stand rock protest dapl
AP FACT CHECK: The Republican debaters and the facts,1,ap fact check republican debater fact
Why the drop in income inequality?,1,drop income inequality
Walmart Goes Against The Grain Of Obama’s America With New Thanksgiving Ad,0,walmart go grain obama america new thanksgiving ad
Senate Makes History By Confirming Loretta Lynch As U.S. Attorney General,1,senate make history confirm loretta lynch attorney general
Manhunt for escaped killers expands to Vermont,1,manhunt escape killer expand vermont
The Path To Total Dictatorship: America’s “Shadow Government” And Its Silent Coup,0,path total dictatorship america shadow government silent coup
To the Youth a Day After the Election: Another World Is Possible,0,youth day election another world possible
Physical Gold Demand and Fear,0,physical gold demand fear
Protester charged with shooting officers in Ferguson,1,protester charge shooting officer ferguson
Comment on U.S. war with Iran has already begun by جنگ ارزی آمریکا علیه ایران / مورد مطالعاتی سال 1390 - کدآمایی,0,comment war iran already begin جنگ ارزی آمریکا علیه ایران مورد مطالعاتی سال کدآمایی
It’s not the ‘locker-room’ talk. It’s the ‘lock her up’ talk.,1,not locker room talk lock talk
"GOP braces for Trump loss, roiled by refusal to accept election results",1,gop brace trump loss roil refusal accept election result
If You Have One Of These Old VHS Tapes It May Be Worth Over $1000,0,one old vhs tape may worth
Obama: Trump is ‘unfit to serve as president’,1,obama trump unfit serve president
Pope Francis met Kim Davis: why it matters in fight over religious freedom (+video),1,pope francis meet kim davis matter fight religious freedom video
Study: Phytochemical Found In Broccoli And Cauliflower Attacks Prostate Cancer Cells,0,study phytochemical find broccoli cauliflower attack prostate cancer cell
David Duke wins Louisiana Senate Debate in Landslide despite BLM Riots,0,david duke win louisiana senate debate landslide despite blm riot
Paris Tragedy Could Shake Up 2016 Race,1,paris tragedy could shake race
Hillary Clinton Is Now Radioactive – SoT #122,0,hillary clinton radioactive sot
2016's first GOP debate: Six things to look for in Charleston,1,first gop debate six thing look charleston
Black Hawk crashes off Florida; human remains found,1,black hawk crash florida human remain find
VIDEO: Creepy Clown Gets Pistol-Whipped!,0,video creepy clown get pistol whip
THE VISION THING 16    : Information,0,vision thing information
"Drudge, Koch, Soros, Bezos: These 4 non-politicians will determine the next president",1,drudge koch soros bezos non politician determine next president
The Other Way of Knowing,0,way know
Obama and Putin outline competing visions on Syria,1,obama putin outline compete vision syria
Comment on Police Officer’s Wife Caught Faking a Robbery In a Scheme To Frame Black Lives Matter by The Cat's Vagina (Nasty Woman),0,comment police officer wife catch fake robbery scheme frame black life matter cat vagina nasty woman
Is the GOP losing Walmart?,1,gop lose walmart
Supreme Court Decides to Weigh in On Transgender Rights,0,supreme court decide weigh transgender right
If Hillary Clinton Is Charged With Obstruction Of Justice She Could Go To Prison For 20 Years,0,hillary clinton charge obstruction justice could go prison year
"'Top secret' emails on Clinton server discussed drone program, may reference classified info",1,top secret email clinton server discuss drone program may reference classify info
Miracles Man: Metaxas Vs. Closed Minds And A Closed Universe,1,miracle man metaxas vs closed mind close universe
Obamacare Premiums Spike an Average of 25%!,0,obamacare premium spike average
Collective Consciousness – The Individual is Gone,0,collective consciousness individual go
Obama on gun control: His emotional evolution,1,obama gun control emotional evolution
What Scientists Found Inside This 800-Year-Old Pot... Is Changing History!,0,scientist find inside year old pot change history
The Clock Is Ticking And Republicans Still Have No Serious Obamacare Alternative,1,clock tick republican still no serious obamacare alternative
Trump treads on tradition in New Hampshire,1,trump tread tradition new hampshire
GOP presidential candidates hammer on 'top secret' Clinton emails in final days before Iowa Caucus,1,gop presidential candidate hammer top secret clinton email final day iowa caucus
"Cleveland, Justice Department Reach Policing Deal",1,cleveland justice department reach police deal
Physicists Say Consciousness Should Be Considered A State of Matter: The “Non Physical” Is Real,0,physicist say consciousness consider state matter non physical real
"A GOP Weekend, Courtesy Of The Koch Network And Citizens United",1,gop weekend courtesy koch network citizen unite
"Juan Williams: My bets on Trump, Clinton vice presidential picks",1,juan williams bets trump clinton vice presidential pick
How Trump And Clinton Are Framing Their Closing Arguments,1,trump clinton frame close argument
Scott Walker and questioning Obama’s faith,1,scott walker question obama faith
What Is Hillary’s Greatest Accomplishment?,1,hillary great accomplishment
"Iranians Spend $2.1b on Beauty Products Annually, 3 Times more than Their European Counterparts",0,iranians spend 1b beauty product annually time european counterpart
"Sanders, Trump easily win West Virginia primary; Trump picks up Nebraska too",1,sander trump easily win west virginia primary trump pick nebraska
"Clinton, Sanders to Face Off in 1st Democrat Debate",1,clinton sander face 1st democrat debate
#InNorthDakota ~~ PALESTINIANS STAND WITH THE SIOUX,0,innorthdakota palestinians stand sioux
"Human remains suggest explosion brought down EgyptAir plane, forensics official says",1,human remain suggest explosion bring egyptair plane forensic official say
US officials scanning terror databases in search for Paris attack suspects,1,us official scan terror database search paris attack suspect
"ISIS Declares It Will kill Palestinians “One By One”’, Yet Remains Quiet On Israel",0,isis declare kill palestinians one one yet remain quiet israel
"Hillary, The Political Scientist",0,hillary political scientist
"BOOM! This Is How President Reagan Handled Protesters: ""Negotiate? What is there to negotiate?"" [Video] » 100percentfedUp.com",0,boom president reagan handle protester negotiate negotiate video 100percentfedup com
Clinton Picks Up The First Major Labor Endorsement Of 2016,1,clinton pick first major labor endorsement
Links 11/12/16,0,link
Obama: Syria war unlikely to end during his presidency,1,obama syria war unlikely end presidency
'Blue and Brave': Illinois town rallies around police as search for officer's killer goes on,1,blue brave illinois town rally around police search officer killer go
Senate Advances Bill To Approve Keystone Pipeline Despite Obama's Veto Threat,1,senate advance bill approve keystone pipeline despite obama veto threat
Comment on Indoor Gardening Made Easy: The Nutritower! by Indoor Gardening Made Easy: The Nutritower! – Collective EvolutionGardening Business News UK | Gardening Business News UK,0,comment indoor gardening make easy nutritower indoor gardening make easy nutritower collective evolutiongardene business news uk gardening business news uk
US abstains from UN vote calling for end to Cuban embargo,0,we abstain un vote calling end cuban embargo
Young Turks Finds Out Why Trump Is About To Lose Utah For Republicans For First Time In Decades (VIDEO),0,young turk find trump lose utah republicans first time decade video
Comment on Mayor de Blasio claims hot dog carts are causing global warming by Dr. Eowyn,0,comment mayor de blasio claim hot dog cart cause global warming dr eowyn
Momentum to bar Syrian refugees slows,1,momentum bar syrian refugee slow
New evidence that the legal immigration system discriminates against Latin Americans,1,new evidence legal immigration system discriminate latin americans
"America Might Not Deserve Trump, But Dems and Hillary Deserved To Lose",0,america might not deserve trump dem hillary deserve lose
Media turn blind eye to Hillary Clinton’s glaring mistakes,1,medium turn blind eye hillary clinton glare mistake
State Department admits to deliberately cutting briefing footage on Iran deal,1,state department admits deliberately cut briefing footage iran deal
"U.S. Economy Added 271,000 Jobs In October, Beating Expectations",1,economy add job october beat expectation
"Hillary Clinton narrowly wins Kentucky, a state Bernie Sanders needed by huge margins",1,hillary clinton narrowly win kentucky state bernie sander need huge margin
"No, it's not 'World War 3'",1,no not world war
49 killed in shooting at Florida nightclub in possible act of Islamic terror,1,kill shoot florida nightclub possible act islamic terror
Just Another Day In the Life of the Clinton Crime Family,0,another day life clinton crime family
Muslims regularly use “Inshallah” (“God Willing” in Arabic) and nobody calls it ‘Christophobic’ hate speech…so why is “Deus Vult” (“God Willing” in Latin) graffiti being called ‘Islamophobic’ Crusader hate speech?,0,muslims regularly use inshallah god willing arabic nobody call christophobic hate speech deus vult god willing latin graffiti call islamophobic crusader hate speech
"Extreme rhetoric helping Cruz, Trump, Duke leaders say",1,extreme rhetoric help cruz trump duke leader say
"Hillary Clinton, FBI and the Real November Surprise     : Information",0,hillary clinton fbi real november surprise information
The Benghazi bust: Trey Gowdy and his GOP colleagues embarrassed themselves,1,benghazi bust trey gowdy gop colleague embarrass
"Obama seeks global climate pact in Paris, amid resistance at home",1,obama seek global climate pact paris amid resistance home
"2 deaths possibly linked to 'superbug' at UCLA hospital after 7 infected, 179 exposed",1,death possibly link superbug ucla hospital infect expose
Breaking: Ivanka Trump Makes Tragic Announcement Both Donald Trump and Supporters Are Shocked (Video) | Prophecy,0,break ivanka trump make tragic announcement donald trump supporter shock video prophecy
GOP Senator Silences the Entire Room With Remark About War Hero Opponent's Heritage at Debate,0,gop senator silence entire room remark war hero opponent heritage debate
2:00PM Election Day Water Cooler 11/8/2016,0,00pm election day water cooler
News: A Somber Moment: Cubs Fans All Over The World Are Still Too Sad About Princess Diana To Celebrate The Cubs’ World Series,0,news somber moment cub fan world still sad princess diana celebrate cubs world series
Clinton media campaign follows BuzzFeed model,1,clinton medium campaign follow buzzfeed model
Your Facebook Page Could Land You In a FEMA Camp,0,facebook page could land fema camp
Watching These 55 ISIS Terrorists Get Blown to Smithereens is Sure to Brighten Your Day,0,watch isis terrorist get blow smithereen sure brighten day
"Exclusive: More than 100 lawsuits, disputes over taxes tied to Trump and his companies",1,exclusive lawsuit dispute taxis tie trump company
Your dog probably has better healthcare than you do,0,dog probably well healthcare
Get Ready For Civil Unrest: Survey Finds That Most Americans Are Concerned About Election Violence,0,get ready civil unrest survey find americans concerned election violence
Historic firsts fill evening at Democratic National Convention,1,historic first fill evening democratic national convention
Retired Bishop Explains Why The Catholic Church Invented Hell [Watch],0,retire bishop explain catholic church invent hell watch
"Cruz camp responds to Rubio Photoshop flap, brushes off criticism",1,cruz camp respond rubio photoshop flap brush criticism
Will a No-Fly Zone Help the People of Aleppo?,0,no fly zone help people aleppo
"Experts Recommend Breaking Down Crushing Defeats Into Smaller, More Manageable Failures - The Onion - America's Finest News Source",0,expert recommend breaking crush defeat small manageable failure onion america fine news source
"Comment on Score one for the Second Amendment: Pizza Hut worker shoots, kills attempted robber by lynnmccrann",0,comment score one second amendment pizza hut worker shoot kill attempt robber lynnmccrann
War on Drugs Heading in Wrong Direction?,0,war drug head wrong direction
"It Begins: Crowds Mass In Major Cities: DC, LA, NYC, Philly, Portland, More… | Will It Escalate? | “95% Chance Of Widespread Violence”",0,begin crowd mass major city dc la nyc philly portland escalate chance widespread violence
Hillary Fan SLEEPS At Rally! Snoozy Smurf Steals Show! (ABC News) Coconut Creek FLA,0,hillary fan sleep rally snoozy smurf steal show abc news coconut creek fla
"Neighbors Smell Smoke At Muslim Home, What They See In Window Is Horrific",0,neighbor smell smoke muslim home see window horrific
Ben Carson Throws Support Behind Donald Trump,1,ben carson throw support behind donald trump
The Middle East Crises Trump Inherits Could Still Suck Him in,0,middle east crisis trump inherit could still suck
"Clinton and Trump: How they view ISIS, Putin, and US generals",1,clinton trump view isis putin us general
John Kirby and the US State Department Blatantly Support Terrorists - Henry Kamens,0,john kirby us state department blatantly support terrorist henry kamen
"Paul Ryan’s big speaker hangup is reportedly his family. For a male lawmaker, that’s unusual.",1,paul ryan big speaker hangup reportedly family male lawmaker unusual
"McCarthy withdraws from speaker race, vote postponed",1,mccarthy withdraws speaker race vote postpone
Joe Giambrone on Hollywood’s Shameless & Underhanded Assault on Political Truth,0,joe giambrone hollywood shameless underhanded assault political truth
The immigration swamp,1,immigration swamp
"Blame government, not markets for monopoly",0,blame government not market monopoly
'America is already strong': Obama continues Democrats' optimism,1,america already strong obama continue democrats optimism
Why the DNC's mysteriously hacked oppo file on Trump is a big yawn,1,dnc mysteriously hack oppo file trump big yawn
Hillary Clinton: ‘No role whatsoever for American soldiers on the ground’ in Iraq,1,hillary clinton no role whatsoever american soldier grind iraq
Donald Trump: The key to his success (Opinion),1,donald trump key success opinion
"For First Time, Trump Shrinks In Spotlight; Fiorina Steals Show",1,first time trump shrink spotlight fiorina steal show
Carrot Top To Give Nobel Awards At Drive Thru Window,0,carrot top give nobel awards drive thru window
Scott Walker's stealth 2016 strategy,1,scott walker stealth strategy
Gauis Publius: TPP Has Picked Up a Powerful Enemy — Black Lives Matter,0,gauis publius tpp pick powerful enemy black life matter
Training French soldiers to supervise Daesh,0,train french soldier supervise daesh
Let’s Make 2016 the Last Endless American Election,1,let make last endless american election
November 8 Is (Finally) Here: An Abridged Election Day Resource Guide,0,november finally abridge election day resource guide
Going Back to the Future in 2016?,1,go back future
A bad night for front-runners and a good night for governors,1,bad night front runner good night governor
How public funding of elections makes politics even more polarized,1,public funding election make politic even polarize
Gaming Obamacare,1,gaming obamacare
The Anatomy of Crisis and the Decline of US Empire,0,anatomy crisis decline us empire
Uncovered audio: Hillary was ‘adamantly against illegal immigrants’,1,uncover audio hillary adamantly illegal immigrant
Obama says world should address ‘grievances’ that terrorists exploit,1,obama say world address grievance terrorist exploit
7 Ways To Prepare For An Economic Crisis,0,way prepare economic crisis
"Press must share the blame: The shallow, ratings-obsessed media is as responsible for Trump as the GOP",1,press must share blame shallow rating obsess medium responsible trump gop
"14 Days to Do 14 Things, If Hillary’s Indicted-Extreme Violence Expected",0,day thing hillary indict extreme violence expect
Daesh abducts 1000s near Mosul to use them as human shields: UN,0,daesh abduct 1000 near mosul use human shield un
Oregon Standoff Leaders Acquitted For Malheur Wildlife Refuge Takeover,0,oregon standoff leader acquit malheur wildlife refuge takeover
"Muslims Start Chanting Allah On Plane, Flight Attendant Quickly Shuts Them Up",0,muslims start chant allah plane flight attendant quickly shut
"Netanyahu: Iran A Threat to Israel, the World",1,netanyahu iran threat israel world
Unprecedented Surge In Election Fraud Incidents From Around The Country,0,unprecedented surge election fraud incident around country
Re: DOJ AG Loretta Lynch Advised FBI Director to Keep New Emails from Congress,0,doj ag loretta lynch advise fbi director keep new email congress
A report said Trump's donations to vets might be shady. His response was predictable.,1,report say trump donation vet might shady response predictable
How the confidence deficit is impacting the 2016 election,1,confidence deficit impact election
"Anonymous hacker Deric Lostutter faces 16 years in prison, while Steubenville rapists walk free",0,anonymous hacker deric lostutter face year prison steubenville rapist walk free
McCain Pledges to Help Pentagon Fix Scandal Over Excessive Military Bonuses,0,mccain pledge help pentagon fix scandal excessive military bonus
Romney's timely Trump trolling,1,romney timely trump trolling
Like a “Concentration Camp” Police Mark DAPL Protesters with Numbers and Lock Them in Dog Kennels,0,like concentration camp police mark dapl protester number lock dog kennel
You Can't Be Intersectional While at the Same Time Being Elitist and Exclusionary,0,can not intersectional time elitist exclusionary
A sharpened debate: Is it ethical to not vote this year for president?,1,sharpen debate ethical not vote year president
The World Is About To Witness A Breathtaking Once In A Century Event,0,world witness breathtaking century event
Forbidden History. Secret Egyptology Exposed!,0,forbid history secret egyptology expose
THE AMERICAN PUBLIC CAN NO LONGER DEAL WITH THE LIMITLESS CORRUPTION OF THEIR GOVERNMENT,0,american public no long deal limitless corruption government
CAN'T TRUST OBAMA! Look At Sick Thing He Just Did To STAB Trump In The Back... * LIBERTY WRITERS NEWS,0,can not trust obama look sick thing stab trump back liberty writer news
"Ryan so far proves he can 'make the sausage,' but he'll likely be serving a much different House party in 2016",1,ryan far prove make sausage likely serve much different house party
Attorney general nominee offers careful backing of Obama policies,1,attorney general nominee offer careful back obama policy
The end of white Christian America is nigh: Why the country’s youth are abandoning religious conservatism,1,end white christian america nigh country youth abandon religious conservatism
Can nuclear war break out on the Korean Peninsula?,0,nuclear war break korean peninsula
Strong jobs number holds risks for Clinton,1,strong job number hold risk clinton
Sanders warns Clinton against moderate as VP,1,sander warn clinton moderate vp
Hacking Accusations Against Russia Are Sign of Washington's Desperation,0,hack accusation russia sign washington desperation
"Architect Of Paris Attacks Was Killed In Raid, French Authorities Say",1,architect paris attack kill raid french authority say
Dr. MacDonald & Dr. Duke Expose the Vicious War on Trump by the Jewish Establishment!,0,dr macdonald dr duke expose vicious war trump jewish establishment
Why conservatives refuse to believe Obama is Christian,1,conservative refuse believe obama christian
Why Donald Trump is beating Fox News -- and GOP rivals,1,donald trump beating fox news gop rival
Election 2016 and the Weaponization of the American Public,0,election weaponization american public
Obama seeks to calm fears over terrorism ahead of holiday season,1,obama seek calm fear terrorism ahead holiday season
COMICAL: Larry the Cable Guy slams ‘indefensible’ hypocrisy from Donna Brazile,0,comical larry cable guy slam indefensible hypocrisy donna brazile
Hillary Clinton in lead a day before Election Day,0,hillary clinton lead day election day
Democratic debate: Fact-checking the candidates,1,democratic debate fact check candidate
Teenage Boy KNOCKS OUT His Classmate For Assaulting Their Female Teacher In The FACE- And It’s EPIC!,0,teenage boy knock classmate assault female teacher face epic
Carson takes lead from Trump in new national poll,1,carson take lead trump new national poll
"Hillary isn't winning over many pundits, even on the left",1,hillary not win many pundit even leave
"Meteor, space junk, rocket? Mysterious flash hits Siberia",0,meteor space junk rocket mysterious flash hit siberia
5 takeaways from the Republican debate,1,takeaways republican debate
‘Why is it the first time I’m hearing about this?’ asks office wanker,0,first time hearing ask office wanker
"BREAKING: New Law Stops Hillary In Her Tracks, She Is Now Officially Ineligible To Run",0,break new law stop hillary track officially ineligible run
Lawmakers caught in battle between House ethics cops,1,lawmaker catch battle house ethic cop
"New O'Keefe Video: Clinton Campaign, DNC Coordinated With Organizations To Incite Violence At Trump Events",1,new keefe video clinton campaign dnc coordinate organization incite violence trump event
"We do not like trampolining, say hedgehogs",0,not like trampolining say hedgehog
President Putin Asks US To Stop Provoking Russia,0,president putin ask we stop provoke russia
"Yes, There Is a Clinton Double Standard",1,yes clinton double standard
"Libertarian VP Candidate Gives Up, Will Focus on Preventing Trump Presidency",1,libertarian vp candidate give focus prevent trump presidency
“I’ve Always Been An Admirer Of Donald Trump” – Taoiseach,0,always admirer donald trump taoiseach
Now waiting for the results | Opinion - Conservative,0,wait result opinion conservative
BrotherJohnF Silver Update: Fake Election,0,brotherjohnf silver update fake election
"When They Asked Her What She Thinks of Hillary Clinton, They Never Expected Her to Say THIS!",0,ask think hillary clinton never expect say
'The only other option': Bernie Sanders backers turn to Green party's Jill Stein,1,option bernie sander backer turn green party jill stein
"Trump, Clinton Head Into SC with Fierce Competition on Their Heels",1,trump clinton head sc fierce competition heel
Which Non-OPEC Producers Can Be Expected To Cut?,0,non opec producer expect cut
Trump Team Begins Making List Of Executive Orders To ‘Erase Obama’s Presidency’ On Day One,0,trump team begin make list executive order erase obama presidency day one
Why Trump is a shocking GOP choice,1,trump shocking gop choice
What The Trump Skeptics Got Wrong,0,trump skeptic get wrong
Donald Trump: ‘We have to take back the heart of our country’,1,donald trump take back heart country
Jeb Bush fights lonely battle defending Common Core,1,jeb bush fight lonely battle defend common core
Donald Trump can’t resist blaming Bill Clinton when his own sexism comes up,1,donald trump resist blame bill clinton sexism come
Hillary Clinton Jumps the Shark with ‘Trump’s Secret Russian Server’ Conspiracy Theory,0,hillary clinton jump shark trump secret russian server conspiracy theory
Will Clinton’s experience be a liability?,1,clinton experience liability
"Obama outlines plan to keep 5,500 troops in Afghanistan",1,obama outline plan keep troop afghanistan
Biden backers to naysayers: Not so fast,1,biden backer naysayer not fast
Clinton Enjoys Post-DNC Bounce - But Will it Last?,1,clinton enjoy post dnc bounce last
Alabama Prison Officials Retaliate Against Prison Strike Leader By Cutting Water To Cell,0,alabama prison official retaliate prison strike leader cut water cell
Re: Texas Police Arrest Trump Voter for Wearing “Deplorable” T-Shirt,0,texas police arrest trump voter wear deplorable shirt
"NGOs should condemn terrorists in Syria, not Russia fighting them – Foreign Ministry",0,ngo condemn terrorist syria not russia fight foreign ministry
Genetically Modified Crops in U.S. Fail to Deliver Expected Yields,0,genetically modify crop fail deliver expect yield
The Fatal Expense Of American Imperialism,0,fatal expense american imperialism
Comment on A Group Of Reluctant Men Hold Kittens For The First Time. Hilarity Ensures by para para dinle,0,comment group reluctant man hold kitten first time hilarity ensure para para dinle
House yanks first spending bill off the floor,1,house yank first spend bill floor
Donald Trump Pushes Republican Party to Its Breaking Point,1,donald trump push republican party breaking point
"Trump, Clinton clash in dueling DC speeches",1,trump clinton clash duel dc speech
Hillary Clinton BETRAYED by Her Own Family: “We’re Voting for Trump!”,0,hillary clinton betray family voting trump
'NO CAMP! NO CAMP!': Scuffles break out at Hungary train station after police stop migrant train,1,no camp no camp scuffle break hungary train station police stop migrant train
Green Party’s Margaret Flowers Challenges US Senate Debate in Maryland as Undemocratic [1],0,green party margaret flower challenge we senate debate maryland undemocratic
How a $15 minimum wage went from ‘extreme’ to enacted,1,minimum wage go extreme enact
Will Asia trade deal hurt US workers? Six tough questions answered.,1,asia trade deal hurt we worker six tough question answer
#BoycottComedian…ROBERT DENIRO Wanted “To Punch Trump In The Face”…Supports Anti-Trump Rioters…Now Wants Americans To Support His New Movie [VIDEO],0,boycottcomedian robert deniro want punch trump face support anti trump rioter want americans support new movie video
Doctor Finds New Life As A Clown More Fulfilling | GomerBlog,0,doctor find new life clown fulfil gomerblog
"City, County Leaders Ask Court To Lift Injunction On Obama Immigration Programs",1,city county leader ask court lift injunction obama immigration program
BREAKING : Bay of Pigs Veterans Association Endorses Donald Trump – TruthFeed,0,break bay pig veterans association endorse donald trump truthfeed
Rigged Election: Hillary & Trump Caught Partying with Kissinger at Jesuit Gala,0,rig election hillary trump catch party kissinger jesuit gala
Democrats Clinton and Sanders pounce on Flint water crisis — and each other,1,democrats clinton sander pounce flint water crisis
Israel: 1984 Everlasting,0,israel everlasting
"No, Sanders wouldn't be a better match for Trump",1,no sander would not well match trump
Georgia Abandons Ukraine's Anti-Russian Obsession - Archil Sikharulidze,0,georgia abandon ukraine anti russian obsession archil sikharulidze
"Trump Vows To ""Renovate"" the Bill of Rights",0,trump vow renovate bill right
‘People in Europe are full of fear’ over refugee influx,1,people europe full fear refugee influx
CNN Breaking News: Trump Tells Supporters To Vote Multiple Times,0,cnn break news trump tell supporter vote multiple time
The GOP would unite against Trump at its own peril,1,gop would unite trump peril
Hillary’s “Big Tent” is Obama’s “Grand Bargain” on Steroids,0,hillary big tent obama grand bargain steroid
Kasich bows out. Did he do 'the right thing?',1,kasich bow right thing
October 28: Daily Contrarian Reads,0,october daily contrarian read
"How Western Media Teleported a Child 'Victim' from Homs to Aleppo (PHOTOS, VIDEO)",0,western medium teleport child victim hom aleppo photo video
The Sad Truth About Melania Trump’s Plagiarism Snafu,1,sad truth melania trump plagiarism snafu
Will the Comey bombshell really shake up the 2016 race?,1,comey bombshell really shake race
"Rating Obama, 50% say he's been a success",1,rat obama say success
"James Comey to be taken out, knows too much about Clintons",0,james comey take know much clinton
"‘A noun, a verb and Donald Trump’: Rubio seeks to seize on Murphy’s flaw",0,noun verb donald trump rubio seeks seize murphy flaw
The True Scandal of 2016 Was The Torture of Chelsea Manning     :,0,true scandal torture chelsea man
OPEC sees oil prices exploding to $200 a barrel,1,opec see oil price explode barrel
"“CLINTON, INC”: WATCH HOW’S IT PAINS MSM TO REPORT CLINTON CORRUPTION",0,clinton inc watch pain msm report clinton corruption
"United States v. Texas, the biggest immigration case in a century, explained",1,united states texas big immigration case century explain
I dare you to restrain yourself from laughing at Trump and Hillary in a stronger hot show,0,dare restrain laugh trump hillary strong hot show
UFO Investigator - MAX SPIERS - Found Dead After Vomiting Black Liquid.,0,ufo investigator max spier find dead vomit black liquid
Jewish Press Releases Audio Tape Exposing Hillary Clinton Plotting to Rig Election,0,jewish press release audio tape expose hillary clinton plot rig election
Clinton Campaign STUNNED As FBI Reportedly Reopens Probe Into Hillary Clinton Emails,0,clinton campaign stun fbi reportedly reopen probe hillary clinton email
The Middle East’s sick state,1,middle east sick state
Physicists just found more hints of an elusive particle that’s its own antiparticle,0,physicist find hint elusive particle antiparticle
SHOCK: NSA Can Recover ALL of Hillary’s Deleted Emails,0,shock nsa recover hillary delete email
White House Monitoring Iran Aid Ship to Yemen,1,white house monitor iran aid ship yemen
Why Trump is still likely to fall 52 delegates short of nomination,1,trump still likely fall delegate short nomination
"Trump, Sanders trade blame over Chicago protests",1,trump sander trade blame chicago protest
Electronic Voting Machines Caught Switching Trump Votes To Hillary: “Trying to Steal Texas” | Survival,0,electronic voting machine catch switch trump vote hillary try steal texas survival
Gas prices could drop toward $1 a gallon,1,gas price could drop toward gallon
"The Saber Rattling Between Saudis, Iran Just Got More Ominous",1,saber rattle saudi iran get ominous
"India's Stonehenge: 7,000-Year-Old Megalithic Site is Oldest Observatory in South Asia",0,india stonehenge year old megalithic site oldest observatory south asia
Top US General Pleads With Troops Not To Revolt Over 2016,0,top us general plead troop not revolt
Why Director Comey jumped at the chance to reopen Hillary investigation,0,director comey jump chance reopen hillary investigation
Poll: Obama popularity on the upswing,1,poll obama popularity upswing
BLOOMBERG-BACKED PENNSYLVANIA ATTORNEY GENERAL SENTENCED TO 10-23 MONTHS IN PRISON,0,bloomberg back pennsylvania attorney general sentence month prison
Is A Birthday Surprise Coming For Hillary Criminalton? Kim Dotcoms Mysterious Tweet.,0,birthday surprise come hillary criminalton kim dotcoms mysterious tweet
Rachel Maddow made them fight: She’s the reason for the tense Hillary/Bernie fireworks,1,rachel maddow make fight reason tense hillary bernie firework
Past cases suggest Hillary won’t be indicted,1,past case suggest hillary won indict
"U.S. Split Along Racial Lines on Backlash Against Police, Poll Finds",1,split along racial line backlash police poll find
The media unload on Donald Trump,1,media unload donald trump
How To Reduce Stress,0,reduce stress
Popular Health Exchange In Jeopardy After Surprise Republican Win,1,popular health exchange jeopardy surprise republican win
The First Space Photo Of Earth - Shot From A Third Reich Rocket In 1946,0,first space photo earth shoot third reich rocket
Hillary’s No Slam Dunk in 2016,1,hillary no slam dunk
"Russia, India will expand military cooperation with focus on Navy projects | Russia & India Report",0,russia india expand military cooperation focus navy project russia india report
"Make music great again, with these 10 Trumped up album covers",0,make music great trump album cover
CNN Talker Famous for Saying 'Pu***' on Air Lashes Out at Newt for Saying Megyn's 'Obsessed with Sex',0,cnn talker famous saying pu air lash newt say megyn obsess sex
Senate GOP leaving tea party primary battles behind,1,senate gop leave tea party primary battle behind
Meet The Man Who Started The Illuminati,0,meet man start illuminati
Anti-Trump delegates now responsible for nominating him,1,anti trump delegate responsible nominating
Syria’s UN Envoy ‘Appalled’ By Rebel Attacks On Civilians In Aleppo,0,syria un envoy appal rebel attack civilian aleppo
Collusion Between Facebook and Hillary’s Campaign Revealed in Clinton Emails,0,collusion facebook hillary campaign reveal clinton email
Pro-Obama super PAC shifts focus to possible Clinton 2016 bid,1,pro obama super pac shift focus possible clinton bid
3 dead in Colorado Springs Planned Parenthood shooting,1,dead colorado spring plan parenthood shooting
"Report from the Refugee Camp in Calais, France: “the Jungle”",0,report refugee camp calais france jungle
Trump refuses to say whether he'll accept election results,1,trump refuse say whether accept election result
Fiorina blames environmentalists for California drought,1,fiorina blame environmentalists california drought
AG Lynch told FBI Director Comey NOT to go public with the new Clinton email investigation,0,ag lynch tell fbi director comey not go public new clinton email investigation
FBI reopens Clinton investigation as new emails found ‒ Comey,0,fbi reopen clinton investigation new email find comey
Congress Knew For At Least Two Years About Pentagon Efforts To Take Back Bonuses From Veterans,0,congress know least two year pentagon effort take back bonus veteran
Guilty Verdict Returned In 'American Sniper' Murder Trial,1,guilty verdict return american sniper murder trial
"As Marco Rubio rises, GOP rivals are reluctant to take him on directly",1,marco rubio rise gop rival reluctant take directly
Trump Will Skip GOP Debate As Feud With Fox News Boils Over,1,trump skip gop debate feud fox news boil
The Dark Agenda Behind Globalism And Open Borders,0,dark agenda behind globalism open border
Re: 22 Reasons Why Starting World War 3 In The Middle East Is A Really Bad Idea,0,reason start world war middle east really bad idea
"Fifteen years after NATO bombings, Montenegro wants to join NATO",0,fifteen year nato bombing montenegro want join nato
"Parts Of Patriot Act Expire, Even As Senate Moves On Bill Limiting Surveillance",1,part patriot act expire even senate move bill limit surveillance
"US charges 61 with India-based scam involving 15,000 victims",0,we charge india base scam involve victim
US: Kurdish Troops Will Be Involved in Invading ISIS Capital of Raqqa,0,we kurdish troop involve invade isis capital raqqa
Kasich: Voters Are ‘Starting to Pay Attention’,1,kasich voter starting pay attention
Michael Moore Owes Me $4.99,0,michael moore owe
"A ""Gesture of Thanks"": Turkey arrests terrorists for extradition to Russia",0,gesture thanks turkey arrest terrorist extradition russia
Jack Heart: LUCIFER in the Temple of the Dog,0,jack heart lucifer temple dog
President Obama really really really really hates Maureen Dowd,1,president obama really really really really hat maureen dowd
U.S. Congressional Delegation travels to Cuba this weekend,1,congressional delegation travel cuba weekend
How Democrats killed Obama's college savings plan,1,democrats kill obama college saving plan
Clinton Takes First Step To Dispel Doubts About Candidacy,1,clinton take first step dispel doubt candidacy
Guardian Front Page: “A 16-Year-Old Migrant Cries…”,0,guardian front page year old migrant cry
Restaurant Chain Tim Hortons Blocks Independent Journalist’s Website on WiFi,0,restaurant chain tim horton block independent journalist website wifi
Why raising the Social Security retirement age really does hurt the poor the most,1,raise social security retirement age really hurt poor
Afghanistan: 19 die in air attacks on hospital; U.S. investigating,1,afghanistan die air attack hospital investigate
Trump Makes Last-Minute Push To Appeal To Whites - The Onion - America's Finest News Source,0,trump make last minute push appeal white onion america fine news source
A new 9/11 memorial to Flight 93: ‘Our loved ones left a legacy for all of us’,1,new memorial flight love one leave legacy we
Fact checking the fourth round of GOP debates,1,fact check fourth round gop debate
OnPolitics | 's politics blog,1,onpolitics politics blog
CLINTON CAMPAIGN COOPERATED WITH POLITICO ON ‘DEMYSTIFYING’ HUMA ABEDIN,0,clinton campaign cooperate politico demystify huma abedin
What I Learned From Speaking to an R.N.C. Attendee From Every State,1,learn speak attendee every state
Zakharova: Kiev's talk of an armed OSCE mission is disinformation,0,zakharova kiev talk armed osce mission disinformation
"Final votes on Patriot Act, trade deal bill set dramatic stage for Congress’ return",1,final vote patriot act trade deal bill set dramatic stage congress return
Don’t write Donald Trump’s political obituary just yet: Why surging Ben Carson looks like a flavor of the month,1,don write donald trump political obituary yet surge ben carson look like flavor month
Manny Pacquiao's Son Dead? Report Says Jimuel Pacquiao Dies Of Asthm Complications - Morning News USA,0,manny pacquiao son dead report say jimuel pacquiao die asthm complication morning news usa
Hillary Clinton's Postapocalyptic Hellscape Plan??,0,hillary clinton postapocalyptic hellscape plan
Carmel Institute celebrates 5th anniversary with jazz concert,0,carmel institute celebrate 5th anniversary jazz concert
Trump’s Twitter Access Revoked - The Onion - America's Finest News Source,0,trump twitter access revoke onion america fine news source
Raise the wage: Paul Krugman shatters the myth that we can’t afford to boost workers’ pay,1,raise wage paul krugman shatter myth afford boost worker pay
Obama’s Arctic Trip Comes as Climate Change Builds as 2016 Issue,1,obama arctic trip come climate change build issue
YouTube censoring videos – on censorship!,0,youtube censor video censorship
Hillary Clinton should proactively set out ethics rules,1,hillary clinton proactively set ethic rule
Israel hawks to Pope Francis: Stay out of politics,1,israel hawk pope francis stay politic
"Budgeting the Good War, for 75 Years",0,budget good war year
Will the anti-Clinton revolt among American elites gain momentum?,0,anti clinton revolt among american elite gain momentum
American Funhouse: Manufacturing Consent,0,american funhouse manufacturing consent
Why Hillary Clinton Will Appoint Old World Nationalists to Cabinet Positions,0,hillary clinton appoint old world nationalist cabinet position
Here’s What Clinton and Trump Must Do on the Debate Stage to Win the Night,1,clinton trump must debate stage win night
Both Clinton and Trump would bring a war-time posture to the White House,1,clinton trump would bring war time posture white house
"The GOP debate fear cauldron: According to the Republican candidates, you’re going to die",1,gop debate fear cauldron accord republican candidate go die
Clinton holds narrow lead over Trump on eve of conventions,1,clinton hold narrow lead trump eve convention
Kevin McCarthy announces he's a candidate for House speaker (+video),1,kevin mccarthy announce candidate house speaker video
A guide to the Paradoxroutine,0,guide paradoxroutine
AT&T-Time Warner Merger: Another Media Consolidation That Puts Profits Over Consumers,0,time warner merger another medium consolidation put profit consumer
Fall of the House of Bush: How last name and Donald Trump doomed Jeb,1,fall house bush last name donald trump doom jeb
Mitt Romney Fans Speculation Over Another White House Run,1,mitt romney fan speculation another white house run
US Airstrike Kills Four Iraqi Troops Near Mosul,0,us airstrike kill four iraqi troop near mosul
"‘Tolerant’ Liberals Show Nothing But Contempt, Hatred Toward Nation’s Only Black Supreme Court Justice",0,tolerant liberal show nothing contempt hatred toward nation black supreme court justice
"Us vs Them: When Politics is Treated Like a Football Game, No One Wins",1,we vs politic treat like football game no one win
Manhunt shifts to lone cabin in upstate New York: Prisoner hideout?,1,manhunt shift lone cabin upstate new york prisoner hideout
Armed Dakota Access Contractor Accused Of Trying To Infiltrate Water Protectors,0,armed dakota access contractor accuse try infiltrate water protector
18 State Swat Team Drill In Prep for Backlash Against a Stolen Election,0,state swat team drill prep backlash steal election
Michael Moore: Joe Blow Will Vote Trump As “Ultimate F–– You to the Elite… A Human Molotov Cocktail”,0,michael moore joe blow vote trump ultimate elite human molotov cocktail
"More Beer, Less Vodka as Russians Mull Ongoing Crisis - Rustem Falyakhov",0,beer less vodka russian mull ongoing crisis rustem falyakhov
Stop the vendetta against Planned Parenthood,1,stop vendetta plan parenthood
Understanding Propaganda - The Art Of Distraction And Disinformation,0,understand propaganda art distraction disinformation
Huffington Post Continues Campaigning for Hillary Clinton,0,huffington post continue campaign hillary clinton
TRUNEWS 10/31/16 Dr. Lance Wallnau | Answered Prayer: The Cabal Crumbles,0,trunews dr lance wallnau answer prayer cabal crumble
Ted Cruz victory shows GOP's impossible conundrum (+video),1,ted cruz victory show gop impossible conundrum video
A Tea Party Congressman Just Called For Armed Uprising If Trump Loses,0,tea party congressman call armed uprising trump lose
"US pullout from Yemen eases pressure on Al Qaeda, lawmakers warn",1,us pullout yemen ease pressure al qaeda lawmaker warn
Obama trade bill in trouble,1,obama trade bill trouble
Secret Service testing ways to intercept rogue drones with late-night flights over Washington,1,secret service testing way intercept rogue drone late night flight washington
Source: Baltimore mayor ordered police to stand down,1,source baltimore mayor order police stand
MARKETWATCH LEFTIST: MSM’s “Blatant” Anti Trump Bias May Be Suicidal,0,marketwatch leftist msm blatant anti trump bias may suicidal
Jane Sanders to FBI: Get on with Clinton email probe,1,jane sanders fbi get clinton email probe
"Happy New Year, Wall Street: Congress Has Another Gift For You",1,happy new year wall street congress another gift
"The Left Turns on Bob Dylan for His Pro-Israel Views, Refusal to Acknowledge Nobel Prize",0,leave turn bob dylan pro israel view refusal acknowledge nobel prize
FACEBOOK Nazi Thought Police editors threaten to quit if Mark Zuckerberg doesn’t ban Donald Trump for hate speech,0,facebook nazi think police editor threaten quit mark zuckerberg doesn ban donald trump hate speech
Rivals Slam Trump over Violent Rallies: 'He Incites Violence',1,rival slam trump violent rally incite violence
Oklahoma Fraternity Is Closed Over Video Of Racist Chant,1,oklahoma fraternity close video racist chant
"Jeb Bush in 2016: The good, the bad and the ugly",1,jeb bush good bad ugly
A whirlwind day in D.C. showcases Trump’s unorthodox views and shifting tone,1,whirlwind day showcase trump unorthodox view shift tone
"Andrew Maguire – Paper Gold Market Trades Jaw-Dropping 6,800 Tonnes In One Day!",0,andrew maguire paper gold market trade jaw dropping tonne one day
What A Hillary Presidency Would Bring,0,hillary presidency would bring
Supreme Court Readies Blockbuster Rulings,1,supreme court ready blockbuster ruling
This is What Will Happen to Mosul After ISIS is Evicted,0,happen mosul isis evict
Mall of America to Close for First Time Ever on Thanksgiving,0,mall america close first time ever thanksgive
Former Director Of National Budget Warns That Markets Will Tank After US Election,0,former director national budget warn market tank we election
Delete Your Account – Episode 23: Don’t Get Sick,0,delete account episode don get sick
"CNN Reach New Low, Call Sheriff Clarke A ‘Terrorist’ After Trump Gave Him The Most Important Job! | EndingFed News Network",0,cnn reach new low call sheriff clarke terrorist trump give important job endingfed news network
(((Smithsonian))) Refuses to Include Judge in Black Museum Because He has Normal People Opinions,0,smithsonian refuse include judge black museum normal people opinion
Iran Nuclear Deal: Does Obama want Israel to commit suicide?,1,iran nuclear deal obama want israel commit suicide
"Syrian War Report – November 7, 2016: Russian Attack Helicopters Swarm in Homs Province | The Vineyard of the Saker",0,syrian war report november russian attack helicopter swarm homs province vineyard saker
Bernie's swan song begins,1,bernie swan song begin
Would Trump presidency threaten rule of law?,1,would trump presidency threaten rule law
Google And God,0,google god
Bernie Sanders Says What The Media Won’t: Trump Is A Gutless Political Coward,0,bernie sanders say medium won trump gutless political coward
Sanders delegates' convention agenda,1,sanders delegate convention agenda
Is it necessary to break the law to improve your standard of living?,0,necessary break law improve standard living
Paris climate summit: What to expect from historic talks,1,paris climate summit expect historic talk
"Trump doctor’s letter: He takes cholesterol drug, is overweight but is in ‘excellent’ health",1,trump doctor letter take cholesterol drug overweight excellent health
Game changer? Trump supporter charged in voter fraud case,0,game changer trump supporter charge voter fraud case
"Supreme Court: your right to a ""speedy trial"" ends when you're declared guilty",1,supreme court right speedy trial end declare guilty
We told you so! The Zika virus is harmless,0,tell zika virus harmless
Debating the Future of American Power Abroad,1,debate future american power abroad
Sesame Seeds for Knee Osteoarthritis,0,sesame seed knee osteoarthritis
Now We Can Finally Get to Work,0,finally get work
Trick-Or-Treaters Get Their Socks Rocked By BADASS Hillary Pumpkin Outside,0,trick treater get sock rock badass hillary pumpkin outside
Amurexit from NAFTA TPP Wall Street and Global Policeman,0,amurexit nafta tpp wall street global policeman
Islamic State accepts Boko Haram allegiance pledge,1,islamic state accept boko haram allegiance pledge
Wife of Muslim jihadist who killed and wounded over 100 in Orlando nightclub massacre says she “knew nothing”,0,wife muslim jihadist kill wound orlando nightclub massacre say know nothing
Farming Invented Many Times by Many Different Farmers Over A Vast Landscape. @CarlZimmer. @NYTimes. - Russia News Now,0,farming invent many time many different farmer vast landscape russia news
Netanyahu warns Iran deal could 'threaten the survival' of Israel,1,netanyahu warn iran deal could threaten survival israel
Why Comey Reopened the Hillary Investigation,0,comey reopen hillary investigation
Hillary: Leaked Audio of Her Discussing Rigging an Election in Palestine,0,hillary leak audio discuss rig election palestine
"After Brussels, Trump's 'strength' resonates with GOP voters (+video)",1,brussels trump strength resonate gop voter video
The Intercept Outs Neocon Democrat’s Smear Against Trump as ‘Putin’s Puppet’ - Eric Zuesse,0,intercept out neocon democrat smear trump putin puppet eric zuesse
"Done Deal? Clinton, Trump Shift to General Election after Big Wins",1,do deal clinton trump shift general election big win
What You’re Not Told: 90% Of American Media Is Controlled By Six Corporations,0,not tell american media control six corporation
"Steve Quayle On Economic Collapse, World War 3 and U S elections",0,steve quayle economic collapse world war election
What Brian Williams’s Chopper Whopper Says About Modern News Media,1,brian williams chopper whopper say modern news medium
"Republicans have little reason to act on immigration — both today, but also before the 2016 primaries",1,republicans little reason act immigration today also primary
We don’t just need to see Trump’s taxes — we need a real medical report on him,1,don need see trump taxis need real medical report
Police morale can wait: How the Baltimore riots should reshape Attorney General Loretta Lynch’s agenda,1,police morale wait baltimore riot reshape attorney general loretta lynch agenda
The Militarized Police at Standing Rock is Working for This Man,0,militarize police stand rock working man
Bundy Ranch occupiers acquitted on all counts after challenging the corrupt Bureau of Land Management,0,bundy ranch occupier acquit count challenging corrupt bureau land management
The Truth About Atlantis [Video],0,truth atlantis video
Major Corporate Sponsors Are Scaling Back Support for GOP Convention,1,major corporate sponsor scale back support gop convention
Admit it: You love Tax Day! (Opinion),1,admit love tax day opinion
Western QLD Drovers Show Solidarity With C.U.B Workers By Only Drinking Sauv Blanc – The Betoota Advocate,0,western qld drover show solidarity worker drink sauv blanc betoota advocate
CNBC Just Confirmed Comey Is Abusing His Power To Help Trump,0,cnbc confirm comey abuse power help trump
JASON CHAFFETZ EXPOSED HILLARY CLINTON’S PLAN TO BRIBE FBI AGENTS TO LET HER GO,0,jason chaffetz expose hillary clinton plan bribe fbi agent let go
Obama On Baltimore: 'This Is Not New',1,obama baltimore not new
US Not Ruling Out Daesh Involvement in Afghanistan Offensive,0,we not rule daesh involvement afghanistan offensive
The United States Is Pre-Positioning “Enemy Assets” In Preparation For A Rigged Election,0,united states pre position enemy asset preparation rig election
Booze Brands Polarize Just Like Politicians,1,booze brand polarize like politician
Why Greece and Iran seem willing to take on the world (+video),1,greece iran seem willing take world video
Comment on “This is My Second One” — Virginia Cop Caught Bragging About Killing Two Unarmed People by Jamieson,0,comment second one virginia cop catch brag kill two unarmed people jamieson
"Hillary Clinton Promises Steady Leadership, More Jobs in Historic Speech",1,hillary clinton promise steady leadership job historic speech
News: Election Night Disaster: John King Tapped His Electoral College Map Too Hard And Fell Headfirst Into A Digital Hellscape,0,news election night disaster john king tap electoral college map hard fall headfirst digital hellscape
CLINTON EMAIL INVESTIGATION HAS SHIFTED THE POLLS SIGNIFICANTLY IN TRUMP’S FAVOR,0,clinton email investigation shift poll significantly trump favor
"People Power! Natives declare treaty rights, police admit defeat - cite lack of 'manpower' to remove DAPL protesters",0,people power native declare treaty right police admit defeat cite lack manpower remove dapl protester
Obama: U.S. cannot solve the world's problems alone,1,obama can not solve world problem alone
How hackers eroded Americans' trust in democratic process,1,hacker erode americans trust democratic process
Boy With Autism Makes His First Friend Ever And His Mom Can’t Stop Crying,0,boy autism make first friend ever mom stop cry
Julian Assange October Surprise REVEALED,0,julian assange october surprise reveal
First Contact Film Trailer,0,first contact film trailer
370 Economists Sign Letter Urging America Not To Vote For Donald Trump,0,economist sign letter urge america not vote donald trump
"Here come the jobs, finally",1,come job finally
What Walker's Departure Means for GOP Field,1,walker departure mean gop field
Julian Assange Ends The Suspense: “The Source Of Hacked Emails Is Not Russia”,0,julian assange end suspense source hack email not russia
Dem Operative Who Oversaw Trump Rally Agitators Visited White House 342 Times,1,dem operative oversaw trump rally agitator visit white house times
TRUMP TSUNAMI INCOMING: What Trump Did In Florida Today Will Make Him President!,0,trump tsunami incoming trump florida today make president
Trump’s Star Vandalized On Hollywood Walk Of Fame - The Onion - America's Finest News Source,0,trump star vandalize hollywood walk fame onion america fine news source
Obama’s trip to Ethiopia alarms some human rights activists,1,obama trip ethiopia alarm human right activist
Nearly All Wild Animals Face Mass Extinction By 2020,0,nearly wild animal face mass extinction
Illegal Immigrants Could Elect Hillary,1,illegal immigrant could elect hillary
15 Foods That Contain the Most Vitamin E | Alternative,0,food contain vitamin alternative
TREY GOWDY: “WHAT IN THE WORD IS LORETTA LYNCH DOING TALKING TO COMEY”,0,trey gowdy word loretta lynch talk comey
The Northern Sea Route: New Prospects for the Pacific Rim | New Eastern Outlook,0,northern sea route new prospect pacific rim new eastern outlook
Cruz campaign: We could have stopped Trump if Rubio became running mate,1,cruz campaign could stop trump rubio become run mate
FREE Summit from Health Experts Teaches About Healthy Fats to Reverse Disease and Lose Weight,0,free summit health expert teach healthy fat reverse disease lose weight
Kentucky governor: Electing Hillary Clinton may eventually lead to violence,1,kentucky governor elect hillary clinton may eventually lead violence
Contaminated Food from China Now Entering the U.S. Under the 'Organic' Label,0,contaminate food china enter organic label
Forget Wikileaks...this is the real October Surprise that is going to stop Hillary,0,forget wikileak real october surprise go stop hillary
Donald Trump: The next President of the United States of America,0,donald trump next president united states america
14 Days and Counting-There Will Be a Civil War No Matter Who Wins the Election,0,day count civil war no matter win election
Internet Is On Fire With Speculation That Podesta Emails Contain Code for Child Sex,0,internet fire speculation podesta email contain code child sex
Inside Jeb's 'shock and awe' launch,1,inside jeb shock awe launch
Southern Poverty Law Center Targets Anti-Jihad Crusaders (Ann Corcoran Honored!),0,southern poverty law center target anti jihad crusaders ann corcoran honor
Babylon Mystery Religion Series,0,babylon mystery religion series
Relief efforts to find survivors intensify amid powerful aftershocks,1,relief effort find survivor intensify amid powerful aftershock
The early 2016 primary calendar is now set. It will change.,1,early primary calendar set change
Trump: I wouldn't accept Cruz's endorsement,1,trump would not accept cruz endorsement
What is Federalism?,0,federalism
Confirmed: Public overwhelmingly (10-to-1) says media want Hillary to win,0,confirm public overwhelmingly say medium want hillary win
"Mitt Romney Calls Donald Trump 'A Phony, A Fraud'; Trump Hits Back",1,mitt romney call donald trump phony fraud trump hit back
"In Jamaica, Obama indicates that he will remove Cuba from terrorism list",1,jamaica obama indicate remove cuba terrorism list
Turkey Rounds Up Erdogan’s Political Opponents as Crackdown Widens,0,turkey rounds erdogan political opponent crackdown widen
Trump controlled by Mossad,0,trump control mossad
THE POLLS CAN NO LONGER BE RIGGED THIS ELECTION,0,poll no long rig election
New Lunar Craters Mystery | Space News,0,new lunar crater mystery space news
Cruz's immigration gambit,1,cruz immigration gambit
Donald Trump Wins The Presidency In Historic Victory,0,donald trump wins presidency historic victory
Trump slams GOP nominating process as top aide accuses Cruz of 'gestapo tactics' to win delegates,1,trump slam gop nominating process top aide accuse cruz gestapo tactic win delegate
Battle for the Ages,0,battle age
Discrimination and Condemnation: Australia’s War on Boat People,0,discrimination condemnation australia war boat people
Obama hits the trail for Hillary Clinton: Will he help or hurt?,1,obama hit trail hillary clinton help hurt
Scalia’s death comes just a month before the court’s biggest abortion case in years,1,scalia death come month court big abortion case year
The Empire Files: Inside Palestine's Refugee Camps,0,empire file inside palestine refugee camp
New Saudi king ascends to the throne as terrorism threat grows,1,new saudi king ascend throne terrorism threat grow
"With Another Deadline Looming, Whispers Of Iran Nuclear Deal Emerge",1,another deadline loom whisper iran nuclear deal emerge
Donald Trump's Clintonesque foreign policy,1,donald trump clintonesque foreign policy
The Israeli Trumpess,0,israeli trumpess
Comment on Sheriff Says Cannabis Makes People Murderers Because “Rational Thought” Leads to Violence by Isaid Dilligaf,0,comment sheriff say cannabis make people murderer rational thought lead violence isaid dilligaf
Seven World-Historical Achievements of the Iraq Invasion of 2003,0,seven world historical achievement iraq invasion
Major Voter Fraud Already Running Rampant Against Republicans,0,major voter fraud already run rampant republican
Backers: Romney more open to 2016,1,backers romney open
"Re: Yes, There Are Paid Government Trolls On Social Media, Blogs, Forums And Websites",0,yes pay government troll social medium blog forum website
The REAL REASON Hillary Was Not Prosecuted For Her Email Scandal Will Infuriate You,0,real reason hillary not prosecute email scandal infuriate
Why Rachel Dolezal's assertion that she is black could pave way for folks choosing a 'racial identity',1,rachel dolezal assertion black could pave way folk choose racial identity
Brexit and the Law,0,brexit law
Tsarnaev Mom: Americans Are ‘Terrorists’,1,tsarnaev mom american terrorist
It isn’t ‘Islamophobia’ when an Oklahoma GOP State Rep. says “Islam is a cancer in our nation that needs to be cut out”,0,isn islamophobia oklahoma gop state rep say islam cancer nation need cut
WELCOME TO PARIS where tour buses have to navigate around all the new Muslim tent cities filling the streets,0,welcome paris tour bus navigate around new muslim tent city fill street
Clinton braces for Nevada nail-biter,1,clinton brace nevada nail biter
The Israeli Trumpess,0,israeli trumpess
US Insiders – Not Russia – Leaked Clinton Emails,0,we insider not russia leak clinton email
Is This Why The Smash In Gold & Silver Is Happening? A Shocking Game-Changer For Gold & Silver Is Now Unfolding…,0,smash gold silver happen shocking game changer gold silver unfold
Dad in weird mood since 2004,0,dad weird mood since
NATO Buildup in Eastern Europe: ‘We’ve Only Seen the Tip of the Iceberg’,0,nato buildup eastern europe see tip iceberg
California & Oregon Want To Secede From The U.S. After Trump Election,0,california oregon want secede trump election
Here are the top five things to watch in tonight's debate,1,top five thing watch tonight debate
The NRA Just Admitted It Was Always Lying About Obama Confiscating Guns,0,nra admit always lie obama confiscate gun
"Head Of Medicare, Who Oversaw Obamacare Rollout, Will Step Down",1,head medicare oversaw obamacare rollout step
Republican Protester Says He Was Nearly Killed After Trump Says ‘Take Him Out’,0,republican protester say nearly kill trump say take
"Donald Trump, president of the Confederacy: The Southern strategy created the GOP civil war",1,donald trump president confederacy southern strategy create gop civil war
"Former Miss Finland accuses Trump of sexual assault, bringing number of accusers to 12",0,former miss finland accuses trump sexual assault bring number accuser
Kerry orders State Department review of records retention amid Clinton email controversy,1,kerry orders state department review record retention amid clinton email controversy
United States  Reformation or Fracture?,0,united states reformation fracture
A sharp exchange over election-year polling offers thoughts for the rest of us,1,sharp exchange election year polling offer thought rest we
Romney’s reboot: Can the 2012 loser really fix his problems in 2016?,1,romney reboot loser really fix problem
Is it possible to fix the polarization of American politics?,1,possible fix polarization american politic
CETA: Canada Has Challenged The EU’s Chemical Regulations 21 Times,0,ceta canada challenge eu chemical regulation time
Tiny Homes Banned In U.S. At Increasing Rate As Govt Criminalizes Sustainable Living,0,tiny home ban increase rate govt criminalize sustainable living
"Life: When These Third-Graders Saw Their Classmate Didn’t Have A Lunch, They Kept Feeding Him More And More Lunches Until He Clogged The Door And Got School Canceled",0,life third grader see classmate didn lunch keep feed lunch clog door get school cancel
US faces calls to ‘walk away’ from Iran talks,1,we face call walk away iran talk
Netanyahu warns supporters he may lose in Tuesday’s election,1,netanyahu warn supporter may lose tuesday election
Harry Reid Calls Trade Push By Obama And GOP 'Insanity',1,harry reid call trade push obama gop insanity
Sex and the Presidential City,0,sex presidential city
San Bernardino massacre: A horror that affects us all,1,san bernardino massacre horror affect we
Netanyahu's Iran Speech: Why it's important for Congress to at least listen to Israel's leader,1,netanyahu iran speech important congress least listen israel leader
Obama: Warren 'Absolutely Wrong' On Trade Deal,1,obama warren absolutely wrong trade deal
The Guardian is Going Friggin Nuts Over Calais,0,guardian go friggin nuts calais
Swing-state stunner: Trump has edge in key states,1,swing state stunner trump edge key state
AUSTRIAN DISGRACE: No jail for Muslim migrant who dumped his own baby in the middle of the road after he got drunk and enraged,0,austrian disgrace no jail muslim migrant dump baby middle road get drunk enraged
The Modern History of Rigged US Elections,0,modern history rig us election
Carly Fiorina will appear in top-tier Reagan Library debate,1,carly fiorina appear top tier reagan library debate
STRANGE THING moving up Alaska’s Chena River caught on video,0,strange thing move alaska chena river catch video
Trump Expected to Name Running Mate Soon: Looking for an 'Attack Dog',1,trump expect name running mate soon look attack dog
President Obama’s Interview With Samantha Bee Will Have You Rolling On The Floor Laughing (VIDEO),0,president obama interview samantha bee rolling floor laugh video
The End of the Road for John Kasich,1,end road john kasich
Why Negotiators At Paris Climate Talks Are Tossing The Kyoto Model,1,negotiators paris climate talk toss kyoto model
"WHAT HAPPENED? In 2014, Quebec tried to pass a Charter that would have banned all religious attire in public, specifically to prevent Muslim women from hiding their faces",0,happen quebec try pass charter would ban religious attire public specifically prevent muslim woman hide face
Election 2016 and the Growing Global Nuclear Threat,0,election grow global nuclear threat
"How Barack will juggle Bibi, Vlad and Hillary",1,barack juggle bibi vlad hillary
Pentagon: No Plan ‘So Far’ For US Troops to Enter Mosul,0,pentagon no plan far us troop enter mosul
Russian pianist Denis Matsuev terrorized in US for supporting Putin,0,russian pianist denis matsuev terrorize we support putin
"In Rand Paul and Marco Rubio’s feud over Cuba policy, a preview of GOP’s 2016 foreign policy debate",1,rand paul marco rubio feud cuba policy preview gop foreign policy debate
Former GOP Representative Calls For Armed Insurrection (VIDEO),0,former gop representative call armed insurrection video
Jeb Bush blames Iraq unrest on Obama,1,jeb bush blame iraq unrest obama
Cop Versus Two Informed Teens who Refuse to Submit to an Unlawful Detainment,0,cop versus two informed teen refuse submit unlawful detainment
Al Qaeda rep says group directed Paris magazine attack; US issues travel warning,1,al qaeda rep say group directed paris magazine attack we issue travel warning
Did Trump Make a “Secret Deal NOT To Prosecute Hillary” In Exchange for Her Concession?,0,trump make secret deal not prosecute hillary exchange concession
What 'Draw Muhammad' shootings say about Islamic State reach (+video),1,draw muhammad shooting say islamic state reach video
4 Truly Important Items for Your Post-Election List of Things to Protest,0,truly important item post election list thing protest
Public vs. Media on War,0,public vs medium war
"In Baltimore's call for federal police probe, a new search for answers (+video)",1,baltimore call federal police probe new search answer video
Freedom Rider: Organizing in the Age of Hillary,0,freedom rider organize age hillary
The Iowa caucuses are closer than you think,1,iowa caucus close think
Entering U.S. as refugees would be hard for terrorists,1,enter refugee would hard terrorist
"As Crooked HIllary Investigation Reopens, Democrat Cities Push To Allow Illegal Immigrants Voting",0,crook hillary investigation reopen democrat city push allow illegal immigrant vote
CNN Calls Sheriff Clarke A ‘Terrorist’ After Trump Considers Giving Him An Incredible New Job | EndingFed News Network,0,cnn call sheriff clarke terrorist trump consider give incredible new job endingfed news network
Town in Wisconsin Passes Law That Fines Parents of Bullies,0,town wisconsin pass law fine parent bully
Here's why moderate Republicans aren't running for Congress anymore,1,moderate republicans not run congress anymore
"Supreme Court to consider redefining 'one-person, one-vote' principle",1,supreme court consider redefine one person one vote principle
Iowa nightmare revisited: Was correct winner called on caucus night?,1,iowa nightmare revisit correct winner call caucus night
FBI Investigating New Clinton Emails - The Onion - America's Finest News Source,0,fbi investigate new clinton email onion america fine news source
"In a revealing interview, Trump predicts a ‘massive recession’ but intends to eliminate the national debt in 8 years",1,reveal interview trump predict massive recession intend eliminate national debt year
Euro-Russian Mars Lander May Have Exploded Due to Software Glitch,0,euro russian mar lander may exploded due software glitch
The Limitations of Randomised Controlled Trials,0,limitation randomise control trial
Climate change: What you can do (Opinion),1,climate change opinion
Obama: Gov. Scott Walker needs to ‘bone up’ on foreign policy,1,obama gov scott walker need bone foreign policy
Watch: Obama criticizes Kenya's president on gay rights as they stand right by each other,1,watch obama criticize kenya president gay right stand right
Shallow 5.4 magnitude earthquake rattles central Italy; shakes buildings in Rome,0,shallow magnitude earthquake rattle central italy shake building rome
Obama’s plan to boost defense budget points to brewing national security debate,1,obama plan boost defense budget point brew national security debate
What Trump and Clinton are looking for in a VP,1,trump clinton look vp
Trumps Hollywood Walk of Fame star Destroyed with a Sledgehammer and Pick,0,trump hollywood walk fame star destroy sledgehammer pick
The GOP’s nuclear option for Donald Trump: Why the only way to beat him is so scary,1,gop nuclear option donald trump way beat scary
Checking a claim that 'nobody did anything wrong' on Benghazi,1,check claim nobody anything wrong benghazi
Who's winning Indiana? It's anybody's guess,1,win indiana anybody guess
"Palin’s endorsement the latest prize as Trump, Cruz battle for conservatives",1,palin endorsement late prize trump cruz battle conservative
Refugee Resettlement Watch: Swept Away In North Carolina,0,refugee resettlement watch sweep away north carolina
Unravelling Chattanooga: What do we know about shooter?,1,unravel chattanooga know shooter
November Kale,0,november kale
'There appear to be no rules anymore',1,appear no rule anymore
"University of Missouri, please immediately fire employees who taunted media",1,university missouri please immediately fire employee taunt medium
How Trump vs. Clinton could reshape the electoral map,1,trump vs clinton could reshape electoral map
Trump ups the ante in Indiana,1,trump up ante indiana
"Plutocrats love Jeb, but voters don’t: Bush’s “electability” argument is getting even weaker",1,plutocrats love jeb voter don bush electability argument get even weak
300 US Marines Deployed To Norway Near Russian Border For First Time Since World War II,0,us marines deploy norway near russian border first time since world war ii
Julian Assange: Why We Published What We Have on the US Elections,0,julian assange publish we election
Pakistan expels India diplomat in tit-for-tat move,0,pakistan expel india diplomat tit tat move
News Shot: Detroit Airport Uses New System To Control Travelers,0,news shot detroit airport use new system control traveler
"Chris Christie: If I Run, I Will Beat Hillary Clinton",1,chris christie run beat hillary clinton
"Christie Hides $800,000 in Travel Bills",1,christie hide travel bill
Russia deploys missiles in Syria after Turkey shoots down bomber,1,russia deploy missiles syria turkey shoots bomber
Lawbreaking AirBnB At It Again: Sends Out Spam That Violates CAN-SPAM Act,0,lawbreake airbnb send spam violate spam act
Marco Rubio self-destructs in New Hampshire,1,marco rubio self destruct new hampshire
"Comment on Entitled Customer Slams Restaurant On Yelp, What Happens Next Is Sheer Badassery by customize your own jerseys",0,comment entitle customer slam restaurant yelp happen next sheer badassery customize jersey
Exclusive: Foreign Isis Fighters Defend Mosul Frontline as Locals Flee,0,exclusive foreign isis fighter defend mosul frontline local flee
The President Of The United States of America: Donald J. Trump,0,president united states america donald trump
The GOP Is Dying Off. Literally.,1,gop die literally
Michael Bloomberg Names Technological Unemployment as the Next Administration’s “Greatest Conundrum”,0,michael bloomberg names technological unemployment next administration great conundrum
Carly Fiorina swipes at Trump: ‘Look at this face.’,1,carly fiorina swipe trump look face
Where Donald Trump and Hillary Clinton stand on economic issues,1,donald trump hillary clinton stand economic issue
Can Anyone Beat Trump in the Primary? History Says No,1,anyone beat trump primary history say no
"Morning Plum: Get ready for another ideological death struggle, this time over climate",1,morning plum get ready another ideological death struggle time climate
Two Points About the Hillary Clinton Email Fiasco,0,two point hillary clinton email fiasco
IT Firm Wins $63Mln US Army Contract in South Korea - NCI,0,firm win 63mln us army contract south korea nci
"Terror attack over, 147 dead at Kenya university",1,terror attack dead kenya university
"Wall Street, Hollywood, The Media And SJWs Fail To Stop Donald Trump From Becoming America’s 45th President",0,wall street hollywood medium sjws fail stop donald trump become america 45th president
Robert Durst of HBO's 'The Jinx' charged with murder,1,robert durst hbo jinx charge murder
Why the Iraq offensive will fail,1,iraq offensive fail
Hope and hype of Hiroshima can’t conceal Obama’s dismal record on nuclear disarmament,1,hope hype hiroshima conceal obama dismal record nuclear disarmament
"650,000 Emails Found On Anthony Weiner’s Laptop; DOJ Blocked Foundation Probe",0,email find anthony weiner laptop doj block foundation probe
Congress Undermines U.S. Global Economic Standing,1,congress undermine global economic standing
Iran nuclear talks: What if the deal falls through?,1,iran nuclear talk deal fall
Election’s Rape And Sexual Assault Accusations Need to Be Taken Seriously,0,election rape sexual assault accusation need take seriously
Democratic convention: passionate end to day one steadies early drama,1,democratic convention passionate end day one steady early drama
The GOP's big-money plan to save the Senate,1,gop big money plan save senate
It Turns Out Trump Put off Investigators for 6 Months While He Destroyed Emails,0,turn trump put investigator month destroy email
Russian Navy Moves Guided Missile Ships to Baltic,0,russian navy moves guide missile ship baltic
Cruz blasts Trump as phony conservative in front of CPAC crowd,1,cruz blast trump phony conservative front cpac crowd
Taking Trump voters’ concerns seriously means listening to what they’re actually saying,1,take trump voter concern seriously mean listen actually say
Donald Trump’s campaign of terror: How a billionaire channeled his authoritarian rage — and soared to the top of the polls,1,donald trump campaign terror billionaire channel authoritarian rage soar top poll
BRICS Countries to Invest $500 Million in Russian Gold Deposit - Kira Egorova,0,bric country invest million russian gold deposit kira egorova
“There is such a thing as being too late”: Obama issues a desperate call for a global climate deal,1,thing late obama issue desperate call global climate deal
Hybrid Wars 8. Strategies Against Africa – Introduction,0,hybrid war strategy africa introduction
We’re All Going To Lose On November 8th: Get Prepped With This Post-Election Chaos Checklist (VIDEO),0,go lose november 8th get preppe post election chaos checklist video
HIV ‘Cure’ Almost Complete after Scientists Remove Virus’s DNA from Living Tissue,0,hiv cure almost complete scientist remove virus dna living tissue
Vortex Structured Water [Video],0,vortex structure water video
Missing on GOP debate stage: A future president (Opinion),1,miss gop debate stage future president opinion
Senators Seek ‘Living Wage’ for Capitol Hill Contractors,1,senator seek living wage capitol hill contractor
Brian Williams Under Fire Over His Shifting Story Of Iraq Helicopter Attack,1,brian williams fire shift story iraq helicopter attack
Getting 10 Minutes of Sunlight Per Day Can Stop Depression,0,get minute sunlight per day stop depression
AUSTRIA: Freedom Party leader calls Chancellor Angela Merkel the “most dangerous woman in Europe”,0,austria freedom party leader call chancellor angela merkel dangerous woman europe
The Sex Scandal That Could Change The Election,0,sex scandal could change election
Obama administration announces halt on new coal leases,1,obama administration announce halt new coal lease
"ObamaCare has cancer. And if it’s not treated quickly and aggressively, it will die",1,obamacare cancer not treat quickly aggressively die
OFF TOPIC: Unlike Muslims…horses actually do have a sense of humor,0,topic unlike muslim horse actually sense humor
This Irish TV channel killed their weather presenter for Halloween,0,irish tv channel kill weather presenter halloween
Scientists Claim To Have Found 234 Alien Civilizations,0,scientist claim find alien civilization
I Am A Syrian Living in Syria: “It was Never a Revolution nor a Civil War. The Terrorists are sent by your Government”,0,syrian live syria never revolution nor civil war terrorist send government
President Obama's persistent and puzzling passivity on terrorism,1,president obama persistent puzzle passivity terrorism
Baby Bonds: A Plan for Black/White Wealth Equality Conservatives Could Love?,0,baby bond plan black white wealth equality conservative could love
Two-time world champion in kickboxing killed in Moscow. Video,0,two time world champion kickboxe kill moscow video
Jeb's invisible man strategy,1,jeb invisible man strategy
"Death of millions of Yemenis in the ""forgotten war""",0,death millions yemeni forget war
"Charlie Hebdo attack: Suspects' names, photos released",1,charlie hebdo attack suspect name photo release
Why the Ted Cruz-Marco Rubio debate mattered most (+video),1,ted cruz marco rubio debate matter video
"David Sweat shot, captured alive after New York manhunt",1,david sweat shot capture alive new york manhunt
Texas county switches to 'emergency paper ballots',0,texas county switch emergency paper ballot
"Police Family Fakes Robbery, Vandalizes Own Home to Blame it On Black Lives Matter",0,police family fake robbery vandalize home blame black life matter
"Obama opens up on Iran: What he's learned about war, Republicans, and his foreign policy",1,obama open iran learn war republicans foreign policy
Why Bernie Sanders's campaign makes me worry about how he’ll manage the White House,1,bernie sander campaign make worry manage white house
What DNC Donors REALLY think of African Americans,0,dnc donor really think african americans
Leaked email shows Monsanto Executive V.P. invited to 'Hillraiser' fundraiser to put Clinton into the White House for Monsanto's benefit,0,leak email show monsanto executive invite hillraiser fundraiser put clinton white house monsanto benefit
Clintons Are Under Multiple FBI Investigations as Agents Are Stymied,0,clinton multiple fbi investigation agent stymie
"First Iraqi Troops Enter Mosul, But Fighting Remains Largely in Suburbs",0,first iraqi troop enter mosul fighting remain largely suburb
SHOCK VIDEO : Hillary Needs Help Climbing ONE SINGLE STEP in Florida – TruthFeed,0,shock video hillary need help climb one single step florida truthfeed
"After vowing to end two wars, Obama may leave three behind",1,vow end two war obama may leave three behind
Climate Engineering And Cryosphere Collapse,0,climate engineering cryosphere collapse
Donald Trump Wins The Presidency In Historic Mandate Victory As Hillary Clinton Concedes,0,donald trump wins presidency historic mandate victory hillary clinton concede
"Illegal Thug Returns After Deported Twice, Gives Sick ‘Gift’ To Girlfriend",0,illegal thug return deport twice give sick gift girlfriend
Barack Obama Marks 50th Anniversary Of 'Bloody Sunday' With Powerful Speech In Selma,1,barack obama mark 50th anniversary bloody sunday powerful speech selma
"Ryan meets Trump, says ‘very encouraged’ but unity will take time",1,ryan meet trump say encouraged unity take time
Eleven States Sue Obama Admin. over Transgender Directive,1,eleven state sue obama admin transgender directive
A brutal spoof advert for the new Macbook that highlights everything it doesn’t have,0,brutal spoof advert new macbook highlight everything doesn
"US sailors freed by Iranians. No US apology issued, says Joe Biden",1,us sailor free iranians no us apology issue say joe biden
Could This Be the Real 'Super Tuesday'? A Look at What's at Stake,1,could real super tuesday look stake
"Thanks to Obama, the terrorist cancer is growing",1,thank obama terrorist cancer grow
"Politico Tries to Destroy Trump, But It Backfires IMMEDIATELY",0,politico try destroy trump backfire immediately
ICE Agent Commits Suicide in NYC; Leaves Note Revealing Gov’t Plans to Round-up & DISARM Americans During Economic & Bank Collapse | EndingFed News Network,0,ice agent commit suicide nyc leaf note reveal gov plan round disarm americans economic bank collapse endingfed news network
Gold prices on the way to all-time highs,0,gold price way time high
Trump doesn’t have a national campaign. So the GOP is trying to run one for him.,1,trump doesn national campaign gop trying run one
Republicans in Congress are ready for Hillary as they prepare for new probes into Clinton Foundation,0,republicans congress ready hillary prepare new probe clinton foundation
Some GOP elites aren’t quite convinced by Trump charm offensive,1,gop elite aren quite convinced trump charm offensive
Puh-LEEZE! DOJ’s ‘policy’ reminder to FBI is shameless (especially considering THIS) – twitchy.com,0,puh leeze doj policy reminder fbi shameless especially consider twitchy com
Show biz: Business and breakthroughs,0,show biz business breakthrough
Canada Just Threw A Grenade Into Elizabeth Warren's Trade Fight With Obama,1,canada throw grenade elizabeth warren trade fight obama
"New Company Aims To Explore Intersection Of Technology, Other Thing - The Onion - America's Finest News Source",0,new company aim explore intersection technology thing onion america fine news source
When Will It End? Police Clash with Pipeline Protesters,0,end police clash pipeline protester
GOP Debate Round 3: Expect Another Wild Night,1,gop debate round expect another wild night
A List of Best Password Managers Offering Both Free and Premium Services,0,list good password manager offer free premium service
New bionic eye implant connects directly to brain,0,new bionic eye implant connect directly brain
GLOBAL WARMING ALARMISTS DISAPPOINTED THAT HURRICANE MATTHEW WASN’T WORSE,0,global warming alarmist disappoint hurricane matthew wasn bad
His campaign’s statement that Trump accepts the truth of Obama’s birthplace is filled with falsehoods,1,campaign statement trump accept truth obama birthplace fill falsehood
"White House, Dems seek to water down Iran bill",1,white house dem seek water iran bill
Reporter says Clinton camp denying him access to events,1,reporter say clinton camp deny access event
Congress's fight over Iran deal enters new phase,1,congress fight iran deal enter new phase
Why LeBron James’s Endorsement Could Help Clinton Retake Ohio,1,lebron james endorsement could help clinton retake ohio
White House warns Congress: Fight Zika or live to regret it,1,white house warn congress fight zika live regret
Cuba has a possible lung cancer vaccine that America can now test,1,cuba possible lung cancer vaccine america test
FBI REDUX: What’s Behind New Probe into Hillary Clinton Emails?,0,fbi redux behind new probe hillary clinton email
"Hillary Isn’t Only One Who Suffers Memory Loss, Look What Bill Just Did….",0,hillary isn one suffer memory loss look bill
White House counsel reportedly kept in dark on Clinton’s personal email use,1,white house counsel reportedly keep dark clinton personal email use
Iran talks to be extended another day,1,iran talk extend another day
Our Debt to Paula Jones,0,debt paula jones
“Billionaire” Donald Trump’s Presidential Campaign Is Flat Out Broke,0,billionaire donald trump presidential campaign flat break
Reasons to Risk Nuclear Annihilation,0,reason risk nuclear annihilation
Election 2016: Clinton email stumble fuels Dem critics,1,election clinton email stumble fuel dem critic
"Kurdish forces, backed by U.S. airstrikes, launch offensive in Iraq",1,kurdish force back airstrike launch offensive iraq
BAHAHA! Wanna bet Hillary made THIS face when she found out about the FBI? [photo],0,bahaha wanna bet hillary make face find fbi photo
Comment on The Science is “Overwhelming At This Point” Wifi Industry Appeals Brain Tumor Association Ordinance by THE SCIENCE IS “OVERWHELMING AT THIS POINT” WIFI INDUSTRY APPEALS BRAIN TUMOR ASSOCIATION ORDINANC - WAKING SCIENCE,0,comment science overwhelming point wifi industry appeal brain tumor association ordinance science overwhelming point wifi industry appeal brain tumor association ordinanc wake science
"“We won, you lost, get over it” Brexiters told outside High Court",0,win lose get brexiter tell outside high court
Political Correctness for Yuengling Brewery; What About Our Opioid Epidemic?,0,political correctness yuengling brewery opioid epidemic
"As Always, U.S. Adores a Good Sex Scandal",1,always adore good sex scandal
Migrants Refuse To Leave Train At Refugee Camp In Hungary,1,migrant refuse leave train refugee camp hungary
Biden previews battle against Clinton,1,biden preview battle clinton
Links 11/11/16,0,link
VIDEO : Sean Hannity “The American People Have Finally Been Heard” – TruthFeed,0,video sean hannity american people finally hear truthfeed
"Mike Brown Family Suing Ferguson, Wilson",1,mike brown family sue ferguson wilson
SWEDISH OUTRAGE as Muslim colonizers get preference for housing while native Swedes are out in the cold,0,swedish outrage muslim colonizer get preference housing native swede cold
U.S. LAWMAKERS RAISE PRIVACY CONCERNS OVER NEW HACKING RULES,0,lawmaker raise privacy concern new hack rule
Sanders’ challenge: Winning over Obama supporters,1,sander challenge win obama supporter
U.S. Currency Hidden Images,0,currency hide image
GOP lands no solid punches while sparring with Clinton over Benghazi,1,gop land no solid punch spar clinton benghazi
"A nuclear deal has been reached, but Iran must free Jason Rezaian",1,nuclear deal reach iran must free jason rezaian
"South Carolina, Nevada polls find Clinton far ahead",1,south carolina nevada poll find clinton far ahead
Will Hillary Clinton lose the election because of the FBI email investigation?,1,hillary clinton lose election fbi email investigation
"Monsanto Behind 4-Years-in-the-Making, Failed Peace Deal in Colombia",0,monsanto behind year make fail peace deal colombia
Oathkeepers to Prevent Voter Fraud- Operation Sabot,0,oathkeepers prevent voter fraud operation sabot
Non-mainstream poll shows Trump poised to win with 76% chance,0,non mainstream poll show trump poise win chance
Stossel: Why Marco Rubio and Hillary Clinton are 2016's likely nominees,1,stossel marco rubio hillary clinton likely nominee
The Source of our Rage       :,0,source rage
Donald Trump Campaign Manager Is Out,1,donald trump campaign manager
"We must smash the Clinton machine: Democratic elites and the media sold out to Hillary this time, but change is coming",1,must smash clinton machine democratic elite medium sell hillary time change come
5 takeaways from the first presidential debate,1,takeaway first presidential debate
"@POTUS joins Twitter, jokes with @BillClinton",1,join twitter joke
Trump Supporters Booby Trap Polling Place And Spill Blood Of Election Volunteer (VIDEO) | Addicting Info | The Knowledge You Crave,0,trump supporter booby trap polling place spill blood election volunteer video addict info knowledge crave
Obama on 'The Daily Show:' What happened to common conversation? (+video),1,obama daily show happen common conversation video
It’s not about mental illness: The big lie that always follows mass shootings by white males,1,not mental illness big lie always follow mass shooting white male
GOP Candidates Say Paris Attacks Highlight U.S. Leadership Failure,1,gop candidate say paris attack highlight leadership failure
Report: Freddie Gray sustained injury in police van,1,report freddie gray sustain injury police van
"Sure, We Want An Honest And Trustworthy President, But It's Complicated",1,sure want honest trustworthy president complicate
"Comment on ‘Voting Is Rigged & Used To Pacify The Public’ Says Three-Time US Presidential Candidate Ron Paul by Anonymous: There Is No One Way To Live On This Planet, But We Can Be Harmonious – Collective Evolution",0,comment voting rig use pacify public say three time we presidential candidate ron paul anonymous no one way live planet harmonious collective evolution
The Pope vs. America,1,pope vs america
Bernie Sanders to announce 2016 intentions on Thursday,1,bernie sander announce intention thursday
The problem with Cruz and Kasich aligning to stop Donald Trump,1,problem cruz kasich aligning stop donald trump
Brexiters set up demented ‘people’s courts’,0,brexiter set demented people court
"Prime Minister of France says, “if we grant immediate asylum to illegal alien Muslim invaders, by tomorrow they will be speaking French and sharing French values”",0,prime minister france say grant immediate asylum illegal alien muslim invader tomorrow speak french sharing french value
US Presidential Elections Sound a Warning of Catastrophes to Come,0,we presidential election sound warn catastrophe come
The Overwhelming Stress of Being Denied a Bathroom,1,overwhelming stress deny bathroom
DONALD TRUMP & DEUTSCHE BANK: DID CLINTONS LEAN ON US JUSTICE DEPARTMENT?,0,donald trump deutsche bank clinton lean us justice department
Why You Should Stop Apologizing for Doing All That You Can,0,stop apologize
Clinton Gets Back In The Game After Blowout Loss To Sanders In N.H.,1,clinton get back game blowout loss sander
WikiLeaks Documents Reveal United Nations Interest In UFOs,0,wikileak document reveal united nations interest ufos
The Senate's 46 Democrats got 20 million more votes than its 54 Republicans,1,senate democrats get million vote republican
Fashwave Friday: Endgame,0,fashwave friday endgame
"Blog: If Donald Trump Pardons Me, I Would Be Honored To Serve As Secretary Of Agriculture",0,blog donald trump pardon would honored serve secretary agriculture
Hung jury in Jodi Arias sentencing phase removes possibility of death sentence,1,hung jury jodi arias sentencing phase remove possibility death sentence
Chris Christie Bolsters Political Team as Allies Launch Super PAC,1,chris christie bolster political team ally launch super pac
Re: Why Did Attorney General Loretta Lynch Plead The Fifth?,0,attorney general loretta lynch plead fifth
The Fear of Being Gay in Russia,1,fear gay russia
Federal court: NSA phone record collection is excessive,1,federal court nsa phone record collection excessive
BREAKING: THE REAL REASON HILLARY CLINTON WONT BE CHARGED BY THE FBI,0,break real reason hillary clinton will not charge fbi
"Blame Government, Not Markets, for Monopoly",0,blame government not market monopoly
Michael Oliver – Here Is The Big Picture For Gold After The Takedown,0,michael oliver big picture gold takedown
Hillary Clinton speech to attack Donald Trump's 'dangerous' foreign policy plans,1,hillary clinton speech attack donald trump dangerous foreign policy plan
‘Take The Money!!’: Emails Show How Clinton Campaign Manages Lobbyist Donations,1,take money email show clinton campaign manage lobbyist donation
Military op to retake Mosul from ISIS,0,military op retake mosul isis
"Iowa caucus results: Ted Cruz wins, Hillary Clinton declares victory",1,iowa caucus result ted cruz win hillary clinton declare victory
"Lesson learned? Goldman Sachs says not to expect ""Brexit-type surprise"" on Nov. 8",0,lesson learn goldman sachs says not expect brexit type surprise nov
Three Ways to Recharge Your Energy Using Crystals,0,three way recharge energy use crystal
"Obama Spends Earth Day In The Everglades, Taunting Republicans On Climate Change",1,obama spend earth day everglade taunt republicans climate change
Donald Trump doesn't challenge anti-Muslim questioner,1,donald trump not challenge anti muslim questioner
Lawyer Who Kept Hillary Campaign Chief Out of Jail in DOJ Hillary Probe,0,lawyer keep hillary campaign chief jail doj hillary probe
"Trump claims GOP nomination, tells struggling Americans 'I am your voice'",1,trump claim gop nomination tell struggle americans voice
Quit Smoking! Smoking Cigarettes Causes 150 Genetic Mutations and Cancer,0,quit smoking smoking cigarette cause genetic mutation cancer
Claire McCaskill Accuses Marco Rubio Of Shirking Principles On Immigration,1,claire mccaskill accuse marco rubio shirk principle immigration
"Obamacare Is Back At The Supreme Court, And These 6 Lives Hang In The Balance",1,obamacare back supreme court live hang balance
4 Things The New Hampshire Primary Will Tell Us,1,thing new hampshire primary tell we
The Latest ABC/WaPo Poll Has the Hillary Campaign Sounding the Alarms,0,late abc wapo poll hillary campaign sound alarm
"32,000 emails recovered in IRS targeting probe amid allegations agency chief may have lied",1,email recover irs target probe amid allegation agency chief may lie
Banana Republic Election in the United States?,0,banana republic election united states
TIME MAGAZINE Reaches NEW LOW: It’s “Sexist” To Investigate Hillary Clinton!”,0,time magazine reach new low sexist investigate hillary clinton
"If Donald Trump Wins The Election, It Will Be The Biggest Miracle In US Political History",0,donald trump win election big miracle we political history
"Comment on Creating a National Security State ‘Democracy,’ Or How the American Political System Changed and No One Noticed by James Miller",0,comment create national security state democracy american political system change no one notice james miller
Superbug cases spur FDA warning on dirty medical scopes,1,superbug case spur fda warn dirty medical scope
PATRIOT Act At 15: Do You Feel Safer?,0,patriot act feel safe
The 8th Democratic Debate In 100 Words (And 4 Videos),1,8th democratic debate word video
"Rebels Escalate Attacks on Western Aleppo, Killing 12 Civilians",0,rebel escalate attack western aleppo kill civilian
Militias prepare for election unrest while Christians fast,0,militia prepare election unrest christian fast
Saudi Arabia to behead disabled man for taking part in protests,0,saudi arabia behead disabled man take part protest
Donald Trump threatens to jail Hillary Clinton in second presidential debate,1,donald trump threaten jail hillary clinton second presidential debate
Cars That Broke Bad,0,car break bad
“Has science gone too far?”,0,science go far
Tics and tricks: Here's what Trump and Clinton's body language reveals,1,tic trick trump clinton body language reveal
Green Party’s Margaret Flowers Challenges US Senate Debate in Maryland as Undemocratic,0,green party margaret flower challenge we senate debate maryland undemocratic
Obama ISIS war authorization: Request sent to Congress,1,obama isis war authorization request send congress
Donald Trump's Problems Are Much Deeper Than A Campaign Manager,1,donald trump problem much deep campaign manager
Marcus Mumford after Bundy verdict.,0,marcus mumford bundy verdict
#2816: Clinton Pride’s 8(a) Pig Farm Bridge – Serco Zulu Server Snuff –Soros's Patented Voter Key,0,clinton pride pig farm bridge serco zulu server snuff soros patent voter key
"Obama's Presidential Library Will Be In Chicago, Foundation Announces",1,obama presidential library chicago foundation announce
Republicans are crossing a dangerous new line: sabotaging US foreign policy,1,republicans cross dangerous new line sabotage we foreign policy
Bully Backs Blowhard for President: Now Christie Likes Trump,1,bully back blowhard president christie like trump
Adelson's Review-Journal Gives Trump First Major Endorsement,1,adelson review journal give trump first major endorsement
"Jeb’s Sad, Quixotic South Carolina Slog",1,jeb sad quixotic south carolina slog
"U.S. strike believed to have killed ‘Jihadi John,’ Islamic State executioner",1,strike believe kill jihadi john islamic state executioner
Dems File Complaint w/DOJ Against FBI for Investigating Hillary,0,dem file complaint doj fbi investigate hillary
Tradesman keeps promise,0,tradesman keep promise
"Clinton, Trump and Obama aren't telling American workers the truth. Here it is",1,clinton trump obama not tell american worker truth
"BREAKING : LGBT Group Endorses Trump, Says, “Hillary is Detrimental for Gays” – TruthFeed",0,break lgbt group endorse trump say hillary detrimental gay truthfeed
The Political Songs Of Leonard Cohen,0,political song leonard cohen
Alabama Sen. Sessions Backs Trump’s Immigration Platform,1,alabama sen session backs trump immigration platform
Gary Johnson’s Post-Debate Reactions,1,gary johnson post debate reaction
How the Oligarchy Has Prepared the Groundwork for Stealing the Election,0,oligarchy prepare groundwork steal election
Reince Priebus is in over his head,1,reince priebus head
New Leak Exposes Hillary’s Real Plan For Clinton Foundation Foreign Donors,0,new leak expose hillary real plan clinton foundation foreign donor
Excruciating choice for GOP leaders: Take a risk on Trump?,1,excruciating choice gop leader take risk trump
WIKILEAKS : Hillary Receiving Donations from Radical Muslims in Turkey – TruthFeed,0,wikileak hillary receive donation radical muslims turkey truthfeed
Identity of ISIS terrorist known as 'Jihadi John' reportedly revealed,1,identity isis terrorist know jihadi john reportedly reveal
Jeremy Vine already tripping his tits off,0,jeremy vine already trip tit
“Homicides Up 55 Percent”–Chicago Stays Vibrant,0,homicide percent chicago stay vibrant
Jake Tapper to moderate 's first GOP debate,1,jake tapper moderate first gop debate
"After tragic shooting, Charleston church reopens with prayer, songs and tears",1,tragic shooting charleston church reopen prayer song tear
Acting out of weakness? Why Obama's dangerously wrong about Putin's intentions in Syria,1,act weakness obama dangerously wrong putin intention syria
"Black Agenda Radio for Week of Nov. 7, 2016",0,black agenda radio week nov
Juror in Oregon militia trial dismissed for bias: judge,0,juror oregon militia trial dismiss bias judge
An Angry John Podesta Issues A Statement On “Reopening” Of FBI Probe,0,angry john podesta issue statement reopen fbi probe
300 US Marines To Be Deployed To Russian Border In Norway,0,us marines deploy russian border norway
"Jordanian fighter jets strike hard at ISIS, pay tribute to murdered pilot",1,jordanian fighter jet strike hard isis pay tribute murder pilot
ISIS shoots down Russian helicopter near Palmyra (VIDEO+PHOTOS),0,isis shoot russian helicopter near palmyra video photo
The Sad Evolution Of Education Summed Up By One Meme,0,sad evolution education sum one meme
Obama Plans to Press Ahead With Guantanamo Bay Closure,1,obama plans press ahead guantanamo bay closure
German Defense Minister warns Donald Trump to stay away from Russia and commit full to NATO,0,german defense minister warn donald trump stay away russia commit full nato
Netanyahu walks back Palestinian state comment,1,netanyahu walk back palestinian state comment
Trump Votes Are Being Flipped To Clinton,0,trump vote flip clinton
Angela Merkel to Visit White House on Feb. 9,1,angela merkel visit white house feb
Will Nancy Pelosi miss John Boehner? Depends.,1,nancy pelosi miss john boehner depend
War is eminent,0,war eminent
Why Obama Has His Work Cut Out For Him On Getting Trade Votes,1,obama work cut get trade vote
Women Should Vote With Their Husbands,0,woman vote husband
"Trump won’t commit to accepting election results, at fiery final debate with Clinton",1,trump win commit accept election result fiery final debate clinton
What do Americans really think about abortion? The answer may surprise you.,1,americans really think abortion answer may surprise
"They Said What?!: Find Out What Reba McEntire, Whoopi Goldberg, And Pope Francis Have To Say",0,say find reba mcentire whoopi goldberg pope francis say
Was California The Last Weekend At Bernie's House Of Hope?,1,california last weekend bernie house hope
Media Roll Out Welcome Mat for ‘Humanitarian’ War in Syria,0,medium roll welcome mat humanitarian war syria
Nuclear weapons: how foreign hotspots could test Trump’s finger on the trigger,0,nuclear weapon foreign hotspot could test trump finger trigger
Milestone House Vote Would Take Health Care Away From Millions,1,milestone house vote would take health care away million
"China, Russia, The Silk Road, Commodities, Nixon And A Massive Bull Market In Gold & Silver",0,china russia silk road commodities nixon massive bull market gold silver
"Yes, Bernie Polls Better Against Trump Than Hillary—but There’s a Catch",1,yes bernie poll well trump hillary catch
EgyptAir crash: official dismisses claim that remains suggest blast,1,egyptair crash official dismisse claim remain suggest blast
More anti-Trump action planned after second night of protests across US,1,anti trump action plan second night protest across we
Twitter has been looking into the future: read the best 16 predictions,0,twitter look future read good prediction
Powerful Photo Series Challenges Society’s Perception Of The Obese,0,powerful photo series challenge society perception obese
"Trump suggests he might have prevented 9/11 attacks, extending feud with Bush",1,trump suggest might prevent attack extend feud bush
How far can campaigns go to win support from a Republican delegate?,1,far campaign go win support republican delegate
They’re already trying to steal 2016: Inside the GOP voting-rights scheme intended to derail democracy,1,already try steal inside gop voting right scheme intend derail democracy
The People Are Laughing at the Liberal Media,0,people laugh liberal medium
"Cruz eyes insurance via Obamacare, a law he vows to scrap (+video)",1,cruz eyes insurance via obamacare law vow scrap video
"On climate change, ideological and partisan polarization hardens",1,climate change ideological partisan polarization harden
#DraftOurDaughters: Pro-War Hillary Faces Backlash Over Female Draft,0,draftourdaughter pro war hillary face backlash female draft
Neither Bush nor Rubio is placing above 4th in Iowa or New Hampshire,1,neither bush nor rubio place 4th iowa new hampshire
From Berkeley to Kent State,0,berkeley kent state
High Court Ruling Against Gay Marriage Would Produce 'Chaos',1,high court rule gay marriage would produce chaos
"Shift in Cuba politics boosts Obama, challenges Rubio",1,shift cuba politic boost obama challenge rubio
"Giuliani, suggesting Trump may have ‘exaggerated’ in lewd comments, says, ‘talk and action are two different things’",1,giuliani suggest trump may exaggerate lewd comment say talk action two different thing
Twenty Years of a Dictatorial Democracy     : Information,0,twenty year dictatorial democracy information
"Decorated ‘Hero’ Cop Caught Using His Authority to Steal $170,000 in State Fees",0,decorate hero cop catch use authority steal state fee
Cop Caught on His Own Body Camera Stealing Money From Unconscious Crash Victim,0,cop catch body camera steal money unconscious crash victim
Scott Walker’s economic mess: How worker wages were gutted in Wisconsin,1,scott walker economic mess worker wage gutte wisconsin
Clinton Aide Says Future WikiLeaks Releases Are 'Probably Fake',0,clinton aide say future wikileak release probably fake
California slashes water use for upstate farmers,1,california slash water use upstate farmer
Re: French Political Leader: “France is about to Enter a Holy War with Islam” – “Embrace Christianity… Never Accept the Religion of Satan”,0,french political leader france enter holy war islam embrace christianity never accept religion satan
Bernie Sanders is unleashing a plan to make prescription drugs cheaper,1,bernie sanders unleashing plan make prescription drug cheap
John Podesta’s New Global Order,0,john podesta new global order
Hipster dog only likes 80s dog food that you can’t get any more,0,hipster dog like 80 dog food get any
Press release on Foreign Minister Sergey Lavrov’s meeting with Namibian Deputy Prime Minister and Minister of International Relations and Cooperation Netumbo Nandi-Ndaitwah - Russia News Now,0,press release foreign minister sergey lavrov meeting namibian deputy prime minister minister international relation cooperation netumbo nandi ndaitwah russia news
Boehner 'baffled' by Israeli spying report,1,boehner baffle israeli spying report
12 and 63-minute videos: Donald Trump connects to false flag targeting Muslims. Did you really think our ‘masters’ offer anything other than false choice between Left and Right arms of a .01% US rogue state?,0,minute video donald trump connect false flag target muslim really think master offer anything false choice leave right arm us rogue state
Tribute to the Last Honorable US Senator: The Story of Paul Wellstone’s Suspected Assassination,0,tribute last honorable us senator story paul wellstone suspect assassination
There’s a good reason protesters at the University of Missouri didn’t want the media around,1,good reason protester university missouri didn want medium around
Putin: Crimean Integration Into Russian Legal Framework Goes Forward,0,putin crimean integration russian legal framework go forward
Comment on 10 Strange Facts About Our Presidents by tania de saram,0,comment strange fact president tania de saram
French Political Leader: “France is about to Enter a Holy War with Islam” – “Embrace Christianity… Never Accept the Religion of Satan”,0,french political leader france enter holy war islam embrace christianity never accept religion satan
Matt Bevin is the next governor of Kentucky. He has President Obama to thank.,1,matt bevin next governor kentucky president obama thank
"Fear of Trump sparking a surge in citizenship, voter applications",1,fear trump spark surge citizenship voter application
Dr. Duke and Andrew Anglin discuss the most important vote and election of our lives!,0,dr duke andrew anglin discuss important vote election life
John Roberts helps overthrow the Constitution,1,john roberts help overthrow constitution
Poll gives Biden edge over Clinton against GOP candidates; VP meets with Trumka,1,poll give biden edge clinton gop candidate vp meet trumka
UN’s Yemen Peace Plan Would Sideline Former President Hadi,0,un yemen peace plan would sideline former president hadi
Pope Francis’ address to Congress: what it means for six Catholic lawmakers (+video),1,pope francis address congress mean six catholic lawmaker video
Kasich: ‘My Republican Party doesn’t like ideas’,1,kasich republican party doesn like idea
Experts Speechless! Countless People Miraculously Relieved of Serious Illness & Diseases-Must See!,0,expert speechless countless people miraculously relieve serious illness disease must see
What does Rick Perry have?,1,rick perry
"Minnesota Man Arrested, Sentenced to 6-Months in Jail for Having a Windmill On His Property",0,minnesota man arrest sentence month jail windmill property
"This is tyranny not democracy, says party with single MP",0,tyranny not democracy say party single mp
Re: DePaul: “Unborn Lives Matter” Posters Are Veiled Bigotry,0,depaul unborn live matter poster veil bigotry
Bill Clinton’s Lover: He Called Ruthless Hillary ‘The Warden’,0,bill clinton lover call ruthless hillary warden
Did You Notice Anything Different In The MSM Lately?,0,notice anything different msm lately
BOMBSHELL: Hillary Clinton’s Leaked Audio Proves She Rigs Elections,0,bombshell hillary clinton leak audio prove rig election
Rubio reignites Cuba debate with Senate hearing,1,rubio reignite cuba debate senate hearing
Lester Holt: presidential debate moderator and proven fact-checker,1,lester holt presidential debate moderator prove fact checker
Patriots Day 2015: Boston does not stand alone,1,patriot day boston not stand alone
| Man whose son was killed by illegal immigrant files two suits against feds,0,man whose son kill illegal immigrant file two suit fed
Mitt Romney to give big speech on 2016 race. Joining #NeverTrump? (+video),1,mitt romney give big speech race join nevertrump video
Is there any way Obama can fill Supreme Court vacancy?,1,any way obama fill supreme court vacancy
"Saudi Arabia's King Abdullah was incremental reformer, US ally (+video)",1,saudi arabia king abdullah incremental reformer we ally video
"Re: The U.S. Will Lose Global Reserve Status, Expect 80-90% Devaluation Of the U.S. Dollar",0,lose global reserve status expect devaluation dollar
How The Oligarchs Plan To Steal The Election,0,oligarchs plan steal election
GOP insiders: It was a rough night for Ted Cruz,1,gop insider rough night ted cruz
"Space Wars Likely In The Future As US, Russia Develop Satellite Weapons",0,space war likely future we russia develop satellite weapon
Donald Trump is blatantly racist — and the media is too scared to call him out on it,1,donald trump blatantly racist medium scar call
Can Donald Trump recover from this?,1,donald trump recover
The She-Devil,0,devil
Can Hillary rebuild her campaign with an upbeat message? And will anyone even notice?,1,hillary rebuild campaign upbeat message anyone even notice
The Democrats aren’t doomed: What I learned from Bernie delegates in Philadelphia,1,democrats aren doom learn bernie delegate philadelphia
The US Elections Do Matter But Not Necessary To Follow Them – Sheikh Imran Hosein,0,us election matter not necessary follow sheikh imran hosein
Enrique Marquez: I got rifles for San Bernardino killer,1,enrique marquez get rifle san bernardino killer
Project Veritas: Scott Foval Reveals Who Was Really Behind the Romney 47% Video,0,project verita scott foval reveal really behind romney video
Donald Trump Begs Hillary Clinton Early Voters to Change Their Votes,0,donald trump beg hillary clinton early voter change vote
Family of Armed Robbery Suspect Outraged Pizza Hut Employee Shot & Killed Their Son,0,family armed robbery suspect outraged pizza hut employee shoot kill son
Abortion bill dropped amid concerns of female GOP lawmakers,1,abortion bill drop amid concern female gop lawmaker
'Racist and sexist’ complaints against Aussie lamb advert rejected,0,racist sexist complaint aussie lamb advert reject
Outsider campaigns seek inside track,1,outsider campaign seek inside track
Pentagon Seeks Another $6 Billion for Overseas Troop Deployments,0,pentagon seek another billion overseas troop deployment
The Most Interesting Chart In The World – Part 2,0,interesting chart world part
"Spy Scandals, Globalism and the Betrayal of America",0,spy scandal globalism betrayal america
John Oliver’s Smear Tactics Exposed As Establishment Propaganda,0,john oliver smear tactic expose establishment propaganda
Can Sanders' millennials switch to Clinton?,1,sanders millennials switch clinton
Bernie Sanders Has Strength Among White Men Pinched By The Economy,1,bernie sanders strength among white man pinch economy
Standing Rock Indian Reservation: Thousands Of Wild Buffalo Appear Out Of Nowhere,0,standing rock indian reservation thousands wild buffalo appear nowhere
Western “Culture” is Wrecking Entire Continents,0,western culture wreck entire continent
"Scalia, Thomas & Alito have totally lost it: The complete and utter incoherence of the conservative Supreme Court justices",1,scalia thomas alito totally lose complete utter incoherence conservative supreme court justice
ISIS: Mortal Threat Or Paper Tiger?,0,isis mortal threat paper tiger
Someone left a funny note asking the postman to move a spider,0,someone leave funny note ask postman move spider
"In rare foreign trip, Assad flies to Moscow to meet with Putin",1,rare foreign trip assad fly moscow meet putin
Former ‘Apprentice’ contestant accuses Trump of groping her during job meeting,1,former apprentice contestant accuse trump groping job meeting
Hispanic Crowd Boos Marco Rubio off Stage,0,hispanic crowd boo marco rubio stage
High Court Judges looking for a Truss to support them. More soon.,0,high court judge look truss support soon
"Trump's lean campaign machine relying mostly on donor cash, not his own",1,trump lean campaign machine rely mostly donor cash not
P. Parenthood Chief Goes Toe-to-Toe with Attackers,1,parenthood chief go toe toe attacker
New Poll: Americans Feel Less Safe After 15 Years Of War,0,new poll americans feel less safe year war
"If Clinton Campaign Believes WikiLeaks Emails Are Forged, Why Don’t They Prove It!?",0,clinton campaign believe wikileak email forge don prove
Justice Department Launches Civil Rights Probe Of Baltimore Police,1,justice department launch civil right probe baltimore police
Obama Meets Boy After Deplorable Trump Fans Attack His Wheelchair When He’s Removed From Rally,0,obama meet boy deplorable trump fan attack wheelchair remove rally
“Honor Our Immigrant Veterans” Replayed,0,honor immigrant veteran replay
Laura Ingraham: The Trump betrayal by Republican elites won't soon be forgotten,1,laura ingraham trump betrayal republican elite not soon forget
Trump Supporter Jailed for Trying to Rig the Election By Committing Voter Fraud,0,trump supporter jail try rig election commit voter fraud
"Sanders wins in Wisconsin, keeping alive his improbable bid for the nomination",1,sanders win wisconsin keep alive improbable bid nomination
The unexpected and ingenious strategy of Obama's second term,1,unexpected ingenious strategy obama second term
Help Blow Up the Globalists Plot to Steal the Presidency- Make This Go Viral,0,help blow globalist plot steal presidency make go viral
Biggest Election Fraud In History Discovered In The United States,0,big election fraud history discover united states
South Carolina primary brings high stakes for Marco Rubio and Jeb Bush,1,south carolina primary bring high stake marco rubio jeb bush
Duterte Calls US Admin ‘Monkeys’ for Halting Arms Sales,0,duterte call we admin monkey halt arm sale
"Slow start for program to reduce vets' waits at Veterans Affairs facilities, offer private medical care",1,slow start program reduce vet wait veteran affair facility offer private medical care
Malaysia to Buy Ships From China in Another Blow to US Regional Dominance,0,malaysia buy ship china another blow we regional dominance
Vladimir Putin Condemns Europe for Upholding Child Rape (Video) - Ricky Twisdale,0,vladimir putin condemn europe uphold child rape video ricky twisdale
Is This A New Escalation? BLACK Chemtrails Reported Around The World!,0,new escalation black chemtrail report around world
BREAKING : Trump BEATING “Federal Investigation Hillary” by 4% in Michigan’s Absentee Voting – TruthFeed,0,break trump beat federal investigation hillary michigan absentee voting truthfeed
Harry Reid: Obama to Name Scalia Replacement in 3 Weeks,1,harry reid obama name scalia replacement week
"Amid campaign troubles, Trump blasts Clinton as 'world-class liar'",1,amid campaign trouble trump blast clinton world class liar
"Mitt Romney: Donald Trump is a 'phony, a fraud'",1,mitt romney donald trump phony fraud
'We the People' is at risk: Why America needs civics education,1,people risk america need civic education
"‘Like Warsaw ghetto’: Attendees attacked, surrounded at Israeli speaker event at London university",0,like warsaw ghetto attendee attack surround israeli speaker event london university
"Comment on St. Charles Borromeo, Patron Saint of Catechists and Seminarians by jose",0,comment st charles borromeo patron saint catechist seminarian jose
NSA program reportedly helped US gather evidence against North Korea in Sony hack,1,nsa program reportedly help we gather evidence north korea sony hack
"Donald Trump triumphs in Michigan and Mississippi. Onward, reality show junkies",1,donald trump triumph michigan mississippi onward reality show junky
"What happens to delegates won by Rubio, other ex-candidates?",1,happen delegate win rubio ex candidate
Sniff your underarms and tell us if you stink...,0,sniff underarm tell we stink
Must Watch: When People Laughed At Donald Trump And Anyone Who Said He Would Win,0,must watch people laugh donald trump anyone say would win
"Mired in third, Marco Rubio prepares for a long, drawn-out Republican race",1,mire third marco rubio prepares long draw republican race
Comment on Facebook Daughter’s Day Hoax Is A Sign Of The Times by para kazanmak,0,comment facebook daughter day hoax sign times para kazanmak
The Last Confirmation Bias Test of This Election,0,last confirmation bias test election
Donald Trump v Bernie Sanders: confusion reigns over possible debate,1,donald trump bernie sander confusion reign possible debate
Unprecedented letter from Chair of Joint Chiefs suggests U.S. military does not want a President Hillary,0,unprecedented letter chair joint chief suggest military not want president hillary
North Dakota Police Arrest Over 140 Pipeline Protesters,0,north dakota police arrest pipeline protester
Paul: Christie embraces Obamacare,1,paul christie embrace obamacare
Ooh Fuck,0,ooh fuck
"The American Way: Socialism for the Rich, Free Enterprise for the Rest",0,american way socialism rich free enterprise rest
BREAKING: Trump Rushed Off Stage After Alleged Gunman Found in Rally Audience,0,break trump rush stage allege gunman find rally audience
"FBI Assistant Director Goes Rogue, Stabs Hillary in the Back on National TV",0,fbi assistant director go rogue stab hillary back national tv
Photo of the day: Miss Russia at the international beauty contest in Tokyo,0,photo day miss russia international beauty contest tokyo
Congressional auditors: VA health care is high-risk,1,congressional auditor va health care high risk
"Leaked Email: ‘If She Wins, Hillary Will Own The Supreme Court for the Next 30 to 40 Years’",0,leak email win hillary supreme court next year
"Iowa’s Des Moines Register endorses Clinton, Rubio",1,iowa des moines register endorse clinton rubio
Economic Nationalism: Alternative To Globalism,0,economic nationalism alternative globalism
Experts Just Uncovered The Top Secret Server Trump Uses To Talk To Russia,0,expert uncover top secret server trump use talk russia
White House looks to scientists to sell Iran deal,1,white house look scientist sell iran deal
GOP debate: 's Reality Check Team inspects claims,1,gop debate reality check team inspect claim
Travel: Conor McGregor’s Guide To New York,0,travel conor mcgregor guide new york
Lawmakers Who Have Forgotten Iraq Insist They're Right About Iran,1,lawmaker forget iraq insist right iran
"Kiev officials forced to declare incomes, Ukrainians threaten revolt",0,kiev official force declare income ukrainians threaten revolt
Congress and its 'outsiders': The critical struggle over who is really in charge,1,congress outsider critical struggle really charge
"Walnuts Are Drugs, Says FDA",0,walnut drug say fda
Hotel CEO Caught Celebrating Using Government to Make Airbnb Illegal So They Can Price Gouge,0,hotel ceo catch celebrate use government make airbnb illegal price gouge
Sanders: Democratic Party hasn't been fair to me,1,sanders democratic party not fair
"Bobby Jindal, raised Hindu, uses story of Christian conversion to woo evangelicals for potential 2016 bid",1,bobby jindal raise hindu use story christian conversion woo evangelical potential bid
Conservatives in a meltdown: National Review’s confused “Against Trump” issue is an amazing testament to the right’s implosion,1,conservatives meltdown national review confuse trump issue amazing testament right implosion
"Reinventing Democracy in America Starts by Voting, Then Building an Accountability Movement",0,reinvent democracy america start voting build accountability movement
PressTV-Huge blast kills 47 in Pakistan's Balochistan,0,presstv huge blast kill pakistan balochistan
"What is an ""income"" tax and where did it come from? NOT the 16th Amendment!",0,income tax come not 16th amendment
Will Latino loathing of Trump drive a voter movement to swing the election?,1,latino loathing trump drive voter movement swing election
Drudge goes all in for Trump,1,drudge go trump
New Study Shows Riots Make America Conservative,1,new study show riot make america conservative
21 dead at Radison Blu hotel in Mali,1,dead radison blu hotel mali
The Reopening Of The Clinton Email Investigation Is More GOP Hype Over Nothing,0,reopen clinton email investigation gop hype nothing
"Anti-terrorism crackdowns may have spurred attackers, Belgian prosecutor says",1,anti terrorism crackdown may spur attacker belgian prosecutor say
"United States – reformation or fracture?, by Thierry Meyssan",0,united states reformation fracture thierry meyssan
British PM Refuses To Withdraw Support For Saudi Arabia,0,british pm refuse withdraw support saudi arabia
Editorial: Presidential stakes are high for nuclear arsenal - The Boston Globe,1,editorial presidential stake high nuclear arsenal boston globe
Proof God is on Duterte’s Side!,0,proof god duterte side
"Obama, Erdogan Discuss Need for Close Cooperation to Counter Daesh",0,obama erdogan discuss need close cooperation counter daesh
Voter Dreading Being Sent Over To Visibly Stupid Poll Worker - The Onion - America's Finest News Source,0,voter dreading send visibly stupid poll worker onion america fine news source
North Korea Threatens ‘Sacred’ Nuclear War Against Israel if this country continue supporting ISIS,0,north korea threaten sacred nuclear war israel country continue support isis
Magnificent Jellyfish Gardens Purify The Water While Growing Food,0,magnificent jellyfish garden purify water grow food
Here's why creating single-payer health care in America is so hard,1,create single payer health care america hard
Why Koch and Republican donor network won’t back Trump (+video),1,koch republican donor network win back trump video
The Iran Deal and the Cost of Political Polarization | RealClearPolitics,1,iran deal cost political polarization realclearpolitic
A Book Too Dangerous To Read,0,book dangerous read
Gowdy reveals subpoena Clinton claims she 'never had',1,gowdy reveal subpoena clinton claim never
"Walgreens to close 200 stores, boost cost cutting",1,walgreen close store boost cost cutting
"This Will END Hillary’s Campaign, HILLARY CLINTON IS GOING DOWN",0,end hillary campaign hillary clinton go
"US Officials, FBI See No Link Between Trump and Russia",0,us official fbi see no link trump russia
‘They Don’t Speak For Me’ — Evangelical PhD SLAMS Religious Right Leaders Supporting Trump,0,don speak evangelical phd slam religious right leader support trump
Teacher sickout closes most Detroit schools Monday,1,teacher sickout close detroit school monday
Anyone from the family who can understand what I speak will be appointed as UP CM: Mulayam Singh,0,anyone family understand speak appoint cm mulayam singh
"Unsurprisingly, this Ku Klux Klan leaflet has a spelling mistake",0,unsurprisingly ku klux klan leaflet spelling mistake
"American Dream, Revisited",0,american dream revisit
Lynch's delayed confirmation vote,1,lynch delay confirmation vote
Benny Morris’s Untenable Denial of the Ethnic Cleansing of Palestine,0,benny morris untenable denial ethnic cleansing palestine
Cloudy economy rains on Obama's parade,1,cloudy economy rain obama parade
GOOGLE head Eric Schmidt's secret strategic plan for election...,0,google head eric schmidt secret strategic plan election
"High school, middle school kids now use more e-cigs than tobacco: CDC",1,high school middle school kid use cig tobacco cdc
"Sanders focuses on gun violence, immigration as 13,000 attend Arizona rally",1,sander focus gun violence immigration attend arizona rally
What happened to Carly Fiorina's presidential hopes? (+video),1,happen carly fiorina presidential hope video
"Cruz dominates, Trump falls short again as more states pick delegates",1,cruz dominates trump fall short state pick delegate
"Racism is “America’s original sin”: Unless we tell the truth about our history, we’ll never find the way to reconciliation",1,racism america original sin unless tell truth history never find way reconciliation
Kevin McCarthy is a total dope: This bumbling yahoo is about to be second in line to the presidency,1,kevin mccarthy total dope bumble yahoo second line presidency
Kp Message 10-30-16… “A Few Things”,0,kp message thing
Top Clinton aide Mills reportedly walks out of FBI interview about emails,1,top clinton aide mill reportedly walk fbi interview email
'America Has Lost' in the Philippines as Duterte Calls for Alliance with Russia and China - Pepe Escobar,0,america lose philippines duterte calls alliance russia china pepe escobar
California's Death Penalty: Mike Ramos v. Kevin Cooper and Proposition 62,0,california death penalty mike ramos kevin cooper proposition
The quiet global crisis that scares the State Department,1,quiet global crisis scar state department
Camden Yards briefly closed off as Freddie Gray protests intensify in Baltimore,1,camden yards briefly close freddie gray protest intensify baltimore
8 Things Congress Actually Did This Year,1,thing congress actually year
Olivia Newton John's Daughter Is Vocal About Plastic Surgery Addiction...Here Are the Family Photos She Doesn't Show - Independent Journal Review,0,olivia newton john daughter vocal plastic surgery addiction family photo not show independent journal review
Cahill vs. Kalma Debut Album Out Now!,0,cahill vs kalma debut album
Comment on FBI: No link between Trump and Russian government by Christian Zionist,0,comment fbi no link trump russian government christian zionist
"""Top Five Clinton Donors Are Jewish"" - How Anti-Semitic Is This Fact?",0,top five clinton donor jewish anti semitic fact
Why Congress Doesn't Really Worry About What Most Americans Think,1,congress not really worry americans think
Russia And Syria Blamed For Idlib Bombing Hoax,0,russia syria blame idlib bombing hoax
FBI Sources believe Clinton Foundation case is “likely moving toward an indictment”,0,fbi source believe clinton foundation case likely move toward indictment
"Trump wins presidency, defeats Clinton in historic election upset",1,trump win presidency defeat clinton historic election upset
"On The Streets Of Baltimore, Trying To Understand The Anger",1,streets baltimore try understand anger
Where’s the partisan polarization on abortion?,1,partisan polarization abortion
Mike Pence Is Fine With Trump Sexual Assault But Offended By Voter Suppression,0,mike pence fine trump sexual assault offend voter suppression
Learning Horrors of War from Vets,0,learn horror war vet
"Shiite militia says it is close to Tal Afar, which Turkey has warned is off limits",0,shiite militia say close tal afar turkey warn limit
Some Early Voters: Changing their Minds,0,early voter change mind
20 Foods That Naturally Unclog Arteries and Prevent Heart Attacks,0,food naturally unclog artery prevent heart attack
Condell: America’s Moment Of Truth,0,condell america moment truth
SATAN 2: Russia unvelis an image of its terrifying new ‘SUPERNUKE’ – Western world takes notice,0,satan russia unveli image terrify new supernuke western world take notice
Russia Calls Downing Of Its Plane A 'Planned Provocation',1,russia call down plane plan provocation
9th baby dies after heart surgery at a Florida hospital,1,9th baby die heart surgery florida hospital
RI's YouTube Channel Tops 100 Thousand Subscribers and 60 Million Views - Damir Marinovich,0,ri youtube channel top thousand subscriber million view damir marinovich
Comment on Will Michelle Obama Be The Replacement Nominee If The FBI Email Investigation Ends Hillary Clinton’s Campaign? by marlene,0,comment michelle obama replacement nominee fbi email investigation end hillary clinton campaign marlene
Dems open convention without Wasserman Schultz,1,dem open convention without wasserman schultz
America at the Crossroads: Abrogation of Democracy,0,america crossroads abrogation democracy
"Upcoming proposal in Congress for military action must strike Goldilocks-esq, 'just right' tone",1,upcoming proposal congress military action must strike goldilock esq right tone
Pope brings message of brotherly love to Philadelphia,1,pope bring message brotherly love philadelphia
Voters' dilemma: What happens if it's Hillary vs. Trump?,1,voter dilemma happen hillary vs trump
Trump Gives 6 Reasons To Vote For Him,0,trump give reason vote
NY Times: Trump Supporters are Threatening a ‘Violent Revolution’ if Hillary Wins,0,ny times trump supporter threaten violent revolution hillary win
Five Filipino hostages freed by Somali pirates reunite with families,0,five filipino hostage free somali pirate reunite family
"Guy Fawkes, The Gun Powder Plot & How False Flags Have Shaped History",0,guy fawke gun powder plot false flag shape history
"I'm a black ex-cop, and this is the real truth about race and policing",1,black ex cop real truth race police
This astonishing chart shows how moderate Republicans are an endangered species,1,astonishing chart show moderate republicans endanger specie
Ted Cruz tackles the Wall Street Journal,1,ted cruz tackle wall street journal
Cory Booker on how America's criminal justice system destroys the American dream,1,cory booker america criminal justice system destroy american dream
Re: Rights? In The New America You Don’t Get Any Rights!,0,right new america don get any right
OPEC Fails to Agree as U.S. Energy Industry Ramps Up,0,opec fails agree energy industry ramp
Trump’s audacious Southern spectacle is part of his strategy,1,trump audacious southern spectacle part strategy
WW3 Nuclear War Drills World War 3 To Start In Ukraine,0,ww3 nuclear war drill world war start ukraine
Facebook user wastes two hours sharing things to impress his insurance company,0,facebook user waste two hour share thing impress insurance company
"250,000-year-old artifact: The ultimate evidence of ‘Ancient Astronaut’ technology?",0,year old artifact ultimate evidence ancient astronaut technology
Expert: ISIL 'highly likely' to launch gas attack in London,1,expert isil highly likely launch gas attack london
Obama to Propose Protecting 1.4 Million Acres of Arctic Refuge,1,obama propose protect million acre arctic refuge
"SHOCK STATEMENT: Anthony Weiner SPEAKS, Drops LEGAL NUKE On Hillary",0,shock statement anthony weiner speak drop legal nuke hillary
Trump Tower Surrounded By Dump Trucks In Anticipation Of Violence,0,trump tower surround dump truck anticipation violence
"AT&T-Time Warner Merger To Expand Corporate, State Control Of Media",0,time warner merger expand corporate state control medium
Fox News has no shame: Easily duped wingnuts spout phony science and climate-change lies,1,fox news no shame easily dupe wingnut spout phony science climate change lie
Racist Sign Calls For Lynching Black People To Prevent Them From Getting Equal Rights,0,racist sign call lynch black people prevent get equal right
"House OKs bill blocking Planned Parenthood funds, amid shutdown worries",1,house oks bill block planned parenthood fund amid shutdown worry
Debate: NATO's eastward expansion,0,debate nato eastward expansion
State of the Union recap: Obama sells optimism to nervous nation,1,state union recap obama sell optimism nervous nation
Tony Blair suggests a second referendum to reverse Brexit,0,tony blair suggest second referendum reverse brexit
Selected Not Elected: The Election Has Been Stolen,0,select not elect election steal
"Clinton, Trump at First Debate: Was It All America Expected?",1,clinton trump first debate america expect
Harry Reid endorses Chuck Schumer to succeed him as Senate Democratic leader,1,harry reid endorse chuck schumer succeed senate democratic leader
How Scalia's death could change Supreme Court and Election 2016,1,scalia death could change supreme court election
What Trump Will Never Understand About Immigrants,1,trump never understand immigrant
Baltimore protests: Crowds stand firm after curfew,1,baltimore protest crowd stand firm curfew
VIDEO COMPILATION: Pundits and Politicians Insist Donald Trump Cannot Win Election,0,video compilation pundit politician insist donald trump can not win election
"Santorum talks 2016, minimum wage increase",1,santorum talk minimum wage increase
Kurds Worried Turkey Will Stab Them in the Back as They Fight ISIS,0,kurd worry turkey stab back fight isis
"Vicar sacked over orgies, hookers & porn after wife exposes his double life",0,vicar sack orgy hooker porn wife expose double life
I live in Iran. Here's how sanctions have shaped my life.,1,live iran sanction shape life
Make America Vote Again,0,make america vote
Russia begins airstrikes in Syria; U.S. warns of new concerns in conflict,1,russia begin airstrike syria warn new concern conflict
Tens of Thousands of Police Expected for Funeral of Slain Officer,1,ten thousand police expect funeral slay officer
Walker’s anti-union law has labor reeling in Wisconsin,1,walker anti union law labor reel wisconsin
With a bullet: Oil prices headed to the basement,1,bullet oil price head basement
WikiLeaks List Exposes At Least 65 Corporate ‘Presstitutes’ Who Colluded to Hide Clinton’s Crimes,0,wikileak list expose least corporate presstitute collude hide clinton crime
"Ted Cruz, the master strategist, was no match for Trump's cult of personality",1,ted cruz master strategist no match trump cult personality
"Ashutosh attempts suicide at protest rally, rescued while proofreading suicide note",0,ashutosh attempt suicide protest rally rescue proofread suicide note
"Obama seeks to end sequester cuts, raise spending caps in budget plan",1,obama seeks end sequester cut raise spending cap budget plan
Rieder: Why Stephanopoulos flap matters,1,rieder stephanopoulos flap matter
Netanyahu Defeats Center-Left Rival In Israel's Parliamentary Election,1,netanyahu defeats center leave rival israel parliamentary election
Why We Wait For The Future,0,wait future
U.S. militia girds for trouble as presidential election nears,0,militia gird trouble presidential election near
Continental Gold,0,continental gold
Political hatefest: Why the media—and the candidates—are dragging down the campaign,1,political hatef medium candidate drag campaign
Comment on A Chinese Boy With The Ability To See In Pitch Black Dark Baffles Scientists (Video) by Adpres Media - Adpres.net,0,comment chinese boy ability see pitch black dark baffle scientist video adpre medium adpre net
Three reasons political polarization is here to stay,1,three reason political polarization stay
Badass Patriot Has MASSIVE Surprise For Thieves Who Stole His Trump Sign,0,badass patriot massive surprise thief steal trump sign
Can Libertarian nominees Gary Johnson and Bill Weld siphon votes from Trump?,1,libertarian nominees gary johnson bill weld siphon vote trump
"The Supreme Court Case That Could Gut Obamacare, Explained In 2 Minutes",1,supreme court case could gut obamacare explain minute
FBI Officials: No Link Between Donald Trump and Putin…,0,fbi official no link donald trump putin
The Democratic Debate Clock: Which Issues Got The Most Time,1,democratic debate clock issue get time
Protesters target Trump buildings in massive street rallies,1,protester target trump building massive street rally
Election 2016: Open Thread,0,election open thread
FBI PANIC! Hillary LIES In First Press Conference While A LEAKED PHOTO From Her Airplane Reveals The Truth,0,fbi panic hillary lie first press conference leak photo airplane reveal truth
McConnell plan moves Senate closer to deal on Homeland Security funding,1,mcconnell plan move senate close deal homeland security funding
Louis Farrakhan (Nation of Islam) agrees with Donald Trump about the need for extreme vetting of Muslim immigrants,0,louis farrakhan nation islam agree donald trump need extreme vet muslim immigrant
Michael Moore Owes Me $4.99,0,michael moore owe
Baking Soda & Coconut Oil Can Kill Cancer: Eye-Opening Evidence,0,bake soda coconut oil kill cancer eye opening evidence
Comment on 65 US ‘journalists’ at a private dinner with Hillary Clinton’s team and John Podesta by Debbie Menon,0,comment we journalist private dinner hillary clinton team john podesta debbie menon
"OCTOBER GUN SALES SEE MASSIVE SPIKE, SET YET ANOTHER RECORD",0,october gun sale see massive spike set yet another record
BREAKING: White House Abandons TPP & TTIP,0,break white house abandon tpp ttip
Soros Paid Al Gore MILLIONS to Push ‘Aggressive US Action’ on Global Warming,0,soros pay al gore million push aggressive us action global warming
Facebook Faces High Profile Lawsuit Regarding Facial Recognition Technology ‘DeepFace’,0,facebook face high profile lawsuit regard facial recognition technology deepface
Only 3 Countries Left Without a ROTHSCHILD Central Bank,0,country leave without rothschild central bank
Chattanooga shooting proves it's time to arm our Armed Forces,1,chattanooga shooting prove time arm armed force
"Names of Oregon victims released, range in age from 18 to 67",1,name oregon victim release range age
"BUSTED! Pro-Trump PAC Rep Admits To Voter Suppression Campaign Targeting Blacks, Suburban Mothers",0,bust pro trump pac rep admits voter suppression campaign target black suburban mother
Debate fact-check: Hillary Clinton and Donald Trump's claims reviewed,1,debate fact check hillary clinton donald trump claim review
Kentucky Clerk's Office Issues Same-Sex Marriage License,1,kentucky clerk office issue sex marriage license
The map is tough for any Republican. It’s completely daunting for Donald Trump.,1,map tough any republican completely daunt donald trump
"White House makes formal veto threat against Keystone, ACA bills",1,white house make formal veto threat keystone aca bill
Nonduality and the Consciousness of 'Things' - Thich Nhat Hanh,0,nonduality consciousness thing thich nhat hanh
Why do people on the other side seem so unreasonable?,1,people side seem unreasonable
The Republican Party ruined conservatism long before Trump: Why they still don’t get it,1,republican party ruin conservatism long trump still don get
Obamacare is Meant to Fail in Order to Usher in Government-Run Socialist Health Care,0,obamacare mean fail order usher government run socialist health care
"Megyn Kelly Special: Trump defends tone, says bid will be ‘complete waste’ if he doesn’t win",1,megyn kelly special trump defend tone say bid complete waste doesn win
"Donald Trump’s grandfather ran Canadian brothel during gold rush, author says",0,donald trump grandfather run canadian brothel gold rush author say
At least nine protesters arrested after St. Louis police shooting,1,least nine protester arrest st louis police shooting
Workplace Violence or Terrorism? CA Massacre Probe Unfolds,1,workplace violence terrorism can massacre probe unfold
"I’m with Hillary in November: Listen up, fellow Bernie supporters — you must get behind Clinton to stop Donald Trump",1,hillary november listen fellow bernie supporter must get behind clinton stop donald trump
CodeSOD: The Wisdom of the Ancients,0,codesod wisdom ancient
U.S. provides options for drawdown of forces in Afghanistan amid ISIS fears,1,provide option drawdown force afghanistan amid isis fear
The Media Ignores the Good News On Climate Change,0,medium ignore good news climate change
The NRA-ification of the Republican Party,1,nra ification republican party
"University of Missouri, please immediately fire employees who taunted media",1,university missouri please immediately fire employee taunt medium
Trump &amp; Clinton Were Very Convincing...on How Lousy the Other One Is,1,trump amp clinton convince lousy one
"Meteor, space junk, rocket? Mysterious flash hits Siberia",0,meteor space junk rocket mysterious flash hit siberia
Democrats see map and math working to their advantage in 2016 Senate races,1,democrats see map math working advantage senate race
Hillary Clinton doesn't need to choose between a reassuring campaign and progressive policies,1,hillary clinton not need choose reassuring campaign progressive policy
"Airstrikes Move To Syria, Target More Than Just ISIS",1,airstrike move syria target isis
Top US lawmakers strike deal to fast-track trade deals,1,top us lawmaker strike deal fast track trade deal
"Leftist Hypocrisy On “Peace, Love, And Equality” BRUTALLY Exposed",0,leftist hypocrisy peace love equality brutally expose
Future Obamacare Costs Keep Falling,1,future obamacare cost keep fall
"Yes, Bernie Sanders is not a Democrat — and Hillary represents the very worst of the party",1,yes bernie sanders not democrat hillary represent bad party
ISIS Genocide: Will US Back Up Its Tough Talk?,1,isis genocide we back tough talk
Gary Johnson can’t name a single foreign leader. Can we stop pretending he’s a real alternative now?,1,gary johnson name single foreign leader stop pretend real alternative
More Than 1 Million ‘Check In’ On Facebook To Support The Standing Rock Sioux,0,million check facebook support stand rock sioux
"Clinton camp issues clarification on deleted emails, claims ‘every’ message was reviewed",1,clinton camp issue clarification delete email claim every message review
America's Trump supporters may be lured to Florida and walled in by US government to maintain peaceful transfer of power after election.,0,america trump supporter may lure florida wall us government maintain peaceful transfer power election
There’s nothing suspicious about Trump’s accusers coming forward weeks before the election,1,nothing suspicious trump accuser come forward week election
Re: Vladimir Putin,0,vladimir putin
"FBI Found ""Tens Of Thousands Of Emails"" Belonging To Huma Abedin On Weiner's Laptop",0,fbi find ten thousand email belong huma abedin weiner laptop
Who won the debate?,1,win debate
Rachel Dolezal has a right to be black (Opinion),1,rachel dolezal right black opinion
Tennessee Children with Brittle Bones Suffer in State Care as Mom Charged with SBS,0,tennessee children brittle bone suffer state care mom charge sbs
Donald Trump May Have Broken The Law To Avoid Paying Federal Income Taxes,0,donald trump may break law avoid pay federal income taxis
Who will Hillary Clinton’s ‘basket of deplorables’ comment actually alienate?,1,hillary clinton basket deplorable comment actually alienate
U.S. officials: No known threat in wake of Paris attack,1,official no know threat wake paris attack
Bad News For Jackson Family As Woman Leaks Star’s Sick $900k Sex Secret,0,bad news jackson family woman leak star sick 900k sex secret
FBI debunks Hillary's Conspiracy Theory: Trump is NOT a Russian Agent,0,fbi debunk hillary conspiracy theory trump not russian agent
Megyn Kelly Finally Reveals The Details Of Ailes’ Sexual Harrassment,0,megyn kelly finally reveal detail ail sexual harrassment
"‘Most wanted’ drug baron hands himself in, says life on the run ‘got too much’",0,want drug baron hand say life run get much
State Polls: Trump Gains DRAMATICALLY | Daily Wire,0,state poll trump gain dramatically daily wire
Johnson & Johnson Loses Yet Another Multimillion Dollar Case Over Baby Powder,0,johnson johnson lose yet another multimillion dollar case baby powder
Former US Attorney for DC: New Hillary Email Probe Was Result of ‘Revolt’ Inside FBI,0,former us attorney dc new hillary email probe result revolt inside fbi
The Daily 202: Ted Cruz’s war with Matt Drudge could become a huge problem for his campaign,1,daily ted cruz war matt drudge could become huge problem campaign
Why A Vote For An Establishment Candidate Could Be A Vote For Trump In N.H.,1,vote establishment candidate could vote trump
"U.S. is hitting Islamic State 'harder than ever,' Obama says",1,hit islamic state hard ever obama say
House Republicans Plan Secret Meeting To Discuss Overthrowing Paul Ryan,0,house republicans plan secret meeting discuss overthrow paul ryan
Inside the war on coal,1,inside war coal
Pope Francis delivers message of 'hope and healing' in address to Congress,1,pope francis deliver message hope heal address congress
Scientists Claim That “Most Cancer Research Is Largely A Fraud”,0,scientist claim cancer research largely fraud
Stop poisoning the race debate: How “respectability politics” rears its ugly head — again,1,stop poison race debate respectability politic rear ugly head
NATO calls for more troops for face-off against Putin,0,nato call troop face putin
"Sorry, Piers, but Joe Walsh just laid claim to the ‘Musket’ nickname with his post-election call to arms",0,sorry pier joe walsh lay claim musket nickname post election call arm
Biden Explains Why Hillary Set Up Her Email Server (This Doesn’t Help Her),0,biden explain hillary set email server doesn help
Trump Victory Necessary to Get US Into World War?,0,trump victory necessary get we world war
"When Nobody Returns: Palestinians Show They are People, Too",0,nobody return palestinians show people
The Trump Recession: He’s linked himself to potential economic calamity with Brexit stance,1,trump recession link potential economic calamity brexit stance
"Tesla, ‘World’s Safest Car,’ Explodes Like a Bomb",0,tesla world safe car explode like bomb
Read the Open Letter By Former Federal Prosecutors Criticizing James Comey,0,read open letter former federal prosecutor criticize james comey
Do you think there will be as many doom sayers if trump should get in office ?,0,think many doom sayer trump get office
Al Shabaab calls for attack on Mall of America in new video,1,al shabaab call attack mall america new video
"‘Beyonce, Jay Z, Hillary Clinton – You Don’t Represent All Blacks, Women’",0,beyonce jay hillary clinton don represent black woman
The Wild Ideas You Missed While Donald Trump Was Talking,1,wild idea miss donald trump talk
Saudi Arabia says farewell to King Abdullah,1,saudi arabia say farewell king abdullah
Supreme Court rules gay couples nationwide have a right to marry,1,supreme court rule gay couple nationwide right marry
"Insiders: Rubio wins, Kasich bombs",1,insider rubio win kasich bomb
CONFIRMED: Russia deploys Kuznetsov aircraft carrier to defend Syrian coast,0,confirm russia deploy kuznetsov aircraft carrier defend syrian coast
"Media blackout as hundreds of black teens attack Temple U. students, police, a horse",0,medium blackout hundred black teen attack temple student police horse
The 6 most important parts of Donald Trump's energy policy,1,important part donald trump energy policy
"Area Liberal No Longer Recognizes Fanciful, Wildly Inaccurate Mental Picture Of Country He Lives In - The Onion - America's Finest News Source",0,area liberal no long recognize fanciful wildly inaccurate mental picture country live onion america fine news source
When Charlottesville Was Nuked,0,charlottesville nuke
Comment on Seattle council member proposes a MASSIVE fee hike for pot shops by Steven Broiles,0,comment seattle council member propose massive fee hike pot shop steven broile
‘We The People’ Against Tyranny: Seven Principles For Free Government,0,people tyranny seven principle free government
Republican Mark Kirk Just Lost His Race Against Tammy Duckworth With A Single Racist Comment (VIDEO),0,republican mark kirk lose race tammy duckworth single racist comment video
Russophobia: War Party Propaganda    : Information,0,russophobia war party propaganda information
A collection of thoughts about American foreign policy,0,collection thought american foreign policy
Scalia lies in repose at Supreme Court,1,scalia lie repose supreme court
For the Record's week in review: Trump's list of accusers grows,1,record week review trump list accuser grow
What history tells us about the health of presidents and candidates,1,history tell we health president candidate
Solar-powered Pipe desalinates 1.5 billion gallons of drinking water a year for California,0,solar power pipe desalinate billion gallon drink water year california
"PHARRELL WILLIAMS BEGS WOMEN TO VOTE HILLARY: SHE’S DISHONEST, BUT SO ARE YOU",0,pharrell williams beg woman vote hillary dishonest
NBA Team Cancels Anthem Singer After She Tries Wearing Controversial Race Shirt Onto Court,0,nba team cancel anthem singer try wear controversial race shirt onto court
Comment on Canadian Air Force Pilot Snaps A Pic Of A UFO During Flight by Is This What You Think They Would Look Like? Supposed Pictures of Real Extraterrestrials – Collective Evolution,0,comment canadian air force pilot snaps pic ufo flight think would look like suppose picture real extraterrestrial collective evolution
NBC's Baghdad Bob: There Is No FBI Investigation of Hillary | Frontpage Mag,0,nbc baghdad bob no fbi investigation hillary frontpage mag
"Sorry, America, but Trump Can Actually Win",1,sorry america trump actually win
President al-Assad: United States and its Western allies are to blame for failure of latest ceasefire,0,president al assad united states western ally blame failure late ceasefire
Astronomers Think They Have Just Discovered Messages Sent from Aliens,0,astronomer think discover message send alien
Att’y General Loretta Lynch Pleads The 5th When Asked Questions About Obama’s Iran Ransom Payment,0,att general loretta lynch plead 5th ask question obama iran ransom payment
Trump University 'playbooks' offer glimpse of ruthless business practices,1,trump university playbook offer glimpse ruthless business practice
Syria casts shadows on 2016 Dems,1,syria cast shadow dem
It’s Going to Change RADICALLY With Silver – HUGE Demand Coming | Cliff High,0,go change radically silver huge demand come cliff high
Wisconsin primary: 5 things to watch,1,wisconsin primary thing watch
Trump is closer to what most Republicans believe than the ‘establishment’ candidates are,1,trump close republican believe establishment candidate
The Worst Takes Of 2016 Election: An Unforgiving Retrospective,0,bad take election unforgive retrospective
Afraid of What? The Woman Who Accused Trump of Raping Her at 13 Just Dropped Her Lawsuit,0,afraid woman accuse trump raping drop lawsuit
WW3 averted? Putin congratulates Trump! [Video],0,ww3 avert putin congratulate trump video
Clinton takes the fight to Trump,1,clinton take fight trump
"Re: Former Congressman Joe Walsh: “If Trump Loses, I’m Grabbing My Musket”",0,former congressman joe walsh trump lose grab musket
An open letter to Donald Trump from Ari Fleischer: Five things you need to do now,1,open letter donald trump ari fleischer five thing need
BREAKING : Wikileaks Reveals More Clinton “Quid Pro Quo” – Bill Meets With Saudi Prince in D.C.,0,break wikileak reveal clinton quid pro quo bill meet saudi prince
"Comment on Hillary Clinton failed to disclose $400,000 in pricey presents, private jets and vacations gifted to Bill by Hillary Clinton failed to disclose $400,000 in pricey presents, private jets and vacations gifted to Bill — Fellowship of the Minds | kommonsentsjane",0,comment hillary clinton fail disclose pricey present private jet vacation gift bill hillary clinton fail disclose pricey present private jet vacation gift bill fellowship mind kommonsentsjane
GAY TRUMP SUPPORTERS getting death threats from gay people who support a candidate who receives multi-million dollar contributions from countries that execute gays,0,gay trump supporter get death threat gay people support candidate receive multi million dollar contribution country execute gay
The math is with Hillary: She’s surging in the polls — and many Republicans are in denial,1,math hillary surge poll many republicans denial
Noam Chomsky and Ralph Nader Recently Had Their First Public Conversation (Video),0,noam chomsky ralph nader recently first public conversation video
The Week That Hillary Clinton 2016 Speculation Moved From Trickle To Stream,1,week hillary clinton speculation move trickle stream
Boehner's big week,1,boehner big week
Top Clinton Ally Caught Accepting $20k Foreign Donation,0,top clinton ally catch accept 20k foreign donation
What is going on with WikiLeaks?,0,go wikileak
Solar Storm Alert,0,solar storm alert
The Circus of Liars - America's Three Rings of Evil Clowns,0,circus liars america three ring evil clown
Bernie's not-so-secret-weapon,1,bernie not secret weapon
Belgian police mount raids; prosecutors acknowledge missed opportunities,1,belgian police mount raid prosecutor acknowledge miss opportunity
VA secretary apologizes for misstating military service to homeless veteran,1,va secretary apologize misstate military service homeless veteran
Ron Paul to Trump: Don't Listen to Neocons!,0,ron paul trump not listen neocon
Trump campaign shake-up,1,trump campaign shake
"Republican convention speakers: Ivanka, Newt",1,republican convention speaker ivanka newt
Congress clears $1.8 trillion tax and spending bills,1,congress clear trillion tax spending bill
5 things to watch in tonight’s debate,1,thing watch tonight debate
Romney tears into GOP for not criticizing Trump,1,romney tears gop not criticize trump
How presidents manipulate the media and the public,1,president manipulate medium public
Fact Check: Trump Is Right that Clinton Might Cause WW3,0,fact check trump right clinton might cause ww3
The White House insists it has a plan to fight Islamic State and that it’s working,1,white house insist plan fight islamic state working
"Profits & Profiteers – Big Banks, Price Fixing, Profiteering – 30% Price Hike -Poor Farmers – 1940s",0,profit profiteer big bank price fixing profiteer price hike poor farmer 1940
Hillary’s “Big Tent” is Obama’s “Grand Bargain” on Steroids,0,hillary big tent obama grand bargain steroid
John McCain: NSA Phone Surveillance Program Is Necessary,1,john mccain nsa phone surveillance program necessary
Charlie Hebdo attack: Three terrorists killed in raids,1,charlie hebdo attack three terrorist kill raid
"PayPal Founder Blasts ""Corrupt Media, Intolerant Left"", Defends Trump",0,paypal founder blast corrupt medium intolerant leave defend trump
Donald Trump and the Disabled Reporter: The whole truth and not the spin put on by the media.,0,donald trump disabled reporter whole truth not spin put medium
Campaign finance laws may be making political polarization worse by encouraging ‘purist’ donors.,1,campaign finance law may make political polarization worse encourage purist donor
"Terrorism Threat: Trump is Right — Profile, Profile, Profile",0,terrorism threat trump right profile profile profile
Why Are Some More Altruistic Than Others? Woman Who Nearly Lost Life In Car Crash Attempts To Find Out,0,altruistic other woman nearly lose life car crash attempt find
Sources: Hillary Clinton to launch presidential campaign on Sunday,1,sources hillary clinton launch presidential campaign sunday
Will Hillary Clinton Get America Back on Track?,0,hillary clinton get america back track
"Defense Bill Would Put 100,000 Untraceable Guns On Streets",1,defense bill would put untraceable gun street
The Quasi-Legal Coup-Hillary Clinton Information Operations In Election 2016,0,quasi legal coup hillary clinton information operation election
HAPPENING: FBI Reopens Case Against Aggro Granny After New Emails Discovered!,0,happen fbi reopen case aggro granny new email discover
"Protesting Donald Trump’s Election, Not Wars, Surveillance, or Deportations",1,protest donald trump election not war surveillance deportation
"Teacher To 11 yr Old: 'I Can't Wait Until Trump Is Elected,He's Going To Deport All You Muslims'",0,teacher yr old can not wait trump elect go deport muslim
Trump on Clinton: 'She took a short-circuit in the brain',1,trump clinton take short circuit brain
Obama’s Definition of “High Integrity”,0,obama definition high integrity
Tonopah Test Range Google Earth imagery 7/22/2016,0,tonopah test range google earth imagery
Australia to hunt down anti-vax nurses and prosecute them for disobeying the medical police state,0,australia hunt anti vax nurse prosecute disobey medical police state
Mavs Fans Got Mad At Mark Cuban For Bashing Trump. His Response Is Perfect,0,mavs fan get mad mark cuban bash trump response perfect
"AP: Pence 'Beside Himself,' Wife Enraged Over Trump Remarks",1,ap pence beside wife enraged trump remark
The Yale Record Just Published The BEST Non-Endorsement Of A Candidate EVER!,0,yale record publish good non endorsement candidate ever
Is GOP establishment learning to like Donald Trump? (+video),1,gop establishment learning like donald trump video
John Kerry Says It's Unclear Whether Iran Deal Is Within Reach,1,john kerry say unclear whether iran deal within reach
Black Activist Blasts Hillary Clinton Over Wikileaks Revelation,0,black activist blast hillary clinton wikileak revelation
"At DAPL, Confiscating Cameras as Evidence of Journalism",0,dapl confiscate camera evidence journalism
Syria's war: How did we get here?,1,syria war get
STATE OF GEORGIA FIRES PASTOR BECAUSE OF HIS FAITH; GOVERNMENT DIDN’T “APPROVE” BIBLICAL SERMONS,0,state georgia fire pastor faith government didn approve biblical sermon
Shady accounting underpins Trump’s wealth,1,shady accounting underpin trump wealth
Two More Hollywood Films For Men That Leave Today’s SJW Movies In The Dust,0,two hollywood film man leave today sjw movie dust
"Legend Art Cashin On A Trump Presidency, The New World Order, Gold, Brexit, The Great Depression And Why We Will See Panic",0,legend art cashin trump presidency new world order gold brexit great depression see panic
Dr. David Duke and Prof. Kevin MacDonald on Duke’s overwhelming victory in the debate,0,dr david duke prof kevin macdonald duke overwhelming victory debate
What's really behind Clinton's Benghazi grilling?,1,really behind clinton benghazi grilling
Hillary Is The Perfection of a Corrupt System,0,hillary perfection corrupt system
"Saudi Arabia Re-Elected, Russia Loses UN Human Rights Council Place",0,saudi arabia elect russia lose un human rights council place
The Hatred that Trump’s Lies will Leave Behind,0,hatred trump lie leave behind
South Korean naval vessel fires warning shots near North Korean patrol amid high tension,1,south korean naval vessel fire warn shot near north korean patrol amid high tension
Coping With Extreme Weather If You’re Stranded Outside,0,cop extreme weather strand outside
Iraqis in Mosul Find US Missiles at Captured Islamic State Base,0,iraqis mosul find we missile capture islamic state base
The Story of How the DOJ Tried to Thwart an FBI Investigation Into the Clinton Foundation,0,story doj try thwart fbi investigation clinton foundation
OnPolitics | 's politics blog,1,onpolitics politics blog
"Food mixology: When eaten together, these foods can boost health",0,food mixology eat together food boost health
The Deteriorating Situation in Ethiopia,0,deteriorate situation ethiopia
New Poll Finds Donald Trump Almost Caught Up with Hillary Clinton,1,new poll find donald trump almost catch hillary clinton
Clinton emails on trade deal held until after election - Video,1,clinton email trade deal hold election video
How Republicans will choose the next speaker,1,republicans choose next speaker
Nerve Disrupting Frequencies Radiating from “Smart” Meters – Information and Perspective,0,nerve disrupt frequency radiate smart meter information perspective
Comment on Grinnell College warns against ‘deplorable and problematic’ costumes by Joe,0,comment grinnell college warn deplorable problematic costume joe
Whose Side Is Russia On In Syria?,0,whose side russia syria
"Obama: For All The Things Republicans Blame Me For, Getting Blamed For Rise Of Donald Trump Is ""Novel""",1,obama thing republicans blame getting blame rise donald trump novel
"World Proud Of Its Calm, Measured Response To Trump Victory",0,world proud calm measure response trump victory
PressTV-US troops could be prosecuted for war crimes,0,presstv we troop could prosecute war crime
The real reason the State Dept is Twitter fighting with the NY Times about Iran,1,real reason state dept twitter fight ny times iran
Cruz's Methodical Delegate Strategy Narrows Trump's Path To GOP Nomination,1,cruz methodical delegate strategy narrow trump path gop nomination
Hillary Finally Concedes: “This Is Painful and It Will Be for a Long Time”,0,hillary finally concede painful long time
Trump Allows 3 Million People To Escape US,0,trump allow million people escape we
Obama To Limit Police Acquisition Of Some Military-Style Equipment,1,obama limit police acquisition military style equipment
Collusion Between Facebook and Hillary’s Campaign Revealed in Clinton Emails,0,collusion facebook hillary campaign reveal clinton email
Sanders calls Trump 'political coward' over voter suppression report,0,sander call trump political coward voter suppression report
Now Live: View Full Text of Job Postings | Economy,0,live view full text job posting economy
"Life: If You Love Enamel Pins, You’ll Love This Etsy Shop, And If You Don’t Care About Enamel Pins, You’ll Explode Over This Picture Of A Bulldog Puppy, And If That Doesn’t Do It For You, You’ll Lose Your Shit Over This Amazing-Looking Pizza, And If You Don’t, We’ll Find Something For You",0,life love enamel pin love etsy shop don care enamel pin explode picture bulldog puppy doesn lose shit amazing look pizza don find something
Alert News : Putins Army Is Coming For World War3 Against Obama year 2016 New Video!!!,0,alert news putin army come world war3 obama year new video
Coconut: The Earth’s Most Widespread Medicinal Fruit Plant,0,coconut earth widespread medicinal fruit plant
Venezuela crisis enters dangerous phase as Maduro foes go militant,0,venezuela crisis enter dangerous phase maduro foe go militant
"Cable news is in trouble, and it’s more about the news than the cable",1,cable news trouble news cable
Ryan flexes muscles in Ways and Means showdown,1,ryan flex muscle way mean showdown
Ho’oponopono: Healing For Ourselves & Our World,0,ho oponopono heal world
Immigration Bill Slow to Stir Foes' Passion,1,immigration bill slow stir foe passion
Kim Kardashian The Queen Of Selfies Retires Her Booty From Breaking The Internet,0,kim kardashian queen selfies retire booty break internet
Obama vetoes Keystone XL pipeline bill,1,obama veto keystone xl pipeline bill
Will Obama recognize Palestinian state?,0,obama recognize palestinian state
VIDEO: Proof Hillary’s Frail Health is Becoming an Issue,0,video proof hillary frail health become issue
Iraq says it bombed Islamic State leader's convoy,1,iraq say bomb islamic state leader convoy
Koch Groups To Spend Nearly $1 Billion On 2016,1,koch group spend nearly billion
"If Guns Make Us Safer, Why Not Let Them Into the U.S. Capitol?",1,gun make we safe not let capitol
"Is Halloween Evil? Why Witches, Occultists And Satanists Celebrate Halloween And Why You Should Not",0,halloween evil witch occultist satanist celebrate halloween not
FBI Investigates Saudi Wife-Abusing Clinton Foundation Donor in Straw Donor Scheme,0,fbi investigate saudi wife abuse clinton foundation donor straw donor scheme
Colorado Cannabis Industry Contributes More to Economy Than All Other Industries: Report,0,colorado cannabis industry contribute economy industry report
5 facts about consistent conservatives,1,fact consistent conservative
"Professor Shares Insights on Paranormal, Cannibalism and Vampires.",0,professor share insight paranormal cannibalism vampire
Hillary Admits In Leaked Email That Clinton Donors Are Funding ISIS,0,hillary admits leak email clinton donor fund isis
Billionaire: “Single Digit Millionaires” Are Too Poor to Get Justice In America,0,billionaire single digit millionaire poor get justice america
Planned Parenthood: Abortion pill usage now rivals surgery,0,plan parenthood abortion pill usage rival surgery
"NeverTrump Radio Host Does 180, Makes BRILLIANT Case for Voting Trump",0,nevertrump radio host make brilliant case voting trump
Saudi’s threaten OPEC oil freeze over Iran row,0,saudi threaten opec oil freeze iran row
Tsunami Hits New Zealand After Massive 7.8 Earthquake Strikes,0,tsunami hit new zealand massive earthquake strike
"Is the US a banana republic? - Putin [Valdai, Part 1 of 1]",0,us banana republic putin valdai part
WATCH As Chris Cuomo Tells Rudy Giuliani: You Live In Fact-Free ‘Trumpland’,0,watch chris cuomo tell rudy giuliani live fact free trumpland
Would Earth Day’s creator have celebrated this Earth Day?,1,would earth day creator celebrate earth day
"To Survive, Evolve - Russia News Now",0,survive evolve russia news
"Behind anti-Trump protests, worries that America's promise has dimmed (+video)",1,behind anti trump protest worry america promise dim video
The College Loan Bombshell Hidden in the Budget,1,college loan bombshell hide budget
Trump Vows to Never Change: 'I Am Who I Am',1,trump vow never change
GUEST POST: Why I’m Exceptional & Indispensable – by Hillary Clinton - Rob Slane,0,guest post exceptional indispensable hillary clinton rob slane
"Trump Campaign Bombs in Virginia, Again",1,trump campaign bomb virginia
Trumpocalypse & 5 Ridiculously Outdated Assumptions Every Statist Makes,0,trumpocalypse ridiculously outdate assumption every statist make
This Is What Making History Looks Like,1,make history look like
"TRUTH: No Apartheid in Israel, Says Black South African Politician",0,truth no apartheid israel say black south african politician
The full Ackbar: Right warns Obama war plan is a trap,1,full ackbar right warn obama war plan trap
Attacks on abortion providers have increased since the Planned Parenthood videos,1,attack abortion provider increase since plan parenthood video
Hillary Clinton Responds To New FBI Investigation,0,hillary clinton respond new fbi investigation
"AMAZING VIDEO : Hispanics for Trump in Miami Storm the Polls, HORNS BLASTING, Shouting “USA! TRUMP!” – TruthFeed",0,amazing video hispanic trump miami storm poll horn blast shout usa trump truthfeed
Battle against Islamic State expands as Egypt bombs Libyan affiliate,1,battle islamic state expand egypt bomb libyan affiliate
Fiorina rejects idea of 'affirmative action' in CNN debate change,1,fiorina reject idea affirmative action cnn debate change
Israel votes: Netanyahu's last-ditch vow to his base – a dead peace process (+video),1,israel vote netanyahu last ditch vow base dead peace process video
26 WikiLeaks bombshells on Hillary you need to know,0,wikileak bombshell hillary need know
The struggle continues for a binding treaty to #StopCorporateAbuse,0,struggle continue bind treaty stopcorporateabuse
"Clinton, Dems embrace Arquette's equal pay comment",1,clinton dems embrace arquette equal pay comment
"Iran, Finland sign 4 MoUs in Tehran",0,iran finland sign mous tehran
White House Defends FBI Director Comey’s Integrity,1,white house defend fbi director comey integrity
TRUMP CALLED IT MONTHS AGO: Anthony Weiner threatens national security,1,trump call month ago anthony weiner threaten national security
US military commander: Russian military ‘far more capable’ than Soviet Union’s,1,us military commander russian military far capable soviet union
Don't underestimate Bernie Sanders,1,not underestimate bernie sander
The Latest On Paris Attack: Manhunt Continues; Brothers Were On No-Fly List,1,late paris attack manhunt continue brother no fly list
Clinton calls for 'common-sense' gun control after Charleston terrorist attack,1,clinton call common sense gun control charleston terrorist attack
Comment on WikiLeaks Shocker: Clinton Camp Considering Paul Ryan Relative as Supreme Court Nominee by Richard Johnson,0,comment wikileak shocker clinton camp consider paul ryan relative supreme court nominee richard johnson
Ireland's historic vote for marriage equality prompts amazing Twitter celebration,1,ireland historic vote marriage equality prompt amazing twitter celebration
Hilarious Cartoon Reveals 2016 Political Version of The “Walking Dead”,0,hilarious cartoon reveal political version walk dead
James O’Keefe releases another Project Veritas video claiming Hillary Clinton campaign is “bird dogging”,1,james keefe release another project verita video claim hillary clinton campaign bird dog
Unrelenting Ferguson protests pushed year of national change,1,unrelente ferguson protest push year national change
Crushing Hillary: Trump’s Landslide by the Numbers | EndingFed News Network,0,crush hillary trump landslide number endingfe news network
Bill Clinton suggests Trump slogan racist – but he used the same one,1,bill clinton suggest trump slogan racist use one
Google Violence at Temple U Popular Across the Country,0,google violence temple popular across country
"Strong 5.4 Magnitude Quake Hits Central Italy, Rattles Rome",0,strong magnitude quake hit central italy rattle rome
Robin Roberts Says While She Was Dying from Cancer a ‘Familiar Voice’ Came From Her Nurse and Brought Her Back,0,robin roberts say die cancer familiar voice come nurse bring back
Brain Concussions in Children and Adults: What to Know About Vaccine Damage,0,brain concussion child adult know vaccine damage
Pakistan: Long arm of ISI needs unsheathing,0,pakistan long arm isi need unsheathe
Court rejects Obama immigration plan. Executive abuse of power?,1,court reject obama immigration plan executive abuse power
"Why Everyone on Facebook Is Checking into Standing Rock, North Dakota",0,everyone facebook check standing rock north dakota
"Hillary cancels public appearance due to a large crowd of people chanting ""Lock Her Up!""",0,hillary cancel public appearance due large crowd people chant lock
The big question about Hillary Clinton: What if the FBI is onto her?,1,big question hillary clinton fbi onto
John Boehner thanks God Cruz didn't win,1,john boehner thank god cruz not win
Why Trump's foreign policy resonates with Americans – to a point,1,trump foreign policy resonate americans point
"An LDS Reader Takes A Look At Trump Accuser Jessica Drake, Concludes His Leaders Are “Latter-Day Sissies",0,lds reader take look trump accus jessica drake conclude leader latter day sissie
Comment on Wikileaks: Bill Clinton BOASTS of Hillary’s ‘Working Relationship’ with Muslim Brotherhood by toddyo1935,0,comment wikileak bill clinton boast hillary working relationship muslim brotherhood toddyo1935
Your premier federal government employee and veteran shopping program,0,premier federal government employee veteran shopping program
Memo To Trump And Clinton: Use Tough Love To Win The Millennials,1,memo trump clinton use tough love win millennial
Incredible Discovery: This Fruit Extract Killed Cancer in 48 Hours!,0,incredible discovery fruit extract kill cancer hour
How well-meaning political reformers are helping to elect President Trump,1,well mean political reformer help elect president trump
Hillary Clinton shatters $100M fundraising goal,1,hillary clinton shatter 100 fundraising goal
The detente between Trump and Cruz is definitely over,1,detente trump cruz definitely
Inside the Trump-Bush melodrama: Decades of tension and discomfort,1,inside trump bush melodrama decade tension discomfort
Rand Paul Supporters Walk Out Of Jeb Bush Speech,1,rand paul supporter walk jeb bush speech
Ryan on meeting with Trump: 'It’s important we don’t fake unifying',1,ryan meeting trump important don fake unifying
Republicans' fear: 2 more years of gridlock,1,republicans fear year gridlock
Romania Points Out Flaws With U.S. Election To Encourage Citizens To Vote,0,romania point flaw election encourage citizen vote
The Worst Case for Republicans: Trump Wins,1,bad case republicans trump win
Sniveling Cowards and NeverTrumpers Mitt Romney and John Kasich Reach out to Trump – TruthFeed,0,snivel coward nevertrumper mitt romney john kasich reach trump truthfeed
How America is quietly becoming a climate change leader,1,america quietly become climate change leader
In Consideration of the Supreme Importance of Love,0,consideration supreme importance love
Immigration Standoff May End With Another Congressional Punt,1,immigration standoff may end another congressional punt
LIVE: Hillary Clinton Addresses Nation for First Time Following Presidential Race,0,live hillary clinton address nation first time follow presidential race
Donald Trump is failing at basically everything right now. This poll proves it.,1,donald trump fail basically everything right poll prove
"Trump Tells GOP Rally In Jerusalem He’ll ‘Make Israel, U.S. Safe Again’",0,trump tell gop rally jerusalem make israel safe
"Pro-Trump, anti-Trump groups clash in San Diego",1,pro trump anti trump group clash san diego
Former U.S. Treasury Secretary Just Warned Trump Could Be Assassinated,0,former treasury secretary warn trump could assassinate
New French Law Makes It Illegal To Contact Employees After Work Hours,0,new french law make illegal contact employee work hour
"Liberal pundits blame Debbie Wasserman Schultz, not Bernie Sanders, for Democrats’ division",1,liberal pundit blame debbie wasserman schultz not bernie sander democrats division
"“Wikileaks is the Mossad, Stupid, Not the Russians, We are playing them like a fiddle…” Assange (sort of)",0,wikileak mossad stupid not russians play like fiddle assange sort
BREAKING: Obama Now Considering Martial Law Because Of Mass Riots | EndingFed News Network,0,break obama consider martial law mass riot endingfed news network
Sanders draws early support for White House bid from long-time union allies,1,sander draw early support white house bid long time union ally
Why Trump’s warning of ‘rigged election’ isn’t credible,1,trump warning rig election isn credible
"Insider Leaks Bill’s 2-Word Nickname For Hillary, Exposes Dirty Sex Habits",0,insider leak bill word nickname hillary expose dirty sex habit
TRUMPED! LIBERAL NEWS OUTLET BLOOMBERG POLL CONCEDES TRUMP BEATING CROOKED HILLARY IN FLORIDA,0,trump liberal news outlet bloomberg poll concede trump beat crook hillary florida
Trump and all the other far right leaders are Zionist stooges,0,trump far right leader zionist stooge
CONTROVERSIAL NEW ‘ANTI-FAMINE’ GMO POTATO STRAINS APPROVED,0,controversial new anti famine gmo potato strain approve
TRIGGERED: JOURNALIST SNOWFLAKES SCARED TRUMP SUPPORTERS ARE ‘TURNING ON THE MEDIA’,0,trigger journalist snowflake scar trump supporter turn medium
"The Clinton Syndrome, Part 2: Can Hillary Escape This Time?",0,clinton syndrome part hillary escape time
"Re: Ha! FBI reopening Hillary email case means THIS might happen again soon (Hint: Bill, fire up the jet!)",0,ha fbi reopen hillary email case mean might happen soon hint bill fire jet
"FBI Wants you to Believe It Examined 650,000 Emails in 691,000 Seconds",0,fbi wants believe examine email second
Jihadi John: The bourgeois terrorist,1,jihadi john bourgeois terrorist
Don’t underestimate the power of Trump’s rage-fueled rise,1,don underestimate power trump rage fuel rise
DNC Chair won't run for Senate in 2016,1,dnc chair not run senate
Comment on She’s fit to be President! Hillary had to be helped up *one* step by youknowwho.,0,comment fit president hillary help one step youknowwho
"Remember Those Rumors Megyn Kelly is Leaving Fox News? Well, Her Contract Just Went Public",0,remember rumor megyn kelly leave fox news well contract go public
Donald Trump wasn’t so anti-Iraq war after all. Quelle surprise.,1,donald trump wasn anti iraq war quelle surprise
The Daily 202: Why Trump sounded more like a strongman than a movement conservative,1,daily trump sound like strongman movement conservative
Delegates face death threats from Trump supporters,1,delegate face death threat trump supporter
Hillary Clinton poised to reveal VP pick,1,hillary clinton poise reveal vp pick
Police Turn In Badges Rather Than Incite Violence Against Standing Rock Protesters: Report,0,police turn badge rather incite violence stand rock protester report
Comment on 21 Things We’ve Learned About Hillary Clinton from Wikileaks That the MSM Won’t Share…But YOU Can! by Lakshmima,0,comment thing learn hillary clinton wikileak msm win share lakshmima
"As His Campaign Crumbles, Trump Is Spending His Day Fighting With MSNBC's Joe Scarborough",1,campaign crumble trump spending day fight msnbc joe scarborough
Poland Establishing New Territorial Defense Force to Fight ‘Russian Threat’,0,poland establish new territorial defense force fight russian threat
How Hillary Clinton could win,1,hillary clinton could win
Teachers Strike Allowing Children To Sample The Kind Of Free Time They’ll Have On The Dole,0,teacher strike allow child sample kind free time dole
Life: 10 Steps To Rolling The Perfect Joint,0,life step roll perfect joint
"Turkey, Russia Headed for a Military Face-Off?",1,turkey russia head military face
Democrats weigh how to nudge Sanders out,1,democrats weigh nudge sander
Cardinal Vincent Nichols says: “Britons could learn a lot from the ‘vibrant’ faith of Muslim migrants”,0,cardinal vincent nichols say briton could learn lot vibrant faith muslim migrant
Did Democrats really stuff ballot? Here's their answer,0,democrats really stuff ballot answer
Trump's VP search enters frenzied phase,1,trump vp search enter frenzied phase
Taking Care of Your Eye Health the Natural Way,0,take care eye health natural way
Clinton Says She Was Wrong to Call Half of Trump Supporters ‘Deplorables’,1,clinton say wrong call half trump supporter deplorable
Fighting Ghost Fascists While Aiding Real Ones,0,fight ghost fascist aid real one
"In campaign chaos, Donald Trump shows his management style",1,campaign chaos donald trump show management style
A harsh blow to small businesses: Opposing view,1,harsh blow small business oppose view
Sarah Palin endorses Donald Trump's presidential bid,1,sarah palin endorse donald trump presidential bid
‘He’s Cuban. I’m Mexican.’: Can Rubio and Cruz connect with Latino voters?,1,cuban mexican rubio cruz connect latino voter
Cruz Crushes Trump in Wyoming Republican Caucus,1,cruz crushes trump wyoming republican caucus
World War 3 Begins! Trump Elected,0,world war begin trump elect
Hillary Clintons election fraud finally exposed. California stolen from Bernie Sanders!,0,hillary clinton election fraud finally expose california steal bernie sander
"William Weld: Never Mind Libertarianism, He's Running as Himself",1,william weld never mind libertarianism run
"Clinton makes history, declares win in Democratic race",1,clinton make history declare win democratic race
Cruz confronts pro-Trump protesters in Indiana: ‘He’s taking advantage of you’,1,cruz confront pro trump protester indiana take advantage
BREAKING: Donald Trump Says He’s Going to Deport Up To 3 Million Immigrants Immediately,0,break donald trump say go deport million immigrant immediately
"In hats and t-shirts, Trump fans rally in Jerusalem’s Old City",0,hat shirt trump fan rally jerusalem old city
Anxiety grows among GOP congressional staffers,0,anxiety grow among gop congressional staffer
Pentagon Retreats on Enlistment Bonus Collection Efforts,0,pentagon retreat enlistment bonus collection effort
U.S. officials optimistic they will close giant trade deal,1,official optimistic close giant trade deal
Hillary Clinton Attacks Donald Trump for Threatening to Sue Accusers,1,hillary clinton attack donald trump threaten sue accuser
"Cleveland police are out of control, say the feds. Now they're making a deal to change.",1,cleveland police control say fed make deal change
"Donald Trump stands by Jeb Bush, George W. Bush 9/11 comments",1,donald trump stand jeb bush george bush comment
Lower Yields and Agropoisons: What is the Point of GM Mustard in India?,0,low yield agropoison point gm mustard india
"Obama passes baton to Clinton, stirs up '3rd term' charges",1,obama pass baton clinton stir 3rd term charge
Housing In 2015: Four Reasons For Optimism (And One For Worry),1,housing four reason optimism one worry
The Intercept Outs Neocon Democrat’s Smear Against Trump as ‘Putin’s Puppet’,0,intercept out neocon democrat smear trump putin puppet
Hillary’s Aide Vanishes After WikiLeak Corruption Scandal Huma Life in Danger,0,hillary aide vanish wikileak corruption scandal huma life danger
Aristocracy’s Immunity From Prosecution Disturbs TARP’s I.G.,0,aristocracy immunity prosecution disturb tarp
Hillary Ally Offers Strategy On How To Make New York Times Write Positive Coverage,0,hillary ally offer strategy make new york times write positive coverage
"White House, NYT leave Bushes out of lead photos from Selma march",1,white house nyt leave bush lead photo selma march
Emotional Service Held At Charleston Church Days After Shootings,1,emotional service hold charleston church day shooting
Why Time Magazine’s Joe Klein Is So Wrong About Hillary Clinton,0,time magazine joe klein wrong hillary clinton
5 amazing ways Pope Francis made Republicans squirm yesterday,1,amazing way pope francis make republicans squirm yesterday
Charlie Hebdo: The French magazine's long history of polarization (+video),1,charlie hebdo french magazine long history polarization video
Martin O’Malley is running for president — and on Elizabeth Warren's platform,1,martin malley run president elizabeth warren platform
What Hillary Clinton Needs to Tell Voters Who Don’t Want to Have a Beer With Her,1,hillary clinton needs tell voter don want beer
Rush Limbaugh is cooked: The stunning fall of the right’s angriest bloviator,1,rush limbaugh cook stunning fall right angriest bloviator
America’s looming freak show: How GOP control in 2015 will terrorize a nation – with no political repercussion,1,america loom freak show gop control terrorize nation no political repercussion
Swansea City ‘will win Premier League at a canter’ confirm pollsters,0,swansea city win premier league canter confirm pollster
What is going on with WikiLeaks?,0,go wikileak
Re: Did America Really Pass The Test? – Hillary Clinton Is Going To Win The Popular Vote By A Wide Margin,0,america really pass test hillary clinton go win popular vote wide margin
Neeraj Pandey announces film on 500/1000 ban: “A Wednesday Re-MODIfied”,0,neeraj pandey announce film ban wednesday modify
Russia plays down idea of coalition with West to strike ISIS in Syria,1,russia play idea coalition west strike isis syria
Trump cuts off fundraising events for Republican Party,1,trump cut fundraise event republican party
Afghan intelligence officials confirm death of Taliban leader Mullah Omar,1,afghan intelligence official confirm death taliban leader mullah omar
Standing Rock Protests: Police Turn In Badges Rather Than Incite Violence,0,stand rock protest police turn badge rather incite violence
SPECTRE Is Real: Federal Shadow Government,0,spectre real federal shadow government
Supreme Court throws out conviction for violent Facebook postings,1,supreme court throw conviction violent facebook posting
Obama oval office speech aims to reassure nation over terror threats,1,obama oval office speech aim reassure nation terror threat
How Planned Parenthood hoax avoids the truth,1,plan parenthood hoax avoid truth
Comment on Clintons Addicted to Privilege: Financial Whistleblower Explains What’s About to Happen to the Economy by marlene,0,comment clinton addict privilege financial whistleblower explain happen economy marlene
"Go Ahead, Sue the Government",0,go ahead sue government
Principal institutes ban after students wear Confederate flag to school,0,principal institutes ban student wear confederate flag school
Strong organization helps Cruz dominate Colorado delegate hunt,1,strong organization help cruz dominate colorado delegate hunt
Mourning in America—A “Patriot Spring” In Europe?,0,mourn america patriot spring europe
BREAKING: AP Finds Proof Melania Trump Illegally Worked In U.S. PRIOR To Getting Work Visa,0,break ap find proof melania trump illegally work prior get work visa
Donald Trump rages against the machine,1,donald trump rage machine
JUDICIAL WATCH: MORE CLINTON-ABEDIN EMAIL EXCHANGES OF CLASSIFIED INFORMATION ON UNSECURE SERVER,0,judicial watch clinton abedin email exchange classify information unsecure server
America’s Senator Jeff Sessions Warns of Worsening Pre-Election Border Anarchy,0,america senator jeff sessions warn worsen pre election border anarchy
The illuminati card ‘Enough Is Enough’ a harbinger of things to come?,0,illuminati card enough enough harbinger thing come
Delta State shooting: Shannon Lamb kills himself,1,delta state shoot shannon lamb kill
Sean Hannity Loses His Cool on Air and Goes Completely Nuclear on 'Never Trump' Movement,0,sean hannity lose cool air go completely nuclear never trump movement
How Secure is Your Cellphone ??,0,secure cellphone
Reid Won't Seek Re-Election,1,reid not seek election
8 Terrifying Plants You Didn’t Know About,0,terrify plant didn know
Why Hillary Won't Unleash World War III - Pepe Escobar,0,hillary not unleash world war iii pepe escobar
"After Terrorizing America With Zika Scaremongering, MSM Admits Zika Doesn't Cause Brain Deformities",0,terrorize america zika scaremongere msm admit zika not cause brain deformity
4 Things To Watch At The First Presidential Debate,1,thing watch first presidential debate
"Ancient Sumerian Writings Reveal The Earth Was Ruled By Eight Immortal Kings For 241,200 Years",0,ancient sumerian writing reveal earth rule eight immortal king year
Losing Trump Tries to Fool Voters with Last Ditch Media Propaganda Scam,0,lose trump try fool voter last ditch media propaganda scam
"New snowstorm, new target: South under siege",1,new snowstorm new target south siege
"FBI FOUND ""TENS OF THOUSANDS OF EMAILS"" BELONGING TO HUMA ABEDIN ON WEINER'S LAPTOP",0,fbi find ten thousand email belong huma abedin weiner laptop
Donald Trump: 'I will be a great unifier',1,donald trump great unifier
Get Ready For Civil Unrest: Survey Finds That Most Americans Are Concerned About Election Violence,0,get ready civil unrest survey find americans concerned election violence
Everyone getting hammered tonight for bad reasons,0,everyone getting hammer tonight bad reason
Colin Powell (Pronounced “Colon Pao”) Endorses Hillary Clinton,0,colin powell pronounce colon pao endorse hillary clinton
SECRET RECORDINGS FUELED FBI FEUD IN CLINTON PROBE,0,secret recording fuel fbi feud clinton probe
A perfect mashup of “Stranger Things” and “A Charlie Brown Christmas”,0,perfect mashup stranger thing charlie brown christmas
GOP to Trump: You crossed the line,1,gop trump cross line
World's Oldest Person Had Smoked For 76 Years,0,world old person smoke year
"World War 3, Information War, and the End of Pax Americana: Exclusive Interview with Eduard Popov",0,world war information war end pax americana exclusive interview eduard popov
This election is an unpopularity contest for the ages,1,election unpopularity contest age
"As gas prices drops, states under increased pressure to hike taxes to replenish transportation funds",1,gas price drop states increase pressure hike taxis replenish transportation fund
"Christie, Fiorina suspend 2016 campaigns",1,christie fiorina suspend campaign
"For The Small Price Of $2.3 Million, You Could Own This Beautiful, Self-Sufficient Island",0,small price million could beautiful self sufficient island
Economic Racial Disparity in North Carolina,0,economic racial disparity north carolina
The Matrix of Four of The Medicine Wheel,0,matrix four medicine wheel
SHAMEFUL: Weather Channel Using Children In New Video To Promote Climate Change Hoax,0,shameful weather channel use child new video promote climate change hoax
Old rivals Obama and McCain tussle over Iran,1,old rival obama mccain tussle iran
Congress in slow lane on auto safety,1,congress slow lane auto safety
Paris Migrant Campers Increase after Calais Is Shut,0,paris migrant camper increase calais shut
New Moon In Scorpio: Making A Calculated Effort,0,new moon scorpio make calculated effort
SHOCKER!!! Left Wing MSNBC commentator Chris Mathews has just endorsed Donald Trump for president,0,shocker leave wing msnbc commentator chris mathews endorse donald trump president
"Pressure Is On Trump, Sanders In Crucial Contests Tuesday",1,pressure trump sander crucial contest tuesday
Comment on “Isolated Incident” Every Police Dept in America Failed to Meet Minimum Standard for Use of Force by Isaid Dilligaf,0,comment isolate incident every police dept america fail meet minimum standard use force isaid dilligaf
"Report: Russian, U.S. Jets Have Close Encounter Over Syria",0,report russian jet close encounter syria
You Will Soon Be Obsolete: “Plan Your Future Before THEY Plan It For You”,0,soon obsolete plan future plan
After 3 Years of Suffering 19 Year Old Girl Dies from Gardasil Vaccine Injuries,0,year suffer year old girl die gardasil vaccine injury
Britain looking forward to bonfire night because it can’t afford to put the heating on,0,britain look forward bonfire night afford put heating
‘That’s the CRAP young people pay attention to.’ Team Hillary trashes millennials #PodestaEmails21,0,crap young people pay attention team hillary trash millennial podestaemails21
Does Bernie Sanders really want to win? Three Democratic debate takeaways,1,bernie sander really want win three democratic debate takeaway
Rubio nabs key former Romney aide,1,rubio nab key former romney aide
ISIS claim responsibility for shooting at Texas Muhammad cartoon contest,1,isis claim responsibility shoot texas muhammad cartoon contest
Comment on AG Lynch told FBI Director Comey NOT to go public with the new Clinton email investigation by Ann Tenna,0,comment ag lynch tell fbi director comey not go public new clinton email investigation ann tenna
"George Soros begins his color revolution in America, as MoveOn “activists” march against Trump",0,george soros begin color revolution america moveon activist march trump
#BlackLivesMatter: Why movement is its own worst enemy,1,blacklivesmatter movement bad enemy
Comments of the Week: Here Comes Trouble,0,comment week come trouble
The Amish In America Commit Their Vote To Donald Trump; Mathematically Guaranteeing Him A Presidential Victory - ABC News,0,amish america commit vote donald trump mathematically guarantee presidential victory abc news
Clinton is banking on the Obama coalition to win,1,clinton banking obama coalition win
Is Brexit never gonna happen? 'Leaked' audio recording reveals Theresa May's 'true' fears about Brexit,0,brexit never go to happen leak audio recording reveal theresa may true fear brexit
"Mike Brown anniversary: Arrests, state of emergency",1,mike brown anniversary arrest state emergency
WHO Cancer Agency Under Fire for withholding ‘carcinogenic glyphosate’ Documents,0,cancer agency fire withholding carcinogenic glyphosate document
Anti-War Movement Anticipates More War Under A Clinton Presidency,0,anti war movement anticipate war clinton presidency
"Obama Touts 2015 Successes, Sets 2016 Goals",1,obama tout success set goal
Al Gore Made Nearly $200 Million from the Global Warming Scam — Likely to Become the World's First 'Carbon Billionaire',0,al gore make nearly million global warming scam likely become world first carbon billionaire
Prisoner in van heard “banging against walls.”,1,prisoner van hear bang wall
Hillary Clinton Has Brain Damage Confirmed by Abedin and Podesta,0,hillary clinton brain damage confirm abedin podesta
Carly Fiorina announces presidential bid,1,carly fiorina announce presidential bid
Parents Of American Woman Held By ISIS Say They Have Been Notified Of Her Death,1,parents american woman hold isis say notify death
5 Key Revelations for Free Thinkers to Consider After Election 2016,0,key revelation free thinker consider election
Obama's long-view foreign policy: why he thinks the US can bend the arc of history,1,obama long view foreign policy think we bend arc history
"Doesn’t Matter WHO Hacked Podesta, If Emails are TRUE",0,doesn matter hack podesta email true
Religion & Politics: A Bad Mix,0,religion politic bad mix
Jill's dilemma,1,jill dilemma
"Hillary Clinton’s Elections 2016 concession speech from New York (FULL, streamed live)",0,hillary clinton election concession speech new york full stream live
Koala gets so excited it runs head-first into a tree,0,koala get excited run head first tree
"According to this college prof, canoes are symbol of cultural appropriation",0,accord college prof canoe symbol cultural appropriation
Facebook says users can't stop it from using biometric data,0,facebook say user can not stop use biometric datum
Why California's drought hasn't sent food prices soaring,1,california drought not send food price soar
Super Tuesday Brings Harsh Light And Heartaches On The Morning After,1,super tuesday bring harsh light heartache morning
Where do strained U.S.-Israeli relations go after Netanyahu’s victory?,1,strain israeli relation go netanyahu victory
How Donald Trump blindsided the GOP: Inside the uprising the establishment never imagined — and didn’t see coming,1,donald trump blindside gop inside uprising establishment never imagine didn see come
Is This Why Comey Broke: A Stack Of Resignation Letters From Furious FBI Agents,0,comey break stack resignation letter furious fbi agent
The Source of our Rage: The Ruling Elite Is Protected from the Consequences of its Dominance,0,source rage rule elite protect consequence dominance
Inside Marco’s Hollow Campaign,1,inside marco hollow campaign
Obamacare Enrollees Anxiously Await Supreme Court Decision That Threatens Their Coverage,1,obamacare enrollee anxiously await supreme court decision threaten coverage
Guy On Pills Has 5 Hour Chat With Hand After Girl Told Him “Talk To The Hand” – Wundergroundmusic.com,0,guy pill hour chat hand girl tell talk hand wundergroundmusic com
"Trump and Sanders win: We are witnessing a full scale revolt, America",1,trump sander win witness full scale revolt america
BREAKING! — Hillary Clinton looks like a goner!,0,break hillary clinton look like goner
WORLD WAR 3 Hillary Clinton Foundation Holocaust ISIS Saudi Weapons of Mass Destruction YEMEN,0,world war hillary clinton foundation holocaust isis saudi weapon mass destruction yemen
Russia stops shipping Soyuz space rockets to France,0,russia stop ship soyuz space rocket france
Does Kerry want an Iran deal too much?,1,kerry want iran deal much
French-Japanese Flawed Steel InReactors Dooms The Nuclear Industry,0,french japanese flaw steel inreactor doom nuclear industry
Russia May Deny LGBT Driver's Licenses,1,russia may deny lgbt driver license
"Cruz, Trump and Rubio win in Iowa. And now we know who the losers are, too...",1,cruz trump rubio win iowa know loser
Black faith is under attack: How to make sense of white supremacy’s Charleston crimes,1,black faith attack make sense white supremacy charleston crime
[WATCH] Hillary Appears Belligerently Drunk in Troubling New Video,0,watch hillary appear belligerently drunk troubling new video
Bashar al-Assad is losing ground in Syria,1,bashar al assad lose ground syria
Putins Army is coming for World war 3 against Obama year 2016!!! New Video!!! Kopya,0,putins army come world war obama year new video kopya
The Passion Behind Standing Rock Protest,0,passion behind stand rock protest
Armstrong: Stop Trying to Make Temple Attacks About Race,0,armstrong stop try make temple attack race
Re: Liberals Claim Acquittal of Bundys is “Weaponized White Privilege”,0,liberal claim acquittal bundys weaponize white privilege
Q&A: key questions about EgyptAir flight MS804,1,key question egyptair flight ms804
BARBARIANS AT THE GATE: Muslims from Morocco keep breaking into Spain,0,barbarians gate muslims morocco keep break spain
"To grow the economy, grow small businesses: Bloomberg & Buffett",1,grow economy grow small business bloomberg buffett
"Hillary Clinton Hits Unfavorability High of 60%, Higher Than Trump",0,hillary clinton hit unfavorability high high trump
Israel: Ancient Papyrus Proves Jerusalem Belongs to Israel,0,israel ancient papyrus prove jerusalem belong israel
Turkey expands anti-Islamic State campaign,1,turkey expand anti islamic state campaign
How the swing voter went extinct,1,swing voter go extinct
American And Saudi Weapons Recoverd From ISIS Positions In Mosul,0,american saudi weapon recoverd isis position mosul
How come the US keeps killing ISIS No. 2s?,1,come we keep kill isis no 2s
Loretta Lynch becomes first African-American woman AG.,1,loretta lynch become first african american woman ag
Complete the Sentence: an Exploration of Orin Langelle’s “If Voting Changed Things…”,0,complete sentence exploration orin langelle voting change thing
"Clinton is close, but Sanders not ready to give up",1,clinton close sander not ready give
Picking Mike Pence Really Was A Grand Slam For Donald Trump,1,pick mike pence really grand slam donald trump
Republicans Very Troubled By Clinton Donors See No Conflict With Their Own Dark Money,1,republicans trouble clinton donor see no conflict dark money
Comment on 7 Effective Ways To Balance Hormones Naturally by Eat Your Way to Balanced Hormones! - NeilMD.com,0,comment effective way balance hormone naturally eat way balanced hormone neilmd com
Insurers use California’s assisted-suicide law to deny treatment for terminal patients,0,insurer use california assisted suicide law deny treatment terminal patient
Comment on “I’m the Law Today N**ga” — Cop Fired After Using Social Media to Declare Her Racism by Albert Wesker,0,comment law today ga cop fire use social medium declare racism albert wesker
"Suicide Blast at Park Leaves More Than 50 Dead in Lahore, Pakistan",1,suicide blast park leave dead lahore pakistan
Uncollected Pallet Wondering What It Did Wrong,0,uncollected pallet wonder wrong
Starbucks ‘Unity’ Cup Draws Criticism - The Onion - America's Finest News Source,0,starbuck unity cup draw criticism onion america fine news source
Why Carly Fiorina is on a media blitz,1,carly fiorina media blitz
Top Democratic economists don't think much of Bernienomics. He doesn’t care.,1,top democratic economist not think much bernienomic doesn care
How To Repair Strained Or Broken Relationships,0,repair strain break relationship
#BREAKING: SECOND Assassination Attempt On Trump In NV; Suspect Detained (LIVE BLOG),0,break second assassination attempt trump nv suspect detain live blog
"If Congress rejects nuclear deal, would US be the pariah? (+video)",1,congress reject nuclear deal would we pariah video
Crushed: Trump’s Hollywood Walk of Fame Star Smashed With Sledgehammer (VIDEO),0,crush trump hollywood walk fame star smash sledgehammer video
Trump Reboot? Business Mogul Vows to 'Jumpstart' US Economy,1,trump reboot business mogul vow jumpstart us economy
Top Iranian nuke negotiator ordered to stop screaming at Kerry,1,top iranian nuke negotiator order stop scream kerry
Calm Envelopes Baltimore as Curfew Begins,1,calm envelope baltimore curfew begin
Protesters take to streets after Trump rally in California,1,protester take street trump rally california
"It’s Not Broken, So Let’s Break It–“California Set To Let Public Schools Teach Primarily In Spanish”",0,not break let break california set let public school teach primarily spanish
America’s Streets Will Run With Blood- Mike Adams,0,america street run blood mike adams
Trump’s campaign just got support from one of the Republican Party’s biggest donors,1,trump campaign get support one republican party big donor
Watch Hillary Clintons Concession Speech,0,watch hillary clinton concession speech
Obama to Try to Allay Gulf Nation Leaders' Fears about Iran,1,obama try allay gulf nation leader fear iran
29 of Hillary's scandals: The early years,0,hillary scandal early year
Vote Vote Vote,0,vote vote vote
10 Last Minute Preps When A Disruptive Event Is Brewing,0,last minute prep disruptive event brew
"Barack Obama, President Oh-bummer",1,barack obama president oh bummer
High-fat Ketogenic Diet for Weight Loss,0,high fat ketogenic diet weight loss
Obama's Iran deal is now near certain to survive Congress,1,obama iran deal near certain survive congress
"Biden says Ukrainians 'have a right to defend themselves,' mum on US sending weapons",1,biden say ukrainians right defend mum we send weapon
Obama Administration Smacks Down Enlistment Bonus Repayments After Republican Congress Does Nothing,0,obama administration smack enlistment bonus repayment republican congress nothing
"Police Violence Escalates As Provocateurs Infiltrate Standing Rock, #NoDAPL Protests",0,police violence escalate provocateur infiltrate standing rock nodapl protest
TRUNEWS 10/26/16 Jeremy Wiles | Sing A Little Louder,0,trunews jeremy wile sing little louder
John Boehner and the failure to live up to conservative principles,1,john boehner failure live conservative principle
Trump Bollywood Ad Meant To Sway Indian American Voters Is An Hilarious Fail (VIDEO),0,trump bollywood ad mean sway indian american voter hilarious fail video
Tory Councillor Say Homeless People Should Be ‘Eliminated’,0,tory councillor say homeless people eliminate
Comment on Cop’s Attempt to Abuse His Authority During Fit of Road Rage is Shutdown by Informed Citizen by Jynxster,0,comment cop attempt abuse authority fit road rage shutdown inform citizen jynxster
Republicans face challenge in holding on to Senate majority in 2016,1,republicans face challenge hold senate majority
5 Reasons Cruz Announced His Candidacy Early,1,reason cruz announce candidacy early
“Beware of the Shadow Government”: Ron Paul Advises President-Elect,0,beware shadow government ron paul advise president elect
The GOP farce plods along: Why last night’s interminable debate was an affront to the party’s patron saint,1,gop farce plod along last night interminable debate affront party patron saint
"Fuming over Ryan, some conservative voices turn on the Freedom Caucus",1,fume ryan conservative voice turn freedom caucus
Germany's Merkel backs tighter refugee rules amid sex assault protests,1,germany merkel back tight refugee rule amid sex assault protest
Human remains found as search continues for 11 service members involved in helicopter crash,1,human remain find search continue service member involve helicopter crash
Russia or the Neocons: Who endangers American democracy? | OffGuardian,0,russia neocon endanger american democracy offguardian
Warring Senate and House Republicans see peacemaker in Ryan,1,war senate house republicans see peacemaker ryan
"Bernie Sanders, Hillary Clinton battle for California",1,bernie sanders hillary clinton battle california
Comment on How about a trip to Paris this fall? Sure looks lovely this time of year… by Miss Marple,0,comment trip paris fall sure look lovely time year miss marple
Who's Winning The 2016 Race — On Facebook And Twitter?,1,win race facebook twitter
The path to total Dictatorship: America’s Shadow Government and its silent coup,0,path total dictatorship america shadow government silent coup
Purchasing Loyalty with Foreign Aid,0,purchase loyalty foreign aid
Morning Plum: Will GOP pay any political price for budgetary hocus-pocus?,1,morning plum gop pay any political price budgetary hocus pocus
Trump’s starting to panic: Corey Lewandowsi fired as campaign manager amid huge staff shakeup,1,trump starting panic corey lewandowsi fire campaign manager amid huge staff shakeup
Russia WW3 Weapon: Nikola Tesla’s Death Ray In Vladimir Putin’s Possession?,0,russia ww3 weapon nikola tesla death ray vladimir putin possession
NATO Considers Russian Warships Sailing in Mediterranean 'Acceptable',0,nato consider russian warship sail mediterranean acceptable
This Is What the Future of American Politics Looks Like,1,future american politic look like
Senate Democrats To FBI: Put Up Or Shut Up About Emails (TWEETS),0,senate democrats fbi put shut email tweet
"Trump Supporters Lose Control, Violently Harass Reporters At Rally (VIDEO)",0,trump supporter lose control violently harass reporter rally video
Poll: 41 percent of voters say election could be ‘stolen’,0,poll percent voter say election could steal
Kevin McCarthy drops out of House speaker race,1,kevin mccarthy drop house speaker race
The man who spoke softly but carried a big stick,0,man speak softly carry big stick
U.S. drone strike accidentally killed 2 hostages,1,drone strike accidentally kill hostage
Iran calls for assassination of Netanyahu's children,1,iran call assassination netanyahu child
Marco Rubio unveils comprehensive tax plan,1,marco rubio unveil comprehensive tax plan
Arrest Made In Connection To Ferguson Police Shooting,1,arrest make connection ferguson police shooting
MASSIVE Global Bond Write-Down Coming on Back of Financial Reset — Jim Willie,0,massive global bond write come back financial reset jim willie
Trump's terror response has Republicans fretting anew,1,trump terror response republicans fret anew
Worst job in Washington: Obama's SCOTUS pick,1,bad job washington obama scotus pick
Al-Qaeda's Assault on Aleppo Continues Despite Lack of Progress,0,al qaeda assault aleppo continue despite lack progress
43-Year-Old Can’t Get Over The Amount Of Kids In Local Night Club,0,year old get amount kid local night club
"Gas prices aren't forever, Obama tells Americans",1,gas price not forever obama tell americans
Three Quarters Of Americans Oppose Gun Control,0,three quarter americans oppose gun control
Revealed: Several Ku Klux Klan Units Active in Germany,0,reveal several ku klux klan unit active germany
Dakota Access pipeline protesters occupy Hillary Clinton campaign HQ,0,dakota access pipeline protester occupy hillary clinton campaign hq
"Comment on Leaked Email: ‘If She Wins, Hillary Will Own The Supreme Court for the Next 30 to 40 Years’ by mildred.kraus",0,comment leak email win hillary supreme court next year mildred krau
Billionaires fund anti-Trump delegate push,1,billionaire fund anti trump delegate push
The Loosening Grip of DC,0,loosen grip dc
"Memorial Day provides respite from VA controversies, even as new issue brews",1,memorial day provide respite va controversy even new issue brew
Hillary Clinton apologizes for e-mail system: ‘I take responsibility’,1,hillary clinton apologize mail system take responsibility
The real reasons Iran is so committed to its nuclear program,1,real reason iran commit nuclear program
The announcement for Wales’ first female bishop attracted quite a crowd,0,announcement wale first female bishop attract quite crowd
"Democratic challengers launch attacks against Clinton, party leadership",1,democratic challenger launch attack clinton party leadership
Fox News Poll: Clinton leads Trump by three points,0,fox news poll clinton leads trump three point
Moveable Feast Cafe 2016/11/04 … Open Thread,0,moveable feast cafe open thread
Trump's Victory Proves US Political Class Out of Touch With Electorate: Ron Paul,0,trump victory prove we political class touch electorate ron paul
"After nearly five years, Boehner could never land the ‘big deal’ he wanted",1,nearly five year boehner could never land big deal want
Black Millennials: Don’t Help Donald Trump,1,black millennial don help donald trump
DIY: Learn to Make the Most Powerful Natural Antibiotic Ever – Kills Any Infection In The Body,0,diy learn make powerful natural antibiotic ever kill any infection body
Live Blog: Voting Fraud Exposed Nationwide,0,live blog voting fraud expose nationwide
The myth of the ‘anchor baby’ deportation defense,1,myth anchor baby deportation defense
Ranking the 2016 Republican field,1,rank republican field
A shutout for Donald Trump - The Boston Globe,1,shutout donald trump boston globe
Ex-military intel officer says White House delaying announcement of Bergdahl desertion charge,1,ex military intel officer say white house delay announcement bergdahl desertion charge
"Under speaker pressure, signs pointing to a reluctant Paul Ryan",1,speaker pressure sign point reluctant paul ryan
Donald Trump’s Hollywood Walk of Fame star destroyed by vandals,0,donald trump hollywood walk fame star destroy vandal
Beyond Syria and Iraq: ISIS is losing ground around the world,1,beyond syria iraq isis lose ground around world
Clinton’s challenge will be to balance a hopeful tone with an argument for change,1,clinton challenge balance hopeful tone argument change
"Don’t Root, Root, Root for the Racist, Red-Face Team from Cleveland",0,don root root root racist red face team cleveland
"Latest Posts WikiLeaks Documents Coming From US Intelligence Not Russia, MSM & Democrat Party Dying",0,late post wikileak document come we intelligence not russia msm democrat party dying
Putin Says Will Not Abandon Russians in Ukraine to Nationalists,1,putin say not abandon russians ukraine nationalist
Hillary Clinton Cancels Public Events And Vanishes Amid Media Blackout,0,hillary clinton cancel public event vanish amid media blackout
The Truth About the #Syrianboy Viral Photo. Its really a story of two boys. #OmranDaqneesh,0,truth syrianboy viral photo really story two boy omrandaqneesh
Report: Freddie Gray may have intentionally tried to injure self in police van,1,report freddie gray may intentionally try injure self police van
"WIKI: Clinton out of touch, cronyistic, didn't drive car in 35 years, flew all over world but accomplished nothing...",0,wiki clinton touch cronyistic not drive car year fly world accomplish nothing
WATCH: Louis CK’s EPIC Answer on Trump vs. Hillary,0,watch louis ck epic answer trump vs hillary
When Did the Democratic Party Become Such a Nervous Wreck?,1,democratic party become nervous wreck
"Moms march to demand end to police brutality, racial injustice",1,mom march demand end police brutality racial injustice
Can Huckabee Overcome The 'New Car Smell' Of Other Candidates?,1,huckabee overcome new car smell candidate
Body parts found in suitcase left on sidewalk,1,body part find suitcase leave sidewalk
Kentucky election could blot an Obamacare bright spot,1,kentucky election could blot obamacare bright spot
This Republican senator visited a mosque to repudiate Donald Trump,1,republican senator visit mosque repudiate donald trump
GOP candidates fight for spotlight ahead of Milwaukee debate,1,gop candidate fight spotlight ahead milwaukee debate
Official Online National Donald Trump Polls Updated in Real-time,0,official online national donald trump poll update real time
DR. MANNY: Water crisis in Flint is just the tip of the iceberg,1,dr manny water crisis flint tip iceberg
"Florida Voters Approve Medical Marijuana, Reject Federal Prohibition",0,florida voter approve medical marijuana reject federal prohibition
OnPolitics | 's politics blog,1,onpolitics politics blog
Should America Pardon the National Security State?,0,america pardon national security state
Trump and the judge: Our view,1,trump judge view
#NoDAPL Spills Over: Musicians Boycott Dakota Access Pipeline CEO’s Record Label & Festival,0,nodapl spill musician boycott dakota access pipeline ceo record label festival
Jeb sides with brother on invading Iraq: Was he ducking the question?,1,jeb side brother invade iraq duck question
Political polarization is what paralyzes us - The Boston Globe,1,political polarization paralyze us boston globe
Vertical Pools Help Heal Wounded Combat Veterans Seeks Positive Doers To Help Make It Happen,0,vertical pool help heal wound combat veteran seek positive doer help make happen
Loretta Lynch joins Obama in prodding Senate over NSA,1,loretta lynch join obama prodding senate nsa
Clintons Are Under Multiple FBI Investigations as Agents Are Stymied,0,clinton multiple fbi investigation agent stymie
Comment on Democrats should ask Clinton to step aside by Toby,0,comment democrat ask clinton step aside toby
Hezbollah’s Candidate Becomes Lebanese President After Sunni Compromise,0,hezbollah candidate become lebanese president sunni compromise
Cher Finally Cracks Time Travel,0,cher finally crack time travel
"What Are The Bulges Under Your Green Pantsuit, Hillary?",0,bulges green pantsuit hillary
"Like a good little sharia-compliant female, Prince Charles’ wife Camilla removes her shoes to enter a mosque in Abu Dhabi, but the Prince of Wales keeps his shoes on",0,like good little sharia compliant female prince charles wife camilla remove shoe enter mosque abu dhabi prince wales keep shoe
The phantom earpiece phenomenon: Why presidential candidates are consistently accused of cheating during debates,1,phantom earpiece phenomenon presidential candidate consistently accuse cheating debate
At least Tesco are giving shoppers a bit of warning this year,0,least tesco give shopper bit warning year
"Trump Gives Victory Speech, Liberals Rediscover Appeal of Limited Government",1,trump give victory speech liberal rediscover appeal limited government
Senate GOP prepared to replace Obamacare subsidies,1,senate gop prepare replace obamacare subsidy
No Brotherly Love in Philly: Email Scandal Threatens to Mar DNC,1,no brotherly love philly email scandal threaten mar dnc
Conservatives: SCOTUS Pick More Important Than Senate Majority,1,conservatives scotus pick important senate majority
Michael Moore Owes Me $4.99,0,michael moore owe
The Russian media just loves the campaign to demonize Putin,0,russian medium love campaign demonize putin
Donald Trump is doing worse with Latinos than the previous 6 Republican presidential candidates,1,donald trump bad latinos previous republican presidential candidate
Nigerian Novelist Wonders Why Everyone Loves Hillary,0,nigerian novelist wonder everyone love hillary
Paul Ryan is an endangered species: How congressional extremists could easily doom his speakership,1,paul ryan endangered species congressional extremist could easily doom speakership
Trump’s HUGE Rally Crowds vs HIllary Clinton’s TINY Crowds,0,trump huge rally crowd vs hillary clinton tiny crowd
Can Republicans govern? Budget 2016 could be biggest test.,1,republicans govern budget could big test
"As Reproductive Rights Hang In The Balance, Debate Moderators Drop The Ball",1,reproductive right hang balance debate moderator drop ball
Re: 13 Year Old: “If Donald Trump Had A Brick For Every Lie Hillary Has Told He Could Build TWO Walls”,0,year old donald trump brick every lie hillary tell could build two wall
How Congress finally killed No Child Left Behind,1,congress finally kill no child leave behind
Get Ready For A Fight To Replace Scalia,1,get ready fight replace scalia
"Clinton, Sanders Let Loose in New York Debate | RealClearPolitics",1,clinton sander let loose new york debate realclearpolitic
"On More than One Issue, GOP's Trump Sounds like a Democrat",1,one issue gop trump sound like democrat
Obama administration stops work on immigrant program,1,obama administration stop work immigrant program
How To Plan Farmer’s Calendar All Year Round,0,plan farmer calendar year round
Surprised About Donald Trump's Popularity? You Shouldn't Be,1,surprised donald trump popularity not
#NeverTrump Goes Down in Flames in Final Attempt to Stop The Donald,1,nevertrump go flame final attempt stop donald
Hillary To Be Indicted After Election: Trump Responds To FBI Investigation,0,hillary indict election trump respond fbi investigation
Jeb Bush 3.0 will crash and burn: Why his new (new) strategy is almost certainly doomed,1,jeb bush crash burn new new strategy almost certainly doom
"A Tale of 2 Americas: Platforms Show World of Difference Between Dems, GOP",1,tale america platform show world difference dem gop
Jeb seeks to shake shadow of Bush family name,1,jeb seek shake shadow bush family name
Michael Klare: Whose Finger on the Nuclear Button?,0,michael klare whose finger nuclear button
BUILD UP WW3 World War 3 Is Coming Current Situation Analysis,0,build ww3 world war come current situation analysis
Jeh Johnson calls for increased vigilance after Mall of America terror threat,1,jeh johnson call increase vigilance mall america terror threat
Fox News Gets Destroyed While Trying To Blame Hillary Clinton For GOP Email Scandal,0,fox news get destroy try blame hillary clinton gop email scandal
Trump Reveals American Muslim Solution,0,trump reveal american muslim solution
"This Year’s Mammogram Month Launched With Devastating Report On Harms, Lack Of Effectiveness",0,year mammogram month launch devastating report harm lack effectiveness
Comey’s Clinton Foundation Connection,0,comey clinton foundation connection
Does The U.S. Government Really Know Who Hacked Democrats Emails?,0,government really know hack democrats email
"Gen. Petraeus: Biggest threat to Iraq's stability is Iran-backed militias, not ISIS",1,gen petraeus big threat iraq stability iran back militia not isis
Trump World’s Darkest Side,0,trump world dark side
Over 500 Russian and Egyptian Troops Train to Kill Terrorists (Photos) - Boris Egorov - Russia News Now,0,russian egyptian troop train kill terrorist photo boris egorov russia news
Have You Heard? Scientists Now Growing Human Ears From Apples,0,hear scientist grow human ear apple
4 students arrested for Calif. school shooting plot,1,student arrest calif school shooting plot
Most Popular Halloween Costumes Of 2016 - The Onion - America's Finest News Source,0,popular halloween costume onion america fine news source
Fiorina blasts CNN for debate rules that could exclude her despite rise in polls,1,fiorina blasts cnn debate rule could exclude despite rise poll
"Black Agenda Report for Week of Oct 31, 2016",0,black agenda report week oct
Self-Help and the War on Common Sense,0,self help war common sense
11 Benghazi takeaways: One for each hour,1,benghazi takeaway one hour
Julian Assange PREDICTS Trump Will Lose – Still Missing Day 12,0,julian assange predict trump lose still miss day
Taxpayers Shell Out $100K to Pay for Cops Caught Eating Weed & Assaulting People in Pot Shop Video,0,taxpayer shell 100k pay cop catch eat weed assault people pot shop video
Bush donors await green light to jump ship,1,bush donor await green light jump ship
Amnesty Intl: Western Backed Syrian Rebels Must End Unlawful Attacks In W. Aleppo,0,amnesty intl western back syrian rebel must end unlawful attack aleppo
Obama says he learned of Clinton using private email through news reports,1,obama say learn clinton use private email news report
McCain on Trump: 'Foolish' to ignore will of GOP voters,1,mccain trump foolish ignore gop voter
The Trump effect: Jack in the box and Obama's change,0,trump effect jack box obama change
Disabled veterans find freedom in water,0,disabled veteran find freedom water
Democrats begin search for candidate who knows how to use email,0,democrats begin search candidate know use email
Lessons from Obama's deal with Iran,1,lesson obama deal iran
Hillary Failing at Twitter Today: “Happy Birthday to This Future President”,0,hillary fail twitter today happy birthday future president
Why early voting could favor Democrats in key states,1,early voting could favor democrats key state
*Breaking: Huma Abedin Thrown Off Hillary’s Campaign Plane!,0,break huma abedin throw hillary campaign plane
Britain No Longer a Sovereign Democracy,0,britain no long sovereign democracy
Russia Demands Explanation After US Hacks Entire Russian Infrastructure,0,russia demand explanation we hack entire russian infrastructure
Donald Trump to trek U.S.-Mexico border Thursday,1,donald trump trek mexico border thursday
"EVIL HILLARY SUPPORTERS Yell ""F*ck Trump""…Burn Truck Of Daddy Fishing With 2 Yr Son Over Of Trump Bumper-Stickers [VIDEO] » 100percentfedUp.com",0,evil hillary supporter yell ck trump burn truck daddy fishing yr son trump bumper sticker video 100percentfedup com
Rand Paul shreds Ted Cruz over his showboating antics: “He is pretty much done for”,1,rand paul shred ted cruz showboate antic pretty much do
Donald Trump would ‘strongly consider’ closing some mosques in the United States,1,donald trump would strongly consider closing mosque united states
FBI’s brazen terrorism lie: What the Boston Marathon bombing trial reveals about America’s deluded terror narrative,1,fbi brazen terrorism lie boston marathon bombing trial reveal america delude terror narrative
Ben Carson’s Camp Plots Vice Presidential Bid,1,ben carson camp plot vice presidential bid
Lawsuits Against Monsanto’s Roundup®,0,lawsuit monsanto roundup
Reddit administrators accused of censorship,1,reddit administrator accuse censorship
Freddy Krueger Escapes Shooting – Injures Five At Halloween Party,0,freddy krueger escape shoot injure five halloween party
Report: It Still Nowhere Near Okay To Act Like Donald Trump - The Onion - America's Finest News Source,0,report still nowhere near okay act like donald trump onion america fine news source
"Germany: Children in one school required to chant ‘Allahu Akbar’; in another, Christian events eliminated",0,germany child one school require chant allahu akbar another christian event eliminate
The White House wants to cut methane emissions from oil and gas operations,1,white house want cut methane emission oil gas operation
A semi-radical plan to elect more moderates to Congress,1,semi radical plan elect moderate congress
Dozens Of Syrian Children Dead After Receiving Measles Vaccinations,0,dozen syrian child dead receive measle vaccination
Here’s the Best Way to Stop Trump—and Save Republicans in the Senate and House,1,good way stop trump save republicans senate house
Devastating Wiki Leaks Show Scope Of Clinton Cover-Up [Video],0,devastating wiki leak show scope clinton cover video
Defense Secretary: US Talking to Turkey About Future Role in Raqqa,0,defense secretary we talk turkey future role raqqa
Here's Why All These Political Cattle Calls Matter,1,political cattle call matter
Shiny Syrian Or White Rubble? This Viral Photo Is Dividing The Internet,0,shiny syrian white rubble viral photo divide internet
More conservative Republicans say they won't back Boehner for speaker,1,conservative republicans say not back boehner speaker
Democrats are actually more enthusiastic than Republicans about trade,1,democrats actually enthusiastic republicans trade
"Bill O'Reilly claims false, admits Fox News: Why that won't hurt him at Fox",1,bill reilly claim false admit fox news not hurt fox
Turkish PM says deadly attacks likely were suicide bombings,1,turkish pm say deadly attack likely suicide bombing
Immigration crackdown splits GOP,1,immigration crackdown split gop
"Project Veritas 4: Robert Creamer's Illegal $20,000 Foreign Wire Transfer Caught On Tape",0,project verita robert creamer illegal foreign wire transfer catch tape
"After strong debate, Christie, Bush resume attack on Rubio",1,strong debate christie bush resume attack rubio
"Just When You Thought It Was Safe To Swim, Scientists Discovered A Two-Headed Shark",0,think safe swim scientist discover two head shark
Politicians Will Feel the Heat From Rising Temperatures,0,politician feel heat rise temperature
UN agency food aid vouchers in Syrian crisis diverted and sold for cash,1,un agency food aid voucher syrian crisis divert sell cash
Voters Repudiate Clinton,0,voter repudiate clinton
30th Infantry Division: “Work Horse of the Western Front” ~ 1951 US Army; The Big Picture TV-211,0,30th infantry division work horse western front us army big picture tv
"The FBI, the DHS’s Customs and Border Protection, the Secret Service, and the Israelis are in cahoots",0,fbi dhs custom border protection secret service israelis cahoot
Comment on How Reiki Actually Works (The Science Part) by Energy Healing-Reiki,0,comment reiki actually work science part energy heal reiki
Mobilizing in Guatemala,0,mobilize guatemala
"Kenyan refugee kills co-worker, self",0,kenyan refugee kill co worker self
"Amid immigration questions, how will GOP Hispanics vote?",1,amid immigration question gop hispanics vote
Say What?! FBI Never Destroyed Laptops of Clinton Aides – AGENTS REFUSED TO DO IT,0,say fbi never destroy laptop clinton aide agent refuse
Swiss volunteer firefighters: It’s ok to be a bit tipsy when reporting for duty,0,swiss volunteer firefighter ok bit tipsy reporting duty
Planned Parenthood’s lobbying effort; pay raises for federal workers; and the future Fed rates,1,plan parenthood lobbying effort pay raise federal worker future fed rate
Is the Fed Fix in for the election?,0,fed fix election
"Police Use Tear Gas, Arrest 9 During Protests In St. Louis",1,police use tear gas arrest protest st louis
Kasich’s Ohio Win Pushes G.O.P. Race Closer to Chaotic Convention,1,kasich ohio win push race close chaotic convention
Hillary and Trump Could Both Be Criminally Charged After The Election,0,hillary trump could criminally charge election
‘We Caved’,1,cave
"Bishop Williamson on Putin, Putin’s Meeting with Pope Francis, and the Fr. Gruner-Russian Meeting",0,bishop williamson putin putin meeting pope francis fr gruner russian meeting
Hillary Clinton accused of stealing furniture from the State Department,0,hillary clinton accuse steal furniture state department
"Newt Gingrich: If Hillary Clinton Runs In 2016, Republicans 'Incapable Of Competing'",1,newt gingrich hillary clinton run republicans incapable compete
"Hillary supporters: We're excited, too, but also practical",1,hillary supporter excite also practical
"Artist's Impression Of ""The Clinton Machine"" - Russia News Now",0,artist impression clinton machine russia news
Report: Obama Administration Makes 'No Progress' On Drone Program Transparency,1,report obama administration make no progress drone program transparency
"Political Party of Anarchists, Libertarians, Hackers, and Computer Geeks to Take Power in Iceland",0,political party anarchist libertarian hacker computer geek take power iceland
"Despite Constant Debate, Americans' Abortion Opinions Rarely Change",1,despite constant debate americans abortion opinion rarely change
Congressional Republicans are outraged that the EPA wants to protect our drinking water,1,congressional republicans outraged epa want protect drinking water
CNN basically ignored Ben Carson at Thursday’s debate. And that’s just fine.,1,cnn basically ignore ben carson thursday debate fine
AIDS “Patient Zero” Not the Source of the Outbreak,0,aids patient zero not source outbreak
Is US now a climate change leader? How Obama's new plan measures up.,1,us climate change leader obama new plan measure
"Hillary visits voters early polling stations, thus BREAKING THE LAW on camera – yet again nothing happens to her",0,hillary visit voter early polling station thus break law camera yet nothing happen
VA fails to properly examine thousands of veterans,0,va fails properly examine thousand veteran
Is Campus Rape Really An Epidemic?,1,campus rape really epidemic
Why America might elect a president it doesn't like,1,america might elect president not like
Obama's community college proposal: dead on arrival?,1,obama community college proposal dead arrival
Donald Trump's obsession with himself,1,donald trump obsession
“Organic” Food From China Found To Be Highly Contaminated,0,organic food china find highly contaminate
"Nintendo Cuts Full-Year Sales, Operating Profit Forecasts",0,nintendo cut full year sale operating profit forecast
AT&T sold access to customer data to law enforcement – report,0,sell access customer datum law enforcement report
ObamaCare Opt-Out Act: Let all Americans make their own health care decisions,1,obamacare opt act let americans make health care decision
Another Primary Night's Results Confound (At Least Some) Expectations,1,another primary night result confound least expectation
Being an utter cock no barrier to success,0,utter cock no barrier success
Must Read of the Day – Dennis Kucinich’s Extraordinary Warning on D.C.’s Think Tank Warmongers,0,must read day dennis kucinich extraordinary warning think tank warmonger
"This Election is Not About Trump, Its about a Giant Middle Finger to Washington DC.",0,election not trump giant middle finger washington dc
One Veteran’s War on Islamophobia,0,one veteran war islamophobia
Morning Joe Destroys Corrupt Clinton Foundation (Laughable) “Total Corruption”,0,morning joe destroy corrupt clinton foundation laughable total corruption
Johnson & Johnson Lose Third Multimillion Dollar Case Over Baby Talc,0,johnson johnson lose third multimillion dollar case baby talc
Funding shortfall for Social Security disability program: Is it real?,1,fund shortfall social security disability program real
Can the Oligarchy Still Steal the Presidential Election?,0,oligarchy still steal presidential election
Dentist Waiting Room Contains Disproportionate Number Of Boating Magazines,0,dentist waiting room contain disproportionate number boat magazine
Most non-Trump GOP voters say they would consider independent candidate,1,non trump gop voter say would consider independent candidate
A very accurate pisstake of craft beer culture,0,accurate pisstake craft beer culture
Marco Rubio doesn’t think sexual orientation is a choice but wants states to decide marriage,1,marco rubio doesn think sexual orientation choice want state decide marriage
How Putin Derailed the West   : Information,0,putin derail west information
Downing of Russian plane reveals potential for more conflict,1,down russian plane reveal potential conflict
"Retaliating For Killings, Egypt Launches Airstrikes Against ISIS In Libya",1,retaliate killing egypt launch airstrikes isis libya
President Obama wants to disarm America,1,president obama want disarm america
"Sanders says 'tough guy' Trump should reconsider, still debate him",1,sanders say tough guy trump reconsider still debate
Heard of George Pataki? Every four years he thinks about running for president.,1,hear george pataki every four year think run president
VIDEO : Hillary Worshipper Rachel Maddow IN TEARS Over Reopened FBI Investigation – TruthFeed,0,video hillary worshipper rachel maddow tears reopen fbi investigation truthfeed
Netanyahu scores stunning victory – but at what cost? (+video),1,netanyahu score stunning victory cost video
Netanyahu blasts Obama's Iran nuclear deal,1,netanyahu blast obama iran nuclear deal
Will Carlos Danger Cut a Deal? - Russia News Now,0,carlos danger cut deal russia news
Three local military veterans to receive recognition,0,three local military veteran receive recognition
The ultimate triumph: President Trump,1,ultimate triumph president trump
Pope Francis Commemorates 500th Anniversary Of Protestant Reformation,0,pope francis commemorate 500th anniversary protestant reformation
US Claims Four Arms Ships From Iran to Yemen Caught in Past 18 Months,0,we claim four arm ship iran yemen catch past month
WHO Cancer Agency Under Fire for withholding ‘carcinogenic glyphosate’ Documents,0,cancer agency fire withholding carcinogenic glyphosate document
"Donald Trump to leave America for a younger, sexier country",0,donald trump leave america young sexier country
Markets collapse as Donald Trump is projected to win,0,market collapse donald trump project win
Many Opt to Take Social Security Before Full Retirement Age,1,many opt take social security full retirement age
"Walling them out, or walling us in?",0,wall wall we
Is your promising internet career over now Vine is dead? Write for NewsBiscuit to cheer yourself up,0,promise internet career vine dead write newsbiscuit cheer
Trump's women problem,1,trump woman problem
Venezuelan Police Officer Fatally Shot in Anti-Government Protests,0,venezuelan police officer fatally shoot anti government protest
Clinton Staff Readies EMP Launch To Disable All Nation’s Electronic Devices - The Onion - America's Finest News Source,0,clinton staff ready emp launch disable nation electronic device onion america fine news source
"Team Clinton: Let’s Talk About Russia, Not the WikiLeaks Emails",0,team clinton let talk russia not wikileak email
Romney moves to reassemble campaign team for ‘almost certain’ 2016 bid,1,romney move reassemble campaign team almost certain bid
"MSNBC, DNC reach deal to host Democratic debate in New Hampshire",1,msnbc dnc reach deal host democratic debate new hampshire
Deep Fried Offshore,0,deep fry offshore
TOP DOCTORS: CHEMOTHERAPY ONE OF DOZENS OF PROCEDURES SHOWN TO ‘GIVE NO BENEFIT’,0,top doctor chemotherapy one dozen procedure show give no benefit
Are We on the Eve of Total Life Extinction?,0,eve total life extinction
"Understanding John Boehner, reluctant ringleader of GOP shutdown politics (+video)",1,understand john boehner reluctant ringleader gop shutdown politic video
“Ignorant scum who disagree with me should be more tolerant” complains voter,0,ignorant scum disagree tolerant complain voter
Bob Dole on Ted Cruz: 'Nobody likes him',1,bob dole ted cruz nobody like
US Engineers Prepare Bionic Device to Generate Electricity by Walking,0,us engineer prepare bionic device generate electricity walking
Election 2016: Rand Paul poised to launch campaign,1,election rand paul poised launch campaign
Hillary Clinton has a deep commitment.,0,hillary clinton deep commitment
Paul Ryan will face 'monumental obstacles' as speaker,1,paul ryan face monumental obstacle speaker
7 Times Obama Failed to Support Israel,1,times obama fail support israel
"Trump, RNC announce joint fundraising deal",1,trump rnc announce joint fundraising deal
Not Guilty: The Power of Nullification to Counteract Government Tyranny,0,not guilty power nullification counteract government tyranny
State Dept. Admits Official Censored Sensitive Iran Nuclear Deal Video,1,state dept admit official censor sensitive iran nuclear deal video
Must Read of the Day – The Clinton Presidency Is Going to Be a Miserable Slog,0,must read day clinton presidency go miserable slog
Iraqi Army: US Hindering Advance on Mosul,0,iraqi army we hinder advance mosul
Hillary Clinton Appears Disoriented And Confused At New York Airport Day Before Presidential Election,0,hillary clinton appear disorient confused new york airport day presidential election
"Election results: Bevin wins in Kentucky, Ohio rejects pot",1,election result bevin win kentucky ohio reject pot
Paul Manafort resigns as Trump campaign chairman after Breitbart shake-up,1,paul manafort resign trump campaign chairman breitbart shake
"James Bond wouldn’t make the grade in modern MI6, says Britain’s top spy",0,james bond wouldn make grade modern mi6 say britain top spy
British firm aims to open immigration detention center near US-Mexico border,1,british firm aim open immigration detention center near us mexico border
Merrick Garland’s instinct for the middle could put him in the court’s most influential spot,1,merrick garland instinct middle could put court influential spot
Comment on Shocking video shows Europe’s “refugee crisis” is a Muslim invasion by Refugees Invasion of Europe | Justice4Poland,0,comment shocking video show europe refugee crisis muslim invasion refugee invasion europe justice4poland
Trump to African Americans: 'What Do You Have to Lose?',1,trump african americans lose
Obama to name Marine Gen. Dunford chairman of Joint Chiefs of Staff,1,obama name marine gen dunford chairman joint chiefs staff
Rout has Ukraine pleading for peacekeepers,1,rout ukraine plead peacekeeper
"Hot dogs, bacon and other processed meats cause cancer, World Health Organization declares",1,hot dog bacon process meat cause cancer world health organization declare
Simon Parkes Updates: Swiss Earthquakes and DOS attacks,0,simon parkes update swiss earthquake do attack
17 biblical rules for marriage the Kim Davis set chooses to ignore,1,biblical rule marriage kim davis set chooses ignore
The Modern History of ‘Rigged’ US Elections,0,modern history rig us election
"Rubio, Cruz, Christie Improve Their Standing In Third GOP Debate",1,rubio cruz christie improve stand third gop debate
Americans Don't Like New Congress Any Better Than The Last One,1,americans not like new congress any well last one
Million-dollar donors pump huge sums into 2016 White House race,1,million dollar donor pump huge sum white house race
Currency Crisis: Alasdair MacLeod On The Vexed Question of the Dollar,0,currency crisis alasdair macleod vex question dollar
Rural Nepal devastated by earthquake still awaits aid,1,rural nepal devastated earthquake still await aid
Democrats & Republicans Just Joined Forces To Condemn Comey’s Partisan Smears,0,democrats republicans join force condemn comey partisan smear
Is the GOP's stop Trump campaign too late?,1,gop stop trump campaign late
NYPD Source: Weiner Laptop Has Enough Evidence “to Put Hillary … Away for Life”,0,nypd source weiner laptop enough evidence put hillary away life
Rubio battles Cruz for Iowa edge,1,rubio battle cruz iowa edge
Is It Safe To Use Expired Prescription Drugs?,0,safe use expire prescription drug
Scientists Find A Plant That Could Treat Diabetes And Kill Cancer Cells,0,scientist find plant could treat diabete kill cancer cell
TREASON: This Election Fraud Goes All the Way TO THE TOP! — Bill Holter,0,treason election fraud go way top bill holter
Insiders: Marco Rubio crashed and burned,1,insider marco rubio crashed burn
Arizona: “Poster Child” for ObamaCare’s Failures,0,arizona poster child obamacare failure
Trump's New Ad Portraying 'Every Mother's Worse Nightmare' is Nothing Short of Chilling,0,trump new ad portray every mother bad nightmare nothing short chill
How WiFi & Other EMFs Cause Biological Harm,0,wifi emfs cause biological harm
One Photo Sums Up How Differently America Treats People Of Color And The White Bundy Militiamen,0,one photo sum differently america treat people color white bundy militiaman
Elizabeth Warren's speech attacking Donald Trump made a bigger argument about Republicans,1,elizabeth warren speech attack donald trump make big argument republican
Clinton Goes After Republican Vote In Rare Fox News Interview,1,clinton go republican vote rare fox news interview
A standard dejection in the IRS help line,1,standard dejection irs help line
"About Time! CNN Fires Donna Brazile for Rigging Debates, Giving Hillary Questions in Advance",0,time cnn fire donna brazile rig debate give hillary question advance
"Assad Says The ""Boy In The Ambulance"" Is Fake - This Proves It",0,assad says boy ambulance fake prove
The Dems’ lethal weapon: Elizabeth Warren is the only Democrat that can cut Donald Trump down to size,1,dem lethal weapon elizabeth warren democrat cut donald trump size
"poll: Alarm, anxiety",1,poll alarm anxiety
Erdogan Checks in with Obama Before Bombing Syria,0,erdogan check obama bombing syria
"Paul Ryan, a highway bill, and the political virtue of patience (+video)",1,paul ryan highway bill political virtue patience video
'Repugnant': Families of War Dead Demand Apology From Trump,1,repugnant family war dead demand apology trump
Juror 4: Oregon standoff prosecutors failed to prove ‘intent’ to impede federal workers,0,juror oregon standoff prosecutor fail prove intent impede federal worker
Boaty McBoatface II? P&O bravely asks the public to name its new ferry,0,boaty mcboatface ii bravely ask public name new ferry
Hillary has built the biggest big-money operation ever,0,hillary build big big money operation ever
Hillary Clinton's first test,1,hillary clinton first test
There’s wildly conflicting information about what FBI actually found in renewed Clinton email probe,0,wildly conflict information fbi actually find renew clinton email probe
"If you think our media is racist, wait till you meet my grandfather, Prince Harry tells Meghan Markle",0,think medium racist wait till meet grandfather prince harry tell meghan markle
"Republicans keep scanning the horizon for path to scrap, replace ObamaCare",1,republicans keep scan horizon path scrap replace obamacare
An open letter to Mr. Khizr Khan,1,open letter mr khizr khan
"Protesters try to block access to Trump rally in Arizona, ahead of big primary in border state",1,protester try block access trump rally arizona ahead big primary border state
Count on Wide-Open 2016 Debate Over U.S.’s Role in the World,1,count wide open debate role world
U.S. Special Forces Join Fight For Mosul,0,special force join fight mosul
Why Obama is changing tune on pulling troops from Afghanistan,1,obama change tune pull troop afghanistan
Canada Posts Perfect Tweet After Immigration Website Crashes,0,canada post perfect tweet immigration website crash
Is Iran ‘already violating’ the nuclear deal by ‘illegally testing ballistic missiles?’,1,iran already violate nuclear deal illegally test ballistic missile
Saudi Arabia Should Continue to Seek New Revenue Sources - IMF,0,saudi arabia continue seek new revenue source imf
‘McCarthyism’ Rides Again. And It's Again Poisoning the Foundations of a Free Society in the US - Justin Raimondo,0,mccarthyism rid poison foundation free society us justin raimondo
"As Democrats Grow Nervous, Clinton Tries To Appeal To Party Leaders",1,democrats grow nervous clinton try appeal party leader
China’s Growing Amphibious Capabilities (two-parts video report),0,china grow amphibious capability two part video report
"BLACK VETERANS FOR TRUMP, too!",0,black veteran trump
The all-American terror of Donald Trump: Inside the nightmare ideology that’s made him a hero to white fundamentalists,1,american terror donald trump inside nightmare ideology make hero white fundamentalist
"Aiming to break ISIS, dollar by dollar",1,aim break isis dollar dollar
"ATTENTION WESTERN WORLD: If You Care About Your Country’s Security, Make Sure Everyone Gets Netanyahu’s Important Message",0,attention western world care country security make sure everyone get netanyahu important message
Why is Paul Ryan miffed about new budget deal?,1,paul ryan miff new budget deal
US Airstrike Killed Five Al-Qaeda Members in Yemen on October 21 - CENTCOM,0,us airstrike kill five al qaeda members yemen october centcom
The Only Way to Save the World is to Save Yourself,0,way save world save
NO jail time for Muslim migrant who DUMPED BABY in road and left it for dead,0,no jail time muslim migrant dump baby road leave dead
Re: Schools All Over America Are Closing On Election Day Due To Fears Of Violence,0,schools america closing election day due fear violence
Trump Mocks Biden's Dare To Take Him 'Behind the Gym',0,trump mocks biden dare take behind gym
Obamacare Enrollees Anxiously Await Supreme Court Decision That Threatens Their Coverage,1,obamacare enrollee anxiously await supreme court decision threaten coverage
Clinton’s Iowa dilemma,1,clinton iowa dilemma
Why Russia’s army can’t complete its modernization program,0,russia army complete modernization program
Mormon Church Backs LGBT Protection,1,mormon church back lgbt protection
Small Stocks Threaten Breakdown – Can They Hang On?,0,small stock threaten breakdown hang
Black Lives Matter LOSES: America’s Respect For Police SURGES,0,black life matter lose america respect police surge
Clinton Snaps as Bernie and Trump Supporters Join Forces to Disrupt Rally,0,clinton snaps bernie trump supporter join force disrupt rally
Iran’s Zarif to hold talks with Russia’s Lavrov on Syria in Moscow,0,iran zarif hold talk russia lavrov syria moscow
"Anti-Trump protests are paid and staged, Craigslist reveals",0,anti trump protest pay stag craigslist reveal
Islamic State claims responsibility for the Brussels attacks,1,islamic state claim responsibility brussels attack
The Clinton FBI Investigation Just Got Real,0,clinton fbi investigation get real
5 Reasons to Try Acupuncture for Baby Eczema,0,reason try acupuncture baby eczema
"Cruz dares Trump to sue him over abortion ad, vows to run it 'more frequently'",1,cruz dare trump sue abortion ad vow run frequently
Charleston Church Holds First Service Since Shootings,1,charleston church hold first service since shooting
"Rolling Stone debacle shows how hard, and needed, sex assault reporting is (+video)",1,roll stone debacle show hard need sex assault report video
"Walmart Gives 500,000 Workers A Raise",1,walmart give worker raise
An open letter to the Commission on Presidential Debates: Bring on instant replay!,1,open letter commission presidential debate bring instant replay
Federal Employee With Stage IV Cancer May Lose Job For Taking Medical Marijuana,0,federal employee stage iv cancer may lose job take medical marijuana
Gay and lesbian troops will be protected by new Pentagon policy,1,gay lesbian troop protect new pentagon policy
"We must call him a terrorist: Dylann Roof, Fox News and the truth about why language matters",1,must call terrorist dylann roof fox news truth language matter
Tens of Thousands of People Just Got Fooled By FAKE Ballot Without Trump’s Name On It,0,ten thousand people get fool fake ballot without trump name
Love Him Or Hate Him: Trump Is The Revolution Against The Establishment,0,love hate trump revolution establishment
"MI5 Chief Gives First Ever Interview to Press, Hypes 'Aggressive Russia' - Jason Ditz",0,mi5 chief give first ever interview press hype aggressive russia jason ditz
Russia is Hoarding Gold at an Alarming Rate — The Next World War Will Be Fought with Currencies,0,russia hoard gold alarming rate next world war fight currency
Sustainable salt water battery won’t corrode and can power your home for 10 years,0,sustainable salt water battery win corrode power home year
"Ever Google Yourself? Do a “Deep Search” Instead, but brace yourself for the results",0,ever google deep search instead brace result
Financial Whistleblower Explains What’s About to Happen to the Economy,0,financial whistleblower explain happen economy
Comment on 4 Fascinating Things Quantum Physics Does In Nature by para kazanmak,0,comment fascinating thing quantum physics nature para kazanmak
Clinton campaign blames FBI director for loss to Trump,0,clinton campaign blame fbi director loss trump
"Readings in the Jewish Zionist Control of the United States: Interviews with Francis Boyle, James Petras, Kim Petersen",0,readings jewish zionist control united states interviews francis boyle james petras kim petersen
"2 killed, 8 terror suspects held in France terror raid",1,kill terror suspect hold france terror raid
Shocking! Hillary’s Henchwoman Sold Up the River To Save Her Bacon!,0,shock hillary henchwoman sell river save bacon
"Janet Reno, First Female US Attorney General, Dies At 78",0,janet reno first female us attorney general die
How to Rig an Election: James O’Keefe Expose’- Follow the Money,0,rig election james keefe expose follow money
OBSTRUCTION OF JUSTICE: The Clintons’ Long History Of Losing Documents,0,obstruction justice clinton long history lose document
Lincoln Chafee Ends His Presidential Campaign,1,lincoln chafee end presidential campaign
"HUGE Air Drill, Over 130 Command Centers in Russia, CIS on Alert",0,huge air drill command center russia cis alert
"After Vets Fight War, Feds Demand Money Back",0,vet fight war fed demand money back
Here Are Some Key People to Watch in 2015,1,key people watch
"Super Tuesday II: Clinton sweeps Florida, Illinois, Ohio and North Carolina; Rubio quits after Trump wins Florida",1,super tuesday ii clinton sweep florida illinois ohio north carolina rubio quit trump win florida
Hillary Clinton to turn over private email server to Justice,1,hillary clinton turn private email server justice
Barney Frank Powerfully Disproves Ben Carson's Comments On Homosexuality,1,barney frank powerfully disprove ben carson comment homosexuality
Need to Burn Fat? Eat Dinner Early or Skip It to Help Weight Loss,0,need burn fat eat dinner early skip help weight loss
"Mark Crispin Miller, a professor at New York University, explains how US elections are stolen:",0,mark crispin miller professor new york university explain we election steal
Can The American People Defeat The Oligarchy That Rules Them?,0,american people defeat oligarchy rule
"Hillary Clinton Wants a Strong Russia. Wait, what did she say?",0,hillary clinton want strong russia wait say
How Workplace Injuries Are Adding To Income Inequality,1,workplace injury add income inequality
Obama says Trump 'unfit' for presidency,1,obama say trump unfit presidency
Supreme Court declares same-sex couples' 'fundamental right' to marry,1,supreme court declare sex couple fundamental right marry
White House to host counterterrorism summit Feb. 18,1,white house host counterterrorism summit feb
Moronic Trump Campaign Thinks Reopened Clinton Email Investigation Will Save Them,0,moronic trump campaign think reopen clinton email investigation save
VP vetting? Trump meets with Sen. Joni Ernst,1,vp vetting trump meet sen joni ernst
"Russian Report Warns: American Revolution Has Now Begun, May Last Entire Decade",0,russian report warn american revolution begin may last entire decade
Four ways to fix American politics,1,four way fix american politic
Comment on 11 Things To Let Go Of Before The New Year by 11 Things To Let Go Of Before The New Year – Motivate3.com,0,comment thing let go new year thing let go new year motivate3 com
Sad Hillary Clinton Finally Concedes To Trump Publicly,0,sad hillary clinton finally concede trump publicly
Trump Adviser Says Israeli Settlements 'Not Illegal',0,trump adviser say israeli settlement not illegal
Can Libertarian Rand Paul Win A Republican Primary?,1,libertarian rand paul win republican primary
UNsilenced: Whistleblower Exposes UN Culture of Corruption,0,unsilenced whistleblower expose un culture corruption
Charles Krauthammer: Obama: Charlie who?,1,charles krauthammer obama charlie
How To Open Your Chakras – As Explained By A Children’s Show [Watch],0,open chakra explain child show watch
Feudalism – Medieval and Modern,0,feudalism medieval modern
The long history of linking climate change to American security,1,long history link climate change american security
Russia And NATO Engage In One Of The Largest Military Build-Ups Since The Cold War,0,russia nato engage one large military build up since cold war
Punishment Is Violent And Counterproductive,0,punishment violent counterproductive
May puts nation on high-poppy alert,0,may put nation high poppy alert
Why Putin praised Trump (Opinion),1,putin praise trump opinion
Two Reasons Trump Could Actually Win (And Three Reasons Why He Won’t),1,two reason trump could actually win three reason win
Jeh Johnson on DHS Impasse: Congress Jeopardizes National Security,1,jeh johnson dhs impasse congress jeopardize national security
President Trump! A nightmare of the Ukrainian politicians! (English subs),0,president trump nightmare ukrainian politician english sub
Josh Fox on Dakota Access Pipeline Standoff: ‘Where the F*** Is Hillary Clinton Right Now?’,0,josh fox dakota access pipeline standoff hillary clinton right
US military: 'Reasonably certain' airstrike killed notorious ISIS militant 'Jihadi John',1,we military reasonably certain airstrike kill notorious isis militant jihadi john
UVA Suspect Faces 1st Degree Murder,1,uva suspect face 1st degree murder
Blasphemy and the law of fanatics,1,blasphemy law fanatic
"Party insiders give Clinton early, commanding delegate edge",1,party insider give clinton early command delegate edge
"Chris Christie kicks off his comeback tour in N.H., going all-in on entitlement reform",1,chris christie kicks comeback tour go entitlement reform
Russian Defence Minister in India | Russia & India Report,0,russian defence minister india russia india report
Democratic debate 2015: Hillary Clinton and Bernie Sanders finally face off,1,democratic debate hillary clinton bernie sander finally face
Susan Rice: U.S. Must Integrate LGBT Rights into Gov’t and Foreign Policy,0,susan rice must integrate lgbt rights gov foreign policy
GOP Presidential Contenders Stay Classy With Major Shift In Debate Tone And Pitch,1,gop presidential contender stay classy major shift debate tone pitch
Police arrest 141 in crackdown on North Dakota pipeline protesters,0,police arrest crackdown north dakota pipeline protester
White,0,white
"Cannabis Protects The Brain From Traumatic Injuries And Concussions, Study Finds",0,cannabis protect brain traumatic injury concussion study find
Clinton campaign tries to use report to exonerate candidate in email scandal,1,clinton campaign try use report exonerate candidate email scandal
Terror trail? Feds probe digital profile of SoCal massacre suspects,1,terror trail fed probe digital profile socal massacre suspect
Your election night survival guide: what to expect as polls close,1,election night survival guide expect poll close
"Orlando gunman who pledged loyalty to ISIS was ‘homegrown’ extremist radicalized online, Obama says",1,orlando gunman pledge loyalty isis homegrown extremist radicalize online obama say
Biden and Trump Agree to Fight Pistol Duel--Final Arrangements Pending,0,biden trump agree fight pistol duel final arrangement pende
Russia Has Called the War Party's Bluff     :,0,russia call war party bluff
"Congressional leaders pushing debt limit plan, ahead of speaker vote",1,congressional leader push debt limit plan ahead speaker vote
"Radio Derb Transcript For October 21 Up: The Magic Bricks Of PS 199, Et Cetera",0,radio derb transcript october magic bricks ps et cetera
Be Sure to Join Our Election Night Live Blog/Open Thread Tomorrow Evening,0,sure join election night live blog open thread tomorrow evening
Why House Democrats think Donald Trump can deliver them big gains,1,house democrats think donald trump deliver big gain
Look What Students FORCED To Do After Muslims FLOOD Germany,0,look student force muslims flood germany
The unemployment rate is now lower than it was at any time during Reagan's presidency,1,unemployment rate lower any time reagan presidency
Elizabeth Warren declares herself ready to be Hillary Clinton's running mate,1,elizabeth warren declare ready hillary clinton run mate
Elizabeth Warren: Why the media won’t take no for an answer,1,elizabeth warren media win take no answer
DNC Renews Lawsuit Against RNC Over Voter Intimidation (VIDEO),0,dnc renews lawsuit rnc voter intimidation video
Press TV: Duff on UN Condemnations of “Moderate Terrorists”,0,press tv duff un condemnation moderate terrorist
Supreme Court Rules Priests DO NOT Have to Report Child Abuse,0,supreme court rule priest not report child abuse
All Brexit arguments settled by 0.5 per cent third-quarter growth,0,brexit argument settle per cent third quarter growth
Fact-checking Barack Obama's 2016 State of the Union address,1,fact check barack obama state union address
Why hydrogen peroxide should be in every home,0,hydrogen peroxide every home
"Hillary will never survive the Trump onslaught: It’s not fair, but it makes her a weak nominee",1,hillary never survive trump onslaught not fair make weak nominee
Boehner moves to push off immigration fight to 2015,1,boehner move push immigration fight
"After New York Wins, Trump And Clinton Look Forward To Knockout Round",1,new york wins trump clinton look forward knockout round
Hillary Clinton Can’t Run for President,1,hillary clinton run president
Mike Pence says “shalom” to Israel’s Republicans,0,mike pence say shalom israel republicans
Obamacare case: All eyes on 2 justices,1,obamacare case eye justice
South Carolina police officer charged with murder after shooting man during traffic stop,1,south carolina police officer charge murder shoot man traffic stop
"‘We never denied Israel’s right to Jerusalem, Temple Mount’",0,never deny israel right jerusalem temple mount
King Rufus Found Buried Under Parking Lot Near Beaulieu Motor Museum,0,king rufus find bury parking lot near beaulieu motor museum
"""Political identity is fair game for hatred"": how Republicans and Democrats discriminate",1,political identity fair game hatred republicans democrats discriminate
Obama Authorizes Deploying Up To 450 More Troops To Iraq,1,obama authorize deploy troop iraq
BREAKING: FBI Gets Search Warrant For State Department Emails On Weiner’s Computer (VIDEO),0,break fbi get search warrant state department email weiner computer video
Tokyo could ban US troops from stationing on disputed isles,0,tokyo could ban we troop station dispute isle
Putin being FRAMED at UN for War Crimes in Syria Explained,0,putin frame un war crimes syria explain
Even ExxonMobil says climate change is real. So why won’t the GOP?,1,even exxonmobil say climate change real win gop
Russian Researchers Discover Secret Nazi Military Base ‘Treasure Hunter’ in the Arctic [Photos],0,russian researcher discover secret nazi military base treasure hunter arctic photo
Even Democratic Voters Don’t Trust Hillary,0,even democratic voter don trust hillary
Federal Judge Overturns Nebraska Gay Marriage Ban,1,federal judge overturn nebraska gay marriage ban
"Comment on SJWs Outrage over Leonardo DiCaprio ""white Rumi"" role Unfounded, Iranian Explains Why by ztech",0,comment sjws outrage leonardo dicaprio white rumi role unfounded iranian explain ztech
"Trump, Sanders Crush the Competition in New Hampshire Primaries",1,trump sander crush competition new hampshire primary
"Monica Lewinsky’s latest comeback, fueled by media remorse",1,monica lewinsky late comeback fuel medium remorse
7 Halloween Treats That Trick Children Into Cleaning,0,halloween treat trick child clean
A boss often can fire you while you're hospitalized,1,boss often fire hospitalize
Why Comey Reopened the Hillary Investigation (The real reasons),0,comey reopen hillary investigation real reason
Comment on Fury as German primary school ‘forces’ children to chant ‘Allahu Akbar’ in Muslim prayer by Dr. Eowyn,0,comment fury german primary school force child chant allahu akbar muslim prayer dr eowyn
"Rieder: Charlie Hebdo goes on, and that matters",1,rieder charlie hebdo go matter
Obama will walk away from Iran talks if no inspections,1,obama walk away iran talk no inspection
The 2016 Republican field might be the most diverse ever — for either party,1,republican field might diverse ever either party
Donald Trump may be showing us the future of right-wing politics,1,donald trump may show we future right wing politic
Joint Way Forward Deal Does Not Lead to Peace or Progress for Afghans,0,joint way forward deal not lead peace progress afghan
Dakota Pipeline Protests Are Working! One Bank May Pull Funding of Pipeline Build,0,dakota pipeline protest work one bank may pull funding pipeline build
Republicans in state governments plan juggernaut of conservative legislation,1,republicans state government plan juggernaut conservative legislation
"Sanders, Dem establishment battle boils over",1,sanders dem establishment battle boil
Election 2016: A Political System In Crisis,0,election political system crisis
"After terrorizing America with Zika scaremongering, Washington Post now admits Zika virus doesn’t cause brain deformities after all",0,terrorize america zika scaremongere washington post admit zika virus doesn cause brain deformity
Obama Says Terrorists Seek Legitimacy by Using Religious Tie,1,obama say terrorist seek legitimacy use religious tie
Why NATO is put on war footing against Russia,0,nato put war foot russia
Top five donors to Clinton campaign are Jewish,0,top five donor clinton campaign jewish
The worst election ever,1,bad election ever
Tomb Opened Where ‘Jesus was Resurrected After Crucifixion For The First Time…’,0,tomb open jesus resurrect crucifixion first time
The House GOP budget is a gimmick,1,house gop budget gimmick
Obama announces restrictions on distribution of military-style equipment to police,1,obama announce restriction distribution military style equipment police
Dilbert Creator Explains “How Do I Know The Emails Are That Bad?”,0,dilbert creator explain know email bad
God is on the ropes: The brilliant new science that has creationists and the Christian right terrified,1,god rope brilliant new science creationist christian right terrify
Two°: readers pick story on meat and climate change,1,two reader pick story meat climate change
Backstory: Behind the terror takedown,1,backstory behind terror takedown
Deputy Shot and Killed by Fellow Deputy While Having a Conversation on Weapon Safety,0,deputy shot kill fellow deputy conversation weapon safety
All three Republican presidential candidates back away from pledge to support eventual nominee,1,three republican presidential candidate back away pledge support eventual nominee
"Defense Secretary Carter endorses 3-year timeline in Obama anti-ISIS plan, backs off criticism",1,defense secretary carter endorse year timeline obama anti isis plan back criticism
Marco Rubio: Critics of Immigration Bill Were Right,1,marco rubio critic immigration bill right
Bernie Sanders can’t win this way: Why his admirable debate performance still can’t unseat Hillary Clinton,1,bernie sanders win way admirable debate performance still unseat hillary clinton
"'Russia has no intention of attacking anyone -this is absurd,' says Vladimir Putin",0,russia no intention attack anyone absurd say vladimir putin
Iceland Election: Pirate Party prepares for major win [VIDEO],0,iceland election pirate party prepare major win video
Egypt bombs Islamic State targets in Libya after beheading video,1,egypt bombs islamic state target libya behead video
TOP BRITISH GENERAL WARNS OF NUCLEAR WAR WITH RUSSIA; “THE END OF LIFE AS WE KNOW IT”,0,top british general warn nuclear war russia end life know
"As deadlines come and go, Puerto Rico's debt crisis grows (+video)",1,deadline come go puerto rico debt crisis grow video
Trump says Cruz’s Canadian birth could be ‘very precarious’ for GOP,1,trump say cruz canadian birth could precarious gop
Syria's Assad says he receives info about US-led coalition's anti-ISIS strikes,1,syria assad say receive info we lead coalition anti isis strike
U.S. calls for special Intermediate-range Nuclear Forces talks - Russia accepts,0,call special intermediate range nuclear force talk russia accept
Democratic town hall: Will Clinton pitch backfire? (Opinion),1,democratic town hall clinton pitch backfire opinion
Opponents divided on how — or whether — to resist justices’ ruling,1,opponent divide whether resist justice rule
Planned Parenthood fallout: Why it's unfair to blame abortion opponents,1,plan parenthood fallout unfair blame abortion opponent
GOP 2016: Is it time for Jeb Bush to pack up his attack ads and go home?,1,gop time jeb bush pack attack ad go home
Democratic debate: 's Reality Check team inspects the claims,1,democratic debate reality check team inspect claim
Interior: No more new Arctic oil leases for remainder of Obama's presidency,1,interior no new arctic oil lease remainder obama presidency
"FBI: Orlando suspect U.S. citizen, vowed allegiance to Islamic State",1,fbi orlando suspect citizen vow allegiance islamic state
GOP candidates set aside insults,1,gop candidate set aside insult
Low-Cost Wind Turbine to Power an Entire House for a Lifetime Starts Selling in India,0,low cost wind turbine power entire house lifetime start sell india
The Great Wall Street/Washington Con Job: Part 4 Of The Recovery Which Didn’t Happen,0,great wall street washington con job part recovery didn happen
"Election Countdown and the Russians, with Trevor Loudon",0,election countdown russian trevor loudon
"Bush weighs in on Obama's Iran, ISIS challenges",1,bush weigh obama iran isis challenge
"Hillary’s Healthcare ‘Fix’ Exposed, Millions Of Americans Will End Up DEAD",0,hillary healthcare fix expose million americans end dead
The Kochs' plan to beat Reid,1,kochs plan beat reid
"How will Facebook, Google and Twitter define the ""Hate"" they plan to censor?",1,facebook google twitter define hate plan censor
WALL STREET JOURNAL JUST EXPOSED EXACTLY HOW & HOW MUCH IT COST HILLARY To BRIBE The FBI to AVOID CHARGES!,0,wall street journal expose exactly much cost hillary bribe fbi avoid charge
Truth is Out There: Astronomers Capture 234 Signals From Space,0,truth astronomer capture signal space
Indiana Law: Sorting Fact From Fiction From Politics,1,indiana law sort fact fiction politic
Does Carly Fiorina's business experience at HP matter?,1,carly fiorina business experience hp matter
Marines’ killer set off no red flags,1,marines killer set no red flag
The Day After,0,day
Ted Cruz Says Only He Can Beat Donald Trump,1,ted cruz say beat donald trump
Speakers List: Trump's convention has pols and celebs,1,speaker list trump convention pol celebs
All we need to know about Trump’s demise we learned from his campaign launch speech,0,need know trump demise learn campaign launch speech
Why I'm running for president,1,run president
FBI Agents Must Come Forward to Confront Corruption,0,fbi agent must come forward confront corruption
"Donald Trump announces an Urban Revitalization plan for Black Americans…. As a counter move, Hillary Clinton announces a free Rap Concert!",0,donald trump announce urban revitalization plan black americans counter move hillary clinton announce free rap concert
Syrian official says 'wide-scale offensive' launched,1,syrian official say wide scale offensive launch
Trump Makes Special Announcement After Homeless Lady Attacked By Liberals,0,trump make special announcement homeless lady attack liberal
Feds Search Home in Mohammed Event Shooting,1,feds search home mohammed event shoot
Suspected mastermind of Paris massacre killed in terror raid,1,suspect mastermind paris massacre kill terror raid
Sex workers reject ‘biased’ BBC prostitution documentary,0,sex worker reject biased bbc prostitution documentary
"Comment on You Are What You Read: Research Reveals The Importance Of What You’re Reading by Du er, hvad du læser. | Dyslexic workers",0,comment read research reveal importance read du er hvad du læser dyslexic worker
How Wisconsin could be a turning point in the GOP race (+video),1,wisconsin could turn point gop race video
"The next recession could be around the corner, and the Fed isn't ready for it",1,next recession could around corner feed not ready
The Modern History of ‘Rigged’ US Election,0,modern history rig us election
The Cleveland Show: Convention starts under security cloud,1,cleveland show convention start security cloud
"Senior Clinton aide maintained top secret clearance amid email probe, letters show",1,senior clinton aide maintain top secret clearance amid email probe letter show
"Hillary Clinton’s $500,000 Bribe to the FBI Came Through Virginia – CONFIRMED!",0,hillary clinton bribe fbi come virginia confirm
Cop Fired After Shooting Own 11-year-old Daughter at a Halloween Party,0,cop fire shooting year old daughter halloween party
How Trump is following in Sanders's fundraising footsteps (+video),1,trump follow sander fundraise footstep video
Buzzfeed: Leaked Colin Powell Emails Rip 'Racist' Trump as 'National Disgrace',1,buzzfeed leak colin powell email rip racist trump national disgrace
Life Among the Berned,1,life among berned
Opinion: The flaws of Trumpspeak,1,opinion flaw trumpspeak
Axelrod: The slow-motion implosion of the Republican Party,1,axelrod slow motion implosion republican party
Assad Aide: US May ‘Navigate & Direct’ ISIS From Mosul Into Syria,0,assad aide we may navigate direct isis mosul syria
BREAKING: Since Donald Trump Won The Presidency Ford Shifts Truck Production From Mexico To Ohio,0,break since donald trump win presidency ford shift truck production mexico ohio
Comment on Leaked Audio Catches Clinton Red-Handed Talking About Rigging Elections by john smith,0,comment leak audio catch clinton red hand talk rig election john smith
"France, Belgium move to tighten security; FBI said to warn of threat in Italy",1,france belgium move tighten security fbi say warn threat italy
"Mulling 2016 run, Biden speaks with top labor leader",1,mull run biden speak top labor leader
Aid Agencies in Iraq Brace for Exodus as Civilians Flee Mosul,0,aid agency iraq brace exodus civilian flee mosul
Inside The Mind Of An FBI Informant; Terri Linnell Admits Role As Gov’t Snitch,0,inside mind fbi informant terri linnell admit role gov snitch
"Marco Rubio, announcing 2016 campaign, focuses on 'everyman' credentials (+video)",1,marco rubio announce campaign focus everyman credential video
Pence's Debate Performance Puts Pressure on Trump | RealClearPolitics,1,pence debate performance put pressure trump realclearpolitic
Hillary’s Faberge egg candidacy,1,hillary faberge egg candidacy
Meet the journalist facing 45 years in jail for filming the tar sands pipeline protest in North Dakota,0,meet journalist face year jail film tar sand pipeline protest north dakota
UK Involvement in US’ Secret Drone War Revealed,0,uk involvement us secret drone war reveal
Battle Lines For 2016 Emerge As Republican Hopefuls Unveil Campaign Themes,1,battle line emerge republican hopeful unveil campaign theme
EXCLUSIVE: UN sex abuse scandal: Secretary General Ban Ki-moon announces new inquiry,1,exclusive un sex abuse scandal secretary general ban ki moon announce new inquiry
Future Diwali celebrations to be organized by ISIS!,0,future diwali celebration organize isis
"Neil Armstrong: Their Ships Were Far Superior To Our -Boy, Where They Big",0,neil armstrong ship far superior boy big
2nd New York prison worker charged in killers' escape,1,2nd new york prison worker charge killer escape
Ark. governor won't sign 'religious freedom' bill as is,1,ark governor not sign religious freedom bill
RNC scrambles to calm state GOP officials,1,rnc scrambles calm state gop official
What to watch at 's key Clinton-Sanders debate in New York,1,watch key clinton sander debate new york
ACLU Threatens War Against President Trump,0,aclu threaten war president trump
Why Marco Rubio has a real shot at 2016 Republican nomination,1,marco rubio real shoot republican nomination
Trump’s Alt-Right. Hillary’s Alt Left.,1,trump alt right hillary alt leave
Jimmy Carter offers help for Russia’s bombing campaign in Syria,1,jimmy carter offer help russia bombing campaign syria
Burnt homes and broken promises: the Jungle evicted,0,burn home break promise jungle evict
"In Trump's World, Women Have Always Been Objects",1,trump world woman always object
Ted Cruz Says GOP Leaders Planned To Cave On Immigration All Along,1,ted cruz say gop leader plan cave immigration along
The Surprising Voting Rights Issue Both Democrats and Republicans Support,1,surprising voting right issue democrats republicans support
Michael Brown's Family To File Wrongful Death Lawsuit,1,michael brown family file wrongful death lawsuit
Audio: Justice Scalia on black students at top schools,1,audio justice scalia black student top school
The next battle over same-sex marriage,1,next battle sex marriage
"Clinton, Sanders Split the Votes in Tuesday's Primaries",1,clinton sander split vote tuesday primary
"Hillary Clinton staffer: ""Black Voters Are Stupid""",0,hillary clinton staffer black voter stupid
"A Reader Refers Us To Englishman Pat Condell On Brexit, The Trump Election, And “America’s Moment Of Truth”",0,reader refer us englishman pat condell brexit trump election america moment truth
Is this not just the PERFECT icing on the #OctoberSurprise cake?,0,not perfect ice octobersurprise cake
"Sorry, Hillary, but we’re done: Keep repeating racist myths and praising Kissinger and the Reagans. I’m switching to Bernie Sanders",1,sorry hillary do keep repeat racist myth praise kissinger reagans switch bernie sander
Abby Martin Exposes Hillary Clinton Chair John Podesta,0,abby martin expose hillary clinton chair john podesta
"Expected wins for Clinton, Trump rivals in big Saturday balloting, but will it be enough?",1,expect win clinton trump rival big saturday ballot enough
"The FBI Union’s President Just Quit, Penned Scathing Open Letter Blasting Comey",0,fbi union president quit pen scathing open letter blast comey
True Believer? Why Donald Trump Is The Choice Of The Religious Right,1,true believer donald trump choice religious right
Democrats scramble for pivotal bloc in the next 2 contests: Minority voters,1,democrats scramble pivotal bloc next contest minority voter
US Abstains From UN Vote Against Cuba Embargo,0,we abstain un vote cuba embargo
"The Products that Make Men Grow Breasts, Linked to Cancers of the Prostate and Liver",0,product make man grow breast link cancer prostate liver
Post-Maidan Ukraine Has Become a Full Fledged Totalitarian State - Volodymyr Chemerys,0,post maidan ukraine become full fledged totalitarian state volodymyr chemery
Pope Francis arrives in New York City for second stop on US trip,1,pope francis arrive new york city second stop we trip
Nation’s Top Lawyers Have Had Enough Of Trump (TWEETS),0,nation top lawyer enough trump tweet
Boston bombing trial plea deal fails,1,boston bombing trial plea deal fail
TOP DEMOCRATIC DONOR: BLACKS ARE “SERIOUSLY F***ED IN THE HEAD”,0,top democratic donor black seriously ed head
"Crisis of Conscience? Obama Frees Scores of Drug Offenders from Prison, Including 42 Lifers, Days Before Election",0,crisis conscience obama free score drug offender prison include lifer day election
Kerry tells Capitol Hill critics of Iran nuclear deal to 'hold their fire' until final deal,1,kerry tell capitol hill critic iran nuclear deal hold fire final deal
Bad Jewish Losers Lament Trump’s Victory on BBC Newsnight,0,bad jewish loser lament trump victory bbc newsnight
Giuliani on FBI’s exoneration of Hillary: ‘We are supposed to be a country of justice’,0,giuliani fbi exoneration hillary suppose country justice
"Ted Cruz Wins Iowa Caucus, Clinton Holds Narrow Lead Over Sanders",1,ted cruz win iowa caucus clinton hold narrow lead sander
ITALIAN MAYOR blasted for scathing verbal attack on African Muslim savages who have been invading Southern Italy,0,italian mayor blast scathing verbal attack african muslim savage invade southern italy
Study: Running linked to extended lifespan and brain repair,0,study run link extended lifespan brain repair
Hillary's policies: Where's the beef?,1,hillary policy beef
"Polarization Vortex: Obama, Bush Approval Shows Widest Partisan Gap",1,polarization vortex obama bush approval show widest partisan gap
How to Solve the Illegal Immigration Problem,0,solve illegal immigration problem
Syria conflict: Food rations run out in rebel-held Aleppo,0,syria conflict food ration run rebel hold aleppo
"Sanders plans Tuesday meeting with Clinton to discuss agenda, calls VP slot ‘very unlikely’",1,sander plan tuesday meeting clinton discuss agenda call vp slot unlikely
"Disillusioned and self-deluded, Bowe Bergdahl vanished into a brutal captivity",1,disillusioned self delude bowe bergdahl vanish brutal captivity
Leaked Memo Exposes Shady Dealings Between Clinton Foundation Donors And Bill’s “For-Profit” Activities,0,leak memo expose shady dealing clinton foundation donor bill profit activity
How Bernie changed Hillary,1,bernie change hillary
Donald Trump questions Clinton’s health at rally in Ohio: ‘You think this is easy?’,1,donald trump questions clinton health rally ohio think easy
780 Palestinian homes razed in occupied W Bank's Area C in 2016,0,palestinian home raze occupy bank area
"Sparks fly at Clinton, Sanders debate over who is more progressive",1,spark fly clinton sander debate progressive
"‘UFO’ Spotted Over Vienna, Frightened Onlookers Call Police",0,ufo spot vienna frighten onlooker call police
Police Investigate Fraud after Voter Registration Flips from Republican to Democrat,0,police investigate fraud voter registration flip republican democrat
Mitch McConnell's mission to keep the GOP majority,1,mitch mcconnell mission keep gop majority
"As deadlines pass, Biden remains opaque about a 2016 candidacy",1,deadline pass biden remain opaque candidacy
"As Washington publically frets over storm, GOP worries about impact of Trump, Cruz on Hill majority",1,washington publically fret storm gop worry impact trump cruz hill majority
Hillary Releases The Most Inspiring Video EVER Chronicling Her Historic Rise To The Top,0,hillary release inspire video ever chronicle historic rise top
"They Said What?!: Find Out What Liam Neeson, Lorena Garcia, And Kyle Chandler Have To Say",0,say find liam neeson lorena garcia kyle chandler say
Marco Rubio's strategy is utterly baffling,1,marco rubio strategy utterly baffle
11 service members in Black Hawk crash presumed dead,1,service member black hawk crash presume dead
Same-sex couples wed in Alabama,1,sex couple we alabama
"Fate of Paris attack mastermind unclear after raid, but intel sources reportedly say he's dead",1,fate paris attack mastermind unclear raid intel source reportedly say dead
Russia Warns US Is Now A Colour Revolution “Active Zone” Due To Trump Victory,0,russia warn we colour revolution active zone due trump victory
Heroic Prego Advertisement Replaces Refreshed Webpage’s Presidential Campaign Banner - The Onion - America's Finest News Source,0,heroic prego advertisement replace refresh webpage presidential campaign banner onion america fine news source
IF HILLARY CLINTON IS CHARGED WITH OBSTRUCTION OF JUSTICE SHE COULD GO TO PRISON FOR 20 YEARS,0,hillary clinton charge obstruction justice could go prison year
Kamala Harris announces U.S. Senate bid,1,kamala harris announce senate bid
How Trump overshadowed Clinton's bad weekend,1,trump overshadow clinton bad weekend
"Poll: Hillary Clinton tops Donald Trump, GOP field on handling terror",1,poll hillary clinton top donald trump gop field handle terror
"Boehner’s worst failure yet: Incompetence, near-shutdown & sorry state of GOP “governance”",1,boehner bad failure yet incompetence near shutdown sorry state gop governance
Belgian Terrorists Had Police Uniforms,1,belgian terrorist police uniform
"Police in Belgium, France, and Germany make arrests in latest anti-terror raids",1,police belgium france germany make arrest late anti terror raid
A Tear in the Fabric of America’s Political Theater,0,tear fabric america political theater
Michelle Malkin SCHOOLED The Idiots On ‘The View’ On Obama’s LIES To America. They’re SPEECHLESS!,0,michelle malkin school idiot view obama lie america speechless
"Hillary Clinton Attempted To Hack WikiLeaks And Delete Everything, Assange",0,hillary clinton attempt hack wikileak delete everything assange
Gov. Jindal 'thinking and praying' about 2016 run - Politics.com,1,gov jindal thinking pray run politic com
"Poll: Donald Trump, Ben Carson dominate GOP field as Fiorina falters",1,poll donald trump ben carson dominate gop field fiorina falter
Sentencing for Murderer of Rare Book Dealer,0,sentence murderer rare book dealer
Hate Rising with Jorge Ramos,0,hate rise jorge ramo
Sympathy for victims but no apology as Obama makes historic Hiroshima visit,1,sympathy victim no apology obama make historic hiroshima visit
Kashmiris observes Black Day decades after India occupied Kashmir,0,kashmiris observe black day decade india occupy kashmir
Trump Supporters in Philadelphia Paint Nazi Propaganda on Election Night,0,trump supporter philadelphia paint nazi propaganda election night
"After riots, Baltimore residents take to streets – to help one another",1,riot baltimore resident take street help one another
GOP campaigns push to take more control of debates,1,gop campaign push take control debate
A Golden Rule for journalists: Objectivity is a myth but fairness is a must,1,golden rule journalist objectivity myth fairness must
Los Angeles Times backs Clinton over Sanders,1,los angeles times back clinton sander
Exodus from Puerto Rico could upend Florida vote in 2016 presidential race,1,exodus puerto rico could upend florida vote presidential race
Does Putting Three Dots And A Question Mark At The End Of A Headline Make People Curious Enough To Click…?,0,put three dot question mark end headline make people curious enough click
Do You Know What It Means To Be An Introvert?,0,know mean introvert
Lavrov Schools European Diplomats in Logic Using Examples of Yemen and Ukraine,0,lavrov school european diplomat logic use example yemen ukraine
Marco Rubio Ends Bid after Losing His Home State,1,marco rubio end bid lose home state
Is Cruz too conservative to win? NY Times says he's sooo right-wing,1,cruz conservative win ny times say sooo right wing
Hillary Clinton Sells 20% of US Uranium To Russia WTF ?,0,hillary clinton sell us uranium russia wtf
2009 FLASHBACK: “What If” Remixed,0,flashback remixe
Podesta emails - Re: Obama Says He Didn’t Know Hillary Clinton Was Using Private Email Address - NYTimes.com,0,podesta email obama say didn know hillary clinton use private email address nytime com
Mali: At least 20 dead after gunmen storm luxury hotel in capital,1,mali least dead gunman storm luxury hotel capital
Comment on Morning Joe Destroys Corrupt Clinton Foundation (Laughable) “Total Corruption” by Debbie Menon,0,comment morning joe destroy corrupt clinton foundation laughable total corruption debbie menon
"As of 6:00 AM NOVEMBER 6th, Trump is leading in major national polls",0,november 6th trump lead major national poll
Rudy Giuliani's fall from America's Mayor,1,rudy giuliani fall america mayor
Even Fox News is outraged at Boehner and Netanyahu's plan to undermine Obama,1,even fox news outraged boehner netanyahu plan undermine obama
Why Team Clinton's not sweating Trump,1,team clinton not sweat trump
Ryan and McConnell confront their first big test,1,ryan mcconnell confront first big test
Dozens of intelligence analysts reportedly claim assessments of ISIS were altered,1,dozen intelligence analyst reportedly claim assessment isis alter
Has Economics Failed?,0,economic fail
Obamacare Architect Gruber Demands “Larger Mandate Penalty”,0,obamacare architect gruber demand large mandate penalty
“Donald Trump And The Rise Of White Identity In Politics”,0,donald trump rise white identity politic
"ALERT – New Bill Clinton Mistress Confirmed, Hillary Camp Panics…",0,alert new bill clinton mistress confirm hillary camp panic
BREAKING: We Caught Obama Spending 30 Million Dollars Against Trump To Rig This Election,0,break catch obama spending million dollar trump rig election
Think the Iowa polls were bad? Wait until New Hampshire,1,think iowa poll bad wait new hampshire
Why Ted Cruz Could Have A Real Shot At The GOP Nomination,1,ted cruz could real shoot gop nomination
Voters have given up on trust: Kirsten Powers,1,voter give trust kirsten power
Conservatives fear leaders soft on Obamacare,1,conservative fear leader soft obamacare
Will Hillary Select Her Own Prosecutors?,0,hillary select prosecutor
Stranded in Yemen: Americans left to find own way out,1,strand yemen americans leave find way
Obama: U.S. would use force to defend Gulf allies,1,obama would use force defend gulf ally
Hillary Clinton says early lead was 'artificial',1,hillary clinton say early lead artificial
Aspartame Turns Into Formaldehyde And Methanol In The Body: Donald Rumsfeld Got It Legalized,0,aspartame turn formaldehyde methanol body donald rumsfeld get legalize
Should 'Birthright Citizenship' Be Abolished? - Room for Debate - NYTimes.com,1,birthright citizenship abolish room debate nytime com
Democratic debate: 6 takeaways,1,democratic debate takeaway
"Climate change happening 'right now,' Obama says ahead of Alaska trip",1,climate change happen right obama say ahead alaska trip
George Takei Invited To Thanksgiving At The Baldwins’ To Referee Trump Feud (TWEETS/VIDEO),0,george takei invite thanksgiving baldwin referee trump feud tweet video
The End Game Closes In On The Clintons As The Deep State Turns,0,end game close clinton deep state turn
How 2016 became the fact-check election,1,become fact check election
Shameful Obama Legacy: White Man Beaten Viciously For Voting Trump,0,shameful obama legacy white man beat viciously vote trump
The GOP’s unfortunate Benghazi hearing,1,gop unfortunate benghazi hear
Homeless man looking a bit down today for some reason,0,homeless man look bit today reason
Biden faces hurdles as he weighs late 2016 bid,1,biden face hurdle weigh late bid
"Donald Trump promises to pardon Snowden, Assange, and Manning",0,donald trump promise pardon snowden assange manning
Which States Don't Have Mexicans?,0,state not mexican
"Media trumpeting Trump implosion, but is it real?",1,medium trumpeting trump implosion real
2:00PM Water Cooler 11/1/2016,0,00pm water cooler
5 things to watch in tonight’s GOP debate,1,thing watch tonight gop debate
Assange tells the sordid truth about the US elections,0,assange tell sordid truth us election
The Corbett Report: Accept no substitutes!,0,corbett report accept no substitute
The dark age of congressional warfare: Inside Obama’s last State of the Union & the fight for the future of government,1,dark age congressional warfare inside obama last state union fight future government
"Awesome Video Shows The REAL Donald Trump, Presidential Candidate",0,awesome video show real donald trump presidential candidate
A Transformational November of Taking a Stand,0,transformational november take stand
3 More Emotions Men Should Master,0,emotion man master
Voting rights rulings could deal blow to Republicans in 2016 elections,1,voting right ruling could deal blow republican election
"Even under oath, Trump struggled with the truth",1,even oath trump struggle truth
"For Carly Fiorina, money hasn't yet followed the hype",1,carly fiorina money not yet follow hype
News: Shaking Up Washington: Donald Trump Just Appointed A Cloaked Man As Secretary Of The Hook,0,news shake washington donald trump appoint cloak man secretary hook
Heseltine strangled dog as part of Thatcher cabinet initiation ceremony,0,heseltine strangle dog part thatcher cabinet initiation ceremony
Ronald Reagan made it all worse: How Republicans — the real party with their hands out — convinced white America that government was out to get them,1,ronald reagan make bad republican real party hand convince white america government get
10 members of Congress took trip secretly funded by foreign government,1,member congress take trip secretly fund foreign government
The Chinese Who Saw the Perils of Westernization,0,chinese see peril westernization
"New Clinton Probe Dead from the Start, John Podesta’s Best Friend at DOJ In Charge of Investigation",0,new clinton probe dead start john podesta good friend doj charge investigation
A Digital 9/11 If Trump Wins,0,digital trump win
US election 2016: Can Clinton win over Republican moderates?,1,us election clinton win republican moderate
Harry Reid Just Accused FBI Of Hiding “Explosive Info” About Trump & Putin,0,harry reid accuse fbi hiding explosive info trump putin
Doctors Restore Ken Burns’ Full-Color Vision After Removing Massive Tumor From Filmmaker’s Visual Cortex - The Onion - America's Finest News Source,0,doctor restore ken burn full color vision remove massive tumor filmmaker visual cortex onion america fine news source
Democrats clash over immigration at Florida debate,1,democrats clash immigration florida debate
Sex Bombshell Exposed After Hillary Couldn’t Hide What She Did Back In 2011,0,sex bombshell expose hillary couldn hide back
"Who's Best For Hispanics? Clinton, Sanders Debate",1,good hispanics clinton sander debate
"Hillary Arrives At Rally, Makes One Weird Move That Left Onlookers Puzzled",0,hillary arrive rally make one weird move leave onlooker puzzle
The Daily Traditionalist: Jeff Schoep and the NSM,0,daily traditionalist jeff schoep nsm
I watched Megyn Kelly for six weeks: How I learned to uncode the Fox News propaganda machine,1,watch megyn kelly six week learn uncode fox news propaganda machine
President Paul? Wall Street on high alert,1,president paul wall street high alert
Refusal to Acknowledge Uniqueness of Holocaust Constitutes a “Second Genocide” Against Jews,0,refusal acknowledge uniqueness holocaust constitute second genocide jew
"On To Indy: Hoosier State Could Be Stand For Trump Challengers, Sanders",1,indy hoosi state could stand trump challenger sander
Blaming the media for Trump: Why that utterly misses a political upheaval,1,blame medium trump utterly miss political upheaval
The FBI Can’t Actually Investigate a Candidate Such as Hillary Clinton.,0,fbi actually investigate candidate hillary clinton
Moveable Feast Cafe 2016/11/14 … Open Thread,0,moveable feast cafe open thread
Obama's big new resolution on ISIS is really about limiting presidential power,1,obama big new resolution isis really limit presidential power
Report: FBI to Move to “Likely Indictment” Of Clinton Foundation,0,report fbi move likely indictment clinton foundation
ISIS activity prompts threat level increase at bases,1,isis activity prompt threat level increase basis
Several Republican players moving quickly to signal intent to run in 2016,1,several republican player move quickly signal intent run
"Comment on When Asked about Undercover Videos, Hillary Walks Out on Press Conference by Matibob",0,comment ask undercover video hillary walks press conference matibob
This Cursed Black Angel Statue KILLS Anyone Who Dares Touch It,0,curse black angel statue kill anyone dare touch
How Paul Ryan and Mitch McConnell took such different approaches to supporting Donald Trump,1,paul ryan mitch mcconnell take different approach support donald trump
VA secretary asks Iraq War veteran: 'What have you done?',1,va secretary ask iraq war veteran do
Europe’s Morality Crisis: Euthanizing the Mentally Ill,0,europe morality crisis euthanize mentally ill
Updated: Sandoval not interested in potential Supreme Court nomination,1,update sandoval not interested potential supreme court nomination
Nestle to launch new non-GMO products ... How shocked will Monsanto be?,0,nestle launch new non gmo product shock monsanto
World Markets Rally with Glee After Hillary Email Dismissal,0,world market rally glee hillary email dismissal
How Bernie Sanders beat the polls and won Indiana,1,bernie sanders beat poll win indiana
"Why the ECB is Going to Print, Print, PRINT!",0,ecb go print print print
Comments circulating about the Republican presidential candidate,0,comment circulate republican presidential candidate
The Fix Is In: NBC Affiliate Accidentally Posts Election Results A Week Early: Hillary Wins Presidency 42% to Trump’s 40%,0,fix nbc affiliate accidentally post election result week early hillary win presidency trump
Joe Biden in 1992: No nominations to the Supreme Court in an election year,1,joe biden no nomination supreme court election year
"As campaigns launch, poll finds GOP field stays tight",1,campaign launch poll find gop field stay tight
Meet the Republicans who ousted John Boehner. They're just getting started.,1,meet republicans oust john boehner get start
Self-Driving Truck’s First Mission: A 120-Mile Beer Run,0,self drive truck first mission mile beer run
Bernie Sanders: What's his endgame now?,1,bernie sanders endgame
Obama Pushes Castro on Human Rights During Joint Conference,1,obama pushes castro human right joint conference
"“National Mood” Focus Group Reflects Angry, Divided America",0,national mood focus group reflect angry divide america
Determined to kill: Can tough gun laws end mass shootings?,1,determine kill tough gun law end mass shooting
World’s Life Expectancy Cut By 4 Billion Years,0,world life expectancy cut billion year
PAY TO PLAY : Hillary’s Two Big Favors For Morocco Netted Her $28 Million – TruthFeed,0,pay play hillary two big favor morocco net million truthfeed
Vermont deer attempt to flee to Canada after election results roll in.,0,vermont deer attempt flee canada election result roll
Trump Will Be President – How Alt-Market Predicted The Outcome Five Months In Advance,0,trump president alt market predict outcome five month advance
Hillary Is DONE After Blunt Cowboy Makes Shocking Announcement On Live TV,0,hillary do blunt cowboy make shocking announcement live tv
US Government Acknowledges That al-Qaeda Is Not A Priority In Syria,0,us government acknowledge al qaeda not priority syria
Climate change crusade goes local,1,climate change crusade go local
Trader Joe’s Fires Employee For Non-Genuine Smile - The Onion - America's Finest News Source,0,trader joe fire employee non genuine smile onion america fine news source
"Young Fellas Made Of Nothing These Days, Finds Scientific Study",0,young fella make nothing day find scientific study
Deadly suicide blast in Istanbul tourist area is linked to the Islamic State,1,deadly suicide blast istanbul tourist area link islamic state
"Yes, Black America fears the police. Here’s why.",1,yes black america fear police
This is a dishonest campaign: 17 Hillary Clinton memes the media just won’t stop pushing — or factcheck,1,dishonest campaign hillary clinton meme medium win stop push factcheck
How Candidates Announce Can Say A Lot About Their Campaigns,1,candidate announce say lot campaign
Obama speech: Reassurances about ISIS fall flat in Oval Office address,1,obama speech reassurance isis fall flat oval office address
Fiorina wins when she stumps Trump,1,fiorina win stump trump
Rural America confronts a new class divide,1,rural america confront new class divide
Japan’s Lost Black Hole Satellite Took This LAST Photo. Proves Something MIND-BOGGLING!,0,japan lose black hole satellite take last photo prove something mind boggle
Obama's UN Ambassador: Cuba is Right About Our Human Rights,0,obama un ambassador cuba right human right
"Punk Targets Hurricane Victim’s Home, Flees When Surprised by Armed Owner",0,punk target hurricane victim home flee surprise armed owner
Comment on Shocking Insinuation About Carl Sagan & Extraterrestrials Made By X-NASA Astronaut by Is This What You Think They Would Look Like? Supposed Pictures of Real Extraterrestrials - New Earth Media,0,comment shocking insinuation carl sagan extraterrestrial make nasa astronaut think would look like suppose picture real extraterrestrial new earth medium
"In The Name Of Party Unity, Trump Meets With Ryan, Other GOP Leaders",1,name party unity trump meet ryan gop leader
Trump Calls for the Return of Waterboarding by US,1,trump call return waterboarde we
McConnell announces 'Plan B' to stop Iran deal,1,mcconnell announce plan stop iran deal
Hillary Responds To Creepy Joe Biden Caught Groping Dozens of Young Women,0,hillary respond creepy joe biden catch grope dozen young woman
"Spin, MSM! Spin! Hillary/FBI news has Republicans ‘pouncing’ like crazy",0,spin msm spin hillary fbi news republicans pounce like crazy
GOP candidates jockey for position in final debate dash,1,gop candidate jockey position final debate dash
"Emma Watson Urges US Women to Consider Gender Equality Nov 8, Gets Massive Wake-Up Call on Facebook",0,emma watson urge we woman consider gender equality nov get massive wake call facebook
Unpacking Donald Trump’s history with this fall’s debate moderators,1,unpack donald trump history fall debate moderator
"Fiery Republican race heads to S.C., known for dirty tricks and brawls",1,fiery republican race head know dirty trick brawl
The feds probably won't dismantle the Ferguson PD. That's a good thing.,1,fed probably not dismantle ferguson pd good thing
"At Social Security office with a million-person backlog, there’s a new chief",1,social security office million person backlog new chief
"Poll: Nine weeks out, a near even race",1,poll nine week near even race
Voting Machine Shocker: Video Proof Election Is Rigged!,0,vote machine shocker video proof election rig
6 Natural Herbs To Prevent Mental Disorders,0,natural herb prevent mental disorder
"Can Donald Trump really hit 1,237 before Cleveland?",1,donald trump really hit cleveland
Aide Said He Was Running 'Bill Clinton Inc.' in New WikiLeaks Dump,0,aide say running bill clinton inc new wikileak dump
"Christie accuses Paul, Lee of siding with ‘criminal’ Snowden on NSA",1,christie accuse paul lee side criminal snowden nsa
Trump Wants To Appoint Alt-Right Propagandist Steve Bannon As His Chief Of Staff,0,trump want appoint alt right propagandist steve bannon chief staff
Links 11/9/16: Election Day,0,link election day
Why The U.S. Presidential Election Has The Entire World Confused,0,presidential election entire world confuse
New Hampshire primary: How the outsiders won -- and the insiders crumbled,1,new hampshire primary outsider win insider crumble
"Obama Imposes Sanctions On Venezuela, Invoking Emergency Powers",1,obama impose sanction venezuela invoke emergency power
"Clinton leads 2016 poll in Iowa, but Rand Paul is close (+video)",1,clinton lead poll iowa rand paul close video
"Hours from deadline, bipartisan Medicare bill heads to White House",1,hour deadline bipartisan medicare bill head white house
"Hope for the best, prepare for the worst…",0,hope well prepare worst
The Real Reason Why The Clinton Email Scandal Is Back Has Nothing To Do With Helping Trump,0,real reason clinton email scandal back nothing help trump
How the next few weeks could determine the fate of Obama’s legacy,1,next week could determine fate obama legacy
Intelligence report commissioned by White House says ISIS not contained,1,intelligence report commission white house say isis not contain
Major Democratic Donor: African-Americans are “Seriously F***ed In The Head”,0,major democratic donor african americans seriously ed head
Istanbul: Explosion by ISIS bomber kills at least 10,1,istanbul explosion isis bomber kill least
Coming Unglued,0,come unglued
Video: Journalist Covering Pipeline Protests Shot While Conducting Interview,0,video journalist cover pipeline protest shoot conduct interview
The Top 5 Conspiracy Theories That Were Proven To Be True Because Donald Trump Ran For President,0,top conspiracy theory prove true donald trump ran president
Trump Scoffs at Cruz Choosing a Running Mate: 'He Can't Win',1,trump scoff cruz choose running mate can not win
The Many Faces of Iowa’s Caucus Voters,1,many face iowa caucus voter
How Millennial voters see this election,1,millennial voter see election
Donald Trump Tops 30% in /ORC poll,1,donald trump tops orc poll
It's National Health Care Decisions Day: Who will you designate?,1,national health care decision day designate
Defense Board: White House Blocked Navy From S. China Sea Warship Passages,0,defense board white house block navy china sea warship passage
Pro-Lifers Take over Planned Parenthood's #PPShoutYourStory,1,pro lifer take plan parenthood ppshoutyourstory
Guess Who Ordered Hillary To Leave Our Men To Die In Benghazi,0,guess order hillary leave man die benghazi
"Cruz, Kasich campaign announce collaboration to deny Trump delegates",1,cruz kasich campaign announce collaboration deny trump delegate
Obama digs in on plan to close Guantanamo prison camp,1,obama dig plan close guantanamo prison camp
YouTube bans 'Clinton's black son',0,youtube ban clinton black son
Here's how moms get pushed out of the workforce,1,mom get push workforce
AIG Quadruples Limits for Terrorism Insurance to $1 Billion,0,aig quadruples limit terrorism insurance billion
Scientists find 19 pieces of NON-HUMAN DNA in the Human Genome,0,scientist find piece non human dna human genome
Five takeaways from the GOP debate,1,five takeaway gop debate
"Trump wins in Hawaii, Mississippi and Michigan",1,trump win hawaii mississippi michigan
Berkley Professor Claims Hillary Clinton Email Investigation Nothing More Than a Sexist ‘Bitch Hunt’,0,berkley professor claim hillary clinton email investigation nothing sexist bitch hunt
Trump and all the other far right leaders are Zionist stooges,0,trump far right leader zionist stooge
Nevada: Rep. Election Workers Intimidated,0,nevada rep election worker intimidate
"White House Makes Trade Pitch, With Focus on Moderates",1,white house make trade pitch focus moderate
What The 2016 Election Has Exposed,0,election expose
Pence: We Will Accept the Outcome,1,pence accept outcome
Foster Friess chides Rand Paul in not-so-private email,1,foster friess chide rand paul not private email
Poll: Ted Cruz's Support Surges After Campaign Launch | RealClearPolitics,1,poll ted cruz support surge campaign launch realclearpolitic
End of the World? Italy Devastated By Series of Major Earthquakes,0,end world italy devastate series major earthquake
Will The Deep State Win The Election?,0,deep state win election
The new mess Republicans have created for themselves: Clinton’s brutal anti-Trump ad highlights why the GOP can’t plausibly endorse Trump,1,new mess republicans create clinton brutal anti trump ad highlight gop plausibly endorse trump
Megyn Kelly interrogates Tom Cotton on Iran letter: “What’s the point in writing to the Iranian mullahs?”,1,megyn kelly interrogate tom cotton iran letter point write iranian mullah
Why Hillary Clinton wins even when she loses,1,hillary clinton win even lose
Hillary Endorsed Donald Trump for President According to Wikileaks,0,hillary endorse donald trump president accord wikileak
DNC Files Lawsuit to Bar Citizen Journalists From the Polls,0,dnc file lawsuit bar citizen journalist poll
"Cleveland, DOJ announce changes in police force",1,cleveland doj announce change police force
Moscow downplays Spain’s refusal to let Russian warship refuel in Ceuta,0,moscow downplay spain refusal let russian warship refuel ceuta
Woman Uses Milk And Gelatin To Remove Blackheads,0,woman use milk gelatin remove blackhead
Police: Bryce Williams kills self after on-air slayings,1,police bryce williams kill self air slaying
"The Comey Confrontation: In Our New Third-World America, Corruption Is A Feature, Not A Bug",0,comey confrontation new third world america corruption feature not bug
Thousands Of “Organic” Beauty Products Found Containing Banned Chemicals,0,thousand organic beauty product find contain ban chemical
The Insiders: CNBC has probably changed GOP presidential campaign debates forever,1,insider cnbc probably change gop presidential campaign debate forever
Obama budget would fund public works program with tax on overseas profits,1,obama budget would fund public work program tax overseas profit
NYPD Source: Weiner Laptop Has Enough Evidence “to Put Hillary ... Away for Life”,0,nypd source weiner laptop enough evidence put hillary away life
Biden Doesn't Stand a Chance. Clinton's Secretary of State Will Be Vicky Nuland - Daniel Larison,0,biden not stand chance clinton secretary state vicky nuland daniel larison
"From victims’ families, forgiveness for accused Charleston gunman Dylann Roof",1,victim family forgiveness accuse charleston gunman dylann roof
(The Onion) Strongside/Weakside: Theo Epstein,0,onion strongside weakside theo epstein
Trump to deport everyone who is not Native American,0,trump deport everyone not native american
Will the GOP Mount a Third-Party Challenge to Trump?,1,gop mount third party challenge trump
Easy Street Recent Used Vinyl Arrivals!,0,easy street recent use vinyl arrival
Here’s How Michael Bloomberg Becomes President,1,michael bloomberg become president
Hillary Clinton’s Gun Control Agenda Exposed in WikiLeaks Emails,0,hillary clinton gun control agenda expose wikileak email
Jeb Bush says he is making campaign 'adjustment',1,jeb bush say make campaign adjustment
The Google Trend That Reveals It’s ALL OVER For Hillary,0,google trend reveal hillary
Which Communities Are Most Divided on Gay Marriage?,1,community divide gay marriage
"To Protect and Swerve: Police Chief Caught Speeding, Gets a Laugh but No Ticket (Video)",0,protect swerve police chief catch speeding get laugh no ticket video
Jeb Bush's view from the bottom,1,jeb bush view bottom
Our President and the Constitution: Barack Obama has gone rogue,1,president constitution barack obama go rogue
News: Hope For The GOP: A Nude Paul Ryan Has Just Emerged From An Ayahuasca Tent With Visions Of A New Republican Party,0,news hope gop nude paul ryan emerge ayahuasca tent vision new republican party
Massive marine park declared in Antarctic Ocean,0,massive marine park declare antarctic ocean
South Carolina Black Voters Not Feelin’ the Bern,1,south carolina black voter not feelin bern
"Employers Added 38,000 Jobs in May",1,employer add job may
Hillary and the Ghosts of Watergate,0,hillary ghost watergate
Donald Trump is blatantly racist — and the media is too scared to call him out on it,1,donald trump blatantly racist medium scar call
"Little-Loved by Scholars, Trump Also Gets Little of Their Cash",0,little love scholar trump also get little cash
Ask Holly: What’s everyone’s problem?,0,ask holly everyone problem
Obama: Battle against ISIS Could Take Decades,1,obama battle isis could take decade
"Trump Livid After Beyonce And Jay Z Support Hillary, Explodes With Rage",0,trump livid beyonce jay support hillary explode rage
How Donald Trump sees himself,1,donald trump see
Back Story Of FBI’s Hillary Cover-Up,0,back story fbi hillary cover
"Hillary FRANTIC As Dirty Secret Implodes, Gets Worse With Prison Bombshell",0,hillary frantic dirty secret implode get bad prison bombshell
An Obama boom?,1,obama boom
What Is Behind The Push For War With Russia?,0,behind push war russia
3 winners and 2 losers from Sunday night's Democratic presidential debate,1,winner loser sunday night democratic presidential debate
Netanyahu steps back from full opposition to Palestinian state,1,netanyahu step back full opposition palestinian state
House passes extreme ban on abortion coverage,1,house pass extreme ban abortion coverage
Israel snubs UNESCO’s Temple Mount resolution with ancient Jerusalem papyrus,0,israel snub unesco temple mount resolution ancient jerusalem papyrus
Why the GOP Could Take Obama’s Corporate Tax Proposal Seriously,1,gop could take obama corporate tax proposal seriously
Hillary Clinton plays literal attack dog in effort to shore up Nevada,1,hillary clinton play literal attack dog effort shore nevada
Top Republicans join Obama in condemning Trump’s words,1,top republicans join obama condemn trump word
"Clinton, Democrats try not to get drowned out during GOP convention",1,clinton democrats try not get drown gop convention
GOP Hopefuls’ 2016 Theme Has a New Pitch,1,gop hopeful theme new pitch
EMERGENCY: Congress Considers Historic Action Over Comey’s Re-Opening of EmailGate,0,emergency congress consider historic action comey opening emailgate
Poll: Clinton leads Trump by three points,1,poll clinton leads trump three point
Donald Trump’s success reveals a frightening weakness in American democracy,1,donald trump success reveal frightening weakness american democracy
"Congress moves to kill union election rules, setting up new Obama veto",1,congress move kill union election rule set new obama veto
Monetary Policy at the Time of Elections,0,monetary policy time election
Gary Johnson Avoids Typical Third-Party Fade; Best Polling Since Perot in ‘92,1,gary johnson avoid typical third party fade good polling since perot
Bernie has already won the future of the Democratic Party,1,bernie already win future democratic party
"2 Reminders to Ignore the ""Trump is Doomed"" Polls",0,reminder ignore trump doom poll
Hate Speech as a Weapon: Reporters Are Charged for Covering Disturbances,0,hate speech weapon reporter charge covering disturbance
How Planned Parenthood could shut down the government,1,plan parenthood could shut government
Democratic debate: 's Reality Check team inspects the claims,1,democratic debate reality check team inspect claim
Comment on Tutorial: Riding The Philippine Jeepney by Ivan Jose,0,comment tutorial rid philippine jeepney ivan jose
World overlooks Ethiopia drought crisis that is leaving millions hungry,1,world overlook ethiopia drought crisis leave million hungry
75% of Americans Think Biased U.S. Media – Not Foreign Interests Such As Russian Hackers – Real Threat To Fair Election - Russia News Now,0,americans think bias medium not foreign interest russian hacker real threat fair election russia news
Tom Cotton calls for ‘global military dominance’ in maiden Senate speech,1,tom cotton call global military dominance maiden senate speech
Trump has a challenge with white women: ‘You just want to smack him’,1,trump challenge white woman want smack
Rubio surges back to electrify South Carolina,1,rubio surge back electrify south carolina
"GOP still party of stupid: Scott Walker, Fox News and why 2016 hopefuls must appease wingnut base on evolution",1,gop still party stupid scott walker fox news hopeful must appease wingnut base evolution
Mudslide on major highway in Colombia kills at least 6,0,mudslide major highway colombia kill least
Rand Paul is just hilariously trolling Republicans now — and inadvertently revealing the two words behind the GOP’s biggest lie,1,rand paul hilariously troll republican inadvertently reveal two word behind gop big lie
"Report Says Trade Deal Would Boost U.S. Economy, But Opponents Say No",1,report say trade deal would boost economy opponent say no
Ambivalence on arms for Ukraine separates Obama from his backers,1,ambivalence arm ukraine separate obama backer
Ted Cruz popularity among Republicans takes a serious nosedive: Gallup,1,ted cruz popularity among republicans take serious nosedive gallup
“Fu**ing Insane”: Clinton Aide Freaks Out About Hillary Emails in Message Just Released by WikiLeaks,0,fu insane clinton aide freak hillary email message release wikileak
The inside story of Trump campaign’s connections to a big-money super PAC,1,inside story trump campaign connection big money super pac
U.S. Flag Flies Over Embassy In Cuba For First Time In 54 Years,1,flag fly embassy cuba first time year
US General: Warplanes Will Kill Fleeing ISIS Fighters Around Mosul,0,us general warplane kill flee isis fighter around mosul
Presidential Transition of Power Begins amid Nationwide Protests,1,presidential transition power begin amid nationwide protest
"Now More Than Ever, We Must Tell the Truth About the Iraq War",0,ever must tell truth iraq war
Culture War – The ‘Have Mores’ Mock DAPL Protectors for Halloween,0,culture war more mock dapl protector halloween
The Art of the Swindle,1,art swindle
"Luis Lázaro Tijerina: Americans and the Trump ""Victory"" - Russia News Now",0,luis lázaro tijerina americans trump victory russia news
Temperament question dominates Clinton-Trump debate,1,temperament question dominate clinton trump debate
Are Democrats crippling Obamacare?,1,democrats cripple obamacare
Trump warning: the start of World War III and ISIS,0,trump warning start world war iii isis
Trump Win Jitters New World Order Financial Markets,0,trump win jitters new world order financial market
"GOP contenders prep for loud, ugly holiday season",1,gop contender prep loud ugly holiday season
Here’s What Happens in Your Brain When You Lie,0,happen brain lie
Donald Trump Destroyed as Fact Checker Reveals Trump Lies 20 to 37 Times Per Day,0,donald trump destroy fact checker reveal trump lie time per day
"Work: It's not a four letter word, it's a world-changing vocation",1,work not four letter word world change vocation
The most predictable disaster in the history of the human race,1,predictable disaster history human race
"Hope and change, the Hebrew edition",1,hope change hebrew edition
"Iraq and US confident to retake Mosul, Daesh can't 'conduct full-fledged military action'",0,iraq we confident retake mosul daesh can not conduct full fledged military action
The meaning of Matt Bevin: Why his victory undermines a major Democratic Party theory,1,mean matt bevin victory undermine major democratic party theory
"NATO Goes On High Alert To Block Donald Trump Presidency, Put Hillary Clinton In Power",0,nato go high alert block donald trump presidency put hillary clinton power
Nearly 300K New Jobs In February; Unemployment Dips To 5.5 Percent,1,nearly 300k new job february unemployment dip percent
[WATCH] Hillary Clinton’s “Crazy Eyes” Surface AGAIN!,0,watch hillary clinton crazy eye surface
"Yes, creationists can be real scientists, too",0,yes creationist real scientist
"Rubio: My pro-family, pro-growth tax reform plan for the 21st century",1,rubio pro family pro growth tax reform plan 21st century
Ancient mosque inscription confirms Jerusalem Temple,0,ancient mosque inscription confirm jerusalem temple
A new 50-state poll shows exactly why Clinton holds the advantage over Trump,1,new state poll show exactly clinton hold advantage trump
"#MemeOfTheWeek: Trump Asked 'The Gays,' And Got Answers",1,memeoftheweek trump ask gay get answer
Clinton debate performance enough to keep Biden on sidelines?,1,clinton debate performance enough keep biden sideline
Is Mitch McConnell next?,1,mitch mcconnell next
Washington digs in for Supreme Court fight,1,washington dig supreme court fight
Comment on 4 Reasons Why Your Diet Sucks by The Most Important Concepts The Manosphere Taught Me,0,comment reason diet suck important concept manosphere teach
Hillary Clinton enjoys solid lead in early voting: Reuters/Ipsos poll,0,hillary clinton enjoy solid lead early voting reuter ipsos poll
Hoping for the best and preparing for the worst: A look inside the American Redoubt movement,0,hop well prepare bad look inside american redoubt movement
"Trump Willing to Meet N.Korea's Kim, Wants to Renegotiate Paris Climate Accord",1,trump willing meet korea kim want renegotiate paris climate accord
‘Anti-Establishment’ Trump Plans to Appoint Goldman Sachs and George Soros Insiders,0,anti establishment trump plan appoint goldman sachs george soros insider
Comment on Award Winning American Journalist Exposes The True Origin Of ISIS & The “War On Terror” by HILLARY CLINTON’S TIES TO ISIS SUPPORTERS | osmanisnin,0,comment award win american journalist expose true origin isis war terror hillary clinton tie isis supporter osmanisnin
The attacks on George Stephanopoulos are getting the problem backward,1,attack george stephanopoulos get problem backward
"Fight night in Las Vegas: High stakes for Trump, Clinton and Chris Wallace",1,fight night las vegas high stake trump clinton chris wallace
Trump’s Hitlerian disregard for the truth,1,trump hitlerian disregard truth
University of Missouri protests: 'Just a beginning',1,university missouri protest begin
US-backed Forces Launch Raqqa Offensive as Terror Fears Grow in Europe,0,us back force launch raqqa offensive terror fear grow europe
"Here’s Hillary Clinton’s big 2016 challenge, in one chart",1,hillary clinton big challenge one chart
"World Champion Boxer Manny Pacquiao Builds 1,000 Homes For Poor Filipinos",0,world champion boxer manny pacquiao build home poor filipino
JUST IN: FBI Reopens Hillary Clinton Email Probe,0,fbi reopen hillary clinton email probe
What Is At Stake In the Election,0,stake election
Donald Trump featured in new jihadist recruitment video,1,donald trump feature new jihadist recruitment video
Purely Coincidental or the Path to a Stolen Election? Voters Report ‘Irregularities’ with Voting Machines Across the US,0,purely coincidental path steal election voter report irregularity voting machine across we
How Rand Paul’s criminal justice pitch is playing on the trail,1,rand paul criminal justice pitch playing trail
Police shooting of Antonio Zambrano-Montes in Washington state could be the next Ferguson,1,police shoot antonio zambrano montes washington state could next ferguson
The words Extraordinary Claims needs to be banished when talking Extraterrestrials,0,word extraordinary claim need banish talk extraterrestrial
Selling ‘Regime Change’ Wars to the Masses,0,sell regime change war mass
DAMNING Clinton Footage Leaks DAYS Before Election – SEE IT BEFORE IT'S DELETED,0,damn clinton footage leak day election see delete
"Black Agenda Report for Week of Oct 31, 2016",0,black agenda report week oct
Donald Trump can’t stop saying nasty things about women. It could cost him.,1,donald trump stop say nasty thing woman could cost
We Republicans Lost On Gay Rights. That’s A Good Thing.,1,republicans lose gay right good thing
"Senate Leaders Announce Deal On Human Trafficking Bill, Clearing Path For Loretta Lynch Vote",1,senate leader announce deal human trafficking bill clearing path loretta lynch vote
Report Exposes Inner Workings of Facebook and How Clinton Loyalists Control Your Newsfeed,0,report expose inner working facebook clinton loyalists control newsfeed
Anti-Semitism growing in Europe,1,anti semitism grow europe
"Comment on ""The Working Class Won the Election"" by Paul Craig Roberts",0,comment work class win election paul craig roberts
Republicans are the ones hiding behind ‘political correctness’,1,republicans one hide behind political correctness
Seeking Refuge: Five lessons from Europe's migration crisis,1,seek refuge five lesson europe migration crisis
Load of manure dumped at Democratic headquarters,0,load manure dump democratic headquarter
The Trump Campaign Actually Has a Hillary 'Voter Suppression' Strategy with 3 Key Targets,0,trump campaign actually hillary voter suppression strategy key target
"Police: Oklahoma Double Murder Suspect Has Hit List, May Be Headed to Nevada",0,police oklahoma double murder suspect hit list may head nevada
The Nation He Built,1,nation build
A Hindu Justice? Why Religion Matters for the High Court,1,hindu justice religion matter high court
Supreme Court Rules Obamacare Subsidies Are Legal,1,supreme court rule obamacare subsidy legal
To defeat ISIS we need grownups,1,defeat isis need grownup
Hillary Clinton’s push on gun control marks a shift in presidential politics,1,hillary clinton push gun control mark shift presidential politic
KRAUTHAMMER: Jeb Bush had a breakout performance in the Fox News debate,1,krauthammer jeb bush breakout performance fox news debate
Is GOP ready to unite against Trump for his Muslim ban?,1,gop ready unite trump muslim ban
Republicans Target Senate Democrats Over Menendez Contributions,1,republicans target senate democrats menendez contribution
#MemeOfTheWeek: That Article From The Onion About Mass Shootings,1,memeoftheweek article onion mass shooting
Why Trump Won and Why Clinton Lost    :,0,trump win clinton lose
Taking Back Presidential Power,0,take back presidential power
Iraqi forces reportedly begin attack to recapture Tikrit from ISIS,1,iraqi force reportedly begin attack recapture tikrit isis
Cheyenne River Sioux Chairman Brings Pipeline Opposition to Meeting With President Obama,0,cheyenne river sioux chairman bring pipeline opposition meeting president obama
These Blast Points on Hillary's Campaign... Only The Deep State Is So Precise,0,blast point hillary campaign deep state precise
"You’re a Nazi, and other shocking truths according to Trump’s fact-checking rules",1,nazi shocking truth accord trump fact check rule
"Peaceful, sincerely, with grace: Paris attacks commemorated with floating lanterns",0,peaceful sincerely grace paris attack commemorate float lantern
GOP establishment stares into the abyss,1,gop establishment stare abyss
Comment on Will the Cost of a “Self-Driving Taxi” Really Be Sixty-Seven Cents ($0.67) a Mile? McKinsey’s Mysterious Footnote 17 by JTMcPhee,0,comment cost self drive taxi really sixty seven cent mile mckinsey mysterious footnote jtmcphee
Why Libertarians (and Other 3rd Parties) Should Thank Donald Trump,1,libertarian 3rd party thank donald trump
Donald Trump rejects Mitt Romney's ironic tax attack,1,donald trump reject mitt romney ironic tax attack
Not guilty: The power of nullification to counteract government tyranny,0,not guilty power nullification counteract government tyranny
Voting is the Problem. Here’s the Solution.,0,voting problem solution
Understanding the U.S. talking points on Iran,1,understand talk point iran
REASONS TO BELIEVE JULIAN ASSANGE IS IN CIA CUSTODY….,0,reason believe julian assange cia custody
Anthony Weiner Sends Apology Sext To Entire Clinton Campaign - The Onion - America's Finest News Source,0,anthony weiner send apology sext entire clinton campaign onion america fine news source
Podesta To Mills: “We Are Going To Have To Dump All Those Emails”,0,podesta mill go dump email
Cruz is as bad as Trump and maybe worse: Column,1,cruz bad trump maybe bad column
"Leaked: Podesta's Satanic ""Spirit Cooking"" Dinner. Distrubing Stuff Beyond Belief!",0,leak podesta satanic spirit cooking dinner distrubing stuff beyond belief
Will US-Gulf summit bridge the gap on Iran – or highlight disconnects? (+video),1,us gulf summit bridge gap iran highlight disconnect video
"Hillary Clinton Pitches Team Effort to Solve Country’s Troubles, Shows Softer Side",1,hillary clinton pitch team effort solve country trouble show soft side
"Is Donald Trump Really, Finally Falling Apart?",1,donald trump really finally fall apart
No wikileakes from Kim Dotcom... nothing... zip... zero,0,no wikileake kim dotcom nothing zip zero
Russia warns US of ‘unintended incidents’ over Syria,1,russia warn we unintended incident syria
The scariest thing about Brussels is our reaction to it | Simon Jenkins,1,scary thing brussels reaction simon jenkin
Difference Between Growing Up In The 1960s Compared To 2016,0,difference grow 1960 compare
Trump teaches his supporters how to vote correctly,0,trump teach supporter vote correctly
Rep. Gowdy on the impact of the FBI’s new Clinton inquiry,0,rep gowdy impact fbi new clinton inquiry
"His Fans Are Calling Trump Brave, But Here’s How Hillary Faced Down Man Who Stormed Stage (VIDEO)",0,fan call trump brave hillary faced man storm stage video
"Dakota Access Pipeline violence grows as militarized police use extreme force, tear gas on praying protesters",0,dakota access pipeline violence grow militarize police use extreme force tear gas pray protester
"Money Laundering Scheme Exposed: 14 Pro-Clinton Super PACs, Nonprofits Implicated",0,money laundering scheme expose pro clinton super pac nonprofit implicate
Hillary Clinton's happy dance won't last,1,hillary clinton happy dance not last
What to watch for in the Indiana primary,1,watch indiana primary
GERMAN INTERIOR MINISTER demands that Italy send all new illegal alien Muslim invaders back to Africa,0,german interior minister demand italy send new illegal alien muslim invader back africa
There’s Toxic Air In Your Home and This Is You Can Get Rid of It Naturally,0,toxic air home get rid naturally
COP21: 'Never have the stakes been so high',1,cop21 never stake high
This Is How Putin Celebrated Trump’s Election Win,0,putin celebrate trump election win
Why Trump Won; Why Clinton Lost,0,trump win clinton lose
Round I in Iowa: Scott Walker Emerges,1,round iowa scott walker emerge
Victim Blaming the Planet,0,victim blame planet
Hillary Clinton Responds To Email Controversy: 'I Want The Public To See My Email',1,hillary clinton respond email controversy want public see email
Clinton Network Concerned About Teneo’s Consulting Behavior,0,clinton network concern teneo consult behavior
Why does ISIS keep making enemies?,1,isis keep make enemy
The Daily 202: Trump really is in danger of losing Utah,1,daily trump really danger lose utah
Clinton Enters Fall With Key Advantages in White House Race,1,clinton enter fall key advantage white house race
"Podesta Part 18: Wikileaks Releases Another 1,300 Emails; Total Is Now 31,500",0,podesta part wikileak release another email total
What you need to know about the New Hampshire primary,1,need know new hampshire primary
"This smart, harmless pesticide patent could take down Monsanto and change the world",0,smart harmless pesticide patent could take monsanto change world
NATO and Putin: Downed Russian bomber is big threat,1,nato putin down russian bomber big threat
Assange claims ‘crazed’ Clinton campaign tried to hack WikiLeaks,0,assange claim craze clinton campaign try hack wikileak
The most durably Democratic county in the country could go for Trump,0,durably democratic county country could go trump
Donald Trump a KGB Spy?,0,donald trump kgb spy
Rand Paul Drops Out Of White House Race,1,rand paul drop white house race
West covering up crimes of Bahraini regime: Analyst,0,west cover crime bahraini regime analyst
"No, Mexico Doesn’t Have A Wall On Its Southern Border—But If Trump Wins It Might Build One",0,no mexico doesn wall southern border trump win might build one
Donald Trump's run: He was just the man he was waiting for,1,donald trump run man wait
"Episode #159 – SUNDAY WIRE: ‘Tick-Tock USA’ with guests Dr Marcus Papadopoulos, Basil Valentine",0,episode sunday wire tick tock usa guests dr marcus papadopoulos basil valentine
"Trump Haters Mow Down Signs, “Black Women for Trump” Make Them Famous",0,trump hater mow sign black woman trump make famous
AP FACT CHECK: Claims in the VP debate,1,ap fact check claim vp debate
Why You Should Drink Carrot Juice Daily? How to Make Your Own?,0,drink carrot juice daily make
"Ugly, bloody scenes in San Jose as protesters attack Trump supporters outside rally",1,ugly bloody scene san jose protester attack trump supporter outside rally
PrankGate? Patriots' Gostkowski Terrorizing NFL Via Prank Calls,0,prankgate patriot gostkowski terrorize nfl via prank call
Millions of South Koreans Rise Up Against Shadow Government,0,million south koreans rise shadow government
Why did Mexico invite Donald Trump for a visit? (+video),1,mexico invite donald trump visit video
Paintings 'almost no one else seemed to be doing',0,painting almost no one else seem
Hillary is new and improved! Take as directed.,1,hillary new improved take direct
"Without Bold Agenda, Warn Progressives, A Clinton Presidency Won’t Stand Chance",0,without bold agenda warn progressive clinton presidency won stand chance
The Double Standards of American Politics (What Do I Tell My Daughter?) · Guardian Liberty Voice,0,double standard american politic tell daughter guardian liberty voice
Civil War in the GOP: Trump Leading “Long Experiment in Populism… New Republican Party”,0,civil war gop trump lead long experiment populism new republican party
"Comment on ""What Hath Trump Wrought?"" by Pat Buchanan",0,comment hath trump work pat buchanan
Protests at Donald Trump rally overshadow Washington primary win,1,protests donald trump rally overshadow washington primary win
Obama takes fire for,1,obama take fire
Bernie Sanders is expected to endorse Hillary Clinton today. What did his movement mean?,1,bernie sanders expect endorse hillary clinton today movement mean
WikiLeaks Revelations Leave The Federal Emperor Wearing No Clothes,0,wikileak revelation leave federal emperor wear no clothe
"Trump Doubles Down On McCain Criticism, Refusing To Apologize",1,trump double mccain criticism refuse apologize
Why Scott Walker's supernova campaign burned out (+video),1,scott walker supernova campaign burn video
"Baltimore, race and matters of perception",1,baltimore race matter perception
WORLD WAR 3 is Now * HILLARY Clinton Is Mushroom Cloud Waiting to Happen,0,world war hillary clinton mushroom cloud wait happen
Congress inches closer to cliff,1,congress inch close cliff
Carson Doubles Down on 'Muslim' Comments: 'Sharia Inconsistent with Constitution',1,carson double muslim comment sharia inconsistent constitution
It Looks Like George Soros is Funding the Trump Protests Just Like He Funded The Ferguson Riots,0,look like george soros funding trump protest like fund ferguson riot
"In clash between Trump and the Khans, new signs of a cultural and political divide",1,clash trump khan new sign cultural political divide
CHARLESTON ‘ON EGGSHELLS’ ON EVE OF TWO RACIALLY CHARGED TRIALS |,0,charleston eggshell eve two racially charge trial
Chris Christie says debt-free college is 'wrong',1,chris christie say debt free college wrong
"Just Weeks After Obama’s Executive Order on Catastrophic Space Weather Events, a Coronal Mass Ejection Is Set to Hit on Election Day?",0,week obama executive order catastrophic space weather event coronal mass ejection set hit election day
PUTIN’S LATEST ATTACK AGAINST HILLARY CLINTON AND THE U.S ESTABLISHMENT,0,putin late attack hillary clinton establishment
"New York prison escape: Worker questioned, source says",1,new york prison escape worker question source say
"Texas Republican Calls Hillary The WORST Word You Could Ever Call A Woman, Blames Staffer (IMAGES)",0,texas republican call hillary bad word could ever call woman blame staffer image
"VA Secretary Robert McDonald admits lying about Special Forces service, apologizes",1,va secretary robert mcdonald admit lie special force service apologize
"Texas County Enacts ""Emergency Paper Ballots"" After ""Software Glitch"" In Voting Machines",0,texas county enact emergency paper ballot software glitch voting machine
Jeb Bush and Iraq: What price family loyalty? (+video),1,jeb bush iraq price family loyalty video
Iraqi Soldier Battling in Mosul Reunited with His Family After Two Years of Estrangement,0,iraqi soldier battle mosul reunite family two year estrangement
House Committee Report Finds Secret Service Is 'An Agency In Crisis',1,house committee report find secret service agency crisis
History class becomes a debate on America,1,history class become debate america
Congress: Hillary Will Be Impeached If She Becomes President,0,congress hillary impeach become president
Poll: Trump leads GOP race nationally but with weaker hold on the party,1,poll trump lead gop race nationally weak hold party
Jesse Matthew charged in Hannah Graham's murder; DA will not pursue death penalty,1,jesse matthew charge hannah graham murder da not pursue death penalty
"With Iran deal, Obama makes bad history",1,iran deal obama make bad history
23 Things to Do to Improve Your Mental Health,0,thing improve mental health
Kentucky clerk still won't issue same-sex marriage licenses,1,kentucky clerk still not issue sex marriage license
"NATIONAL REVIEW, Conservatism Inc., Plan To Cave EVEN MORE On Immigration!",0,national review conservatism inc plan cave even immigration
Ore. Gunman Asked Victims If They Were Christians,1,ore gunman ask victim christian
BREAKING: Muslim shot dead after trying to KILL GUARD at US EMBASSY in Kenya,0,break muslim shot dead try kill guard us embassy kenya
Why we miss the unpolarizing Pat Moynihan,1,miss unpolarize pat moynihan
Why are these candidates losing the GOP race so far?,1,candidate lose gop race far
Former DEA Prescription Head Drops a BombShell — Congress Protects Big Pharma & Fuels Opioid Crisis,0,former dea prescription head drop bombshell congress protect big pharma fuel opioid crisis
Sanders won't call for release of Clinton's bank speech transcripts,1,sander not call release clinton bank speech transcript
Trump’s impending nomination means it’s time for a third party,1,trump impending nomination mean time third party
The College Loan Bombshell Hidden in the Budget,1,college loan bombshell hide budget
It Took Less Than 2 Hours For The New Email Investigation Story To Completely Collapse (VIDEO),0,take less hour new email investigation story completely collapse video
How Predictive Are Iowa And New Hampshire?,1,predictive iowa new hampshire
ISIS Executes 300 Iraqi Civilians by Firing Squad North of Mosul,0,isis execute iraqi civilian fire squad north mosul
Common painkillers linked to increased heart failure risk,0,common painkiller link increase heart failure risk
"THIS Test Will Tell If You Are An Indigo, A Crystal Or A Rainbow Child!",0,test tell indigo crystal rainbow child
6 Places Voter Fraud Has Already Happened… But Don’t Worry,0,place voter fraud already happen don worry
Trump: 'We Must Replace Globalism with Americanism',1,trump must replace globalism americanism
"Hillary Clinton introduces Michelle Obama at campaign rally (wait, WHAT?) [video]",0,hillary clinton introduce michelle obama campaign rally wait video
Who reckons this might not be a legit iPhone charger?,0,reckon might not legit iphone charger
"Comment on If Clinton Goes Down, Loretta Lynch Will Go Down With Her by Truth Detector",0,comment clinton go loretta lynch go truth detector
"Arianna Huffington, journalist: echo chamber for Hillary Clinton",0,arianna huffington journalist echo chamber hillary clinton
Obama On Loretta Lynch: 'You Don't Hold Attorney General Nominees Hostage',1,obama loretta lynch not hold attorney general nominee hostage
Profit sharing was supposed to be a silver bullet for middle-class success. What happened?,1,profit sharing suppose silver bullet middle class success happen
The FBI and DOJ Summed Up By One BRUTAL Cartoon,0,fbi doj sum one brutal cartoon
"News And Views From The Nefarium – November 3, 2016 [Video]",0,news view nefarium november video
How the election battle shapes up,0,election battle shape
Trump: O'Malley 'weak' and 'pathetic' for apologizing to Black Lives Matter protestors,1,trump malley weak pathetic apologize black life matter protestor
Ted Cruz’s 5-percent flim-flam: His latest economic promise is a real laugher,1,ted cruz percent flim flam late economic promise real laugher
"In my timeline it was Michael Barage, Rump and Billary",0,timeline michael barage rump billary
"Hillary Clinton wins debate, Bernie Sanders rises in polls",1,hillary clinton win debate bernie sander rise poll
"Parsing Biden's words: If Hillary runs, he won't - Politics.com",1,parse biden word hillary run not politic com
United We Grand - The Onion - America's Finest News Source,0,united grand onion america fine news source
Former Attorney General Janet Reno Passes Away,0,former attorney general janet reno pass away
Media Self-Destruct over Trump,0,medium self destruct trump
"To finish MLK's work, face up to racism (Opinion)",1,finish mlk work face racism opinion
"Bill Clinton Inc: Billions for the Foundation, $116 Million for the Clintons",0,bill clinton inc billions foundation million clinton
Comment on Corporate Democratic Party Think Tank ‘Third Way’ Exposed by Dear Centrists: The Left Has Something to Say Whether You Like It or Not,0,comment corporate democratic party think tank third way expose dear centrist leave something say whether like not
"Russian jet crashes in Egypt's Sinai Peninsula, killing 224 people",1,russian jet crash egypt sinai peninsula kill people
WATCH: Mass Shooting Occurs During #TrumpRiot; Media Ignores (Video),0,watch mass shooting occur trumpriot medium ignore video
The Anti-Trump Protesters Are Tools of the Oligarchy,0,anti trump protester tool oligarchy
Jeb on running as a Bush: 'Interesting challenge',1,jeb run bush interesting challenge
VA Hospital Honors Decorated Veteran of Three Wars with Free Side of Mashed Potatoes | GomerBlog,0,va hospital honor decorate veteran three war free side mashed potato gomerblog
"British banker took 60g of cocaine while torturing & killing prostitute, court told",0,british banker take 60 cocaine torture kill prostitute court tell
Bill Black: Wall Street’s Apologist-in-Chief Mansplains Regulation to Senator Warren,0,bill black wall street apologist chief mansplains regulation senator warren
"“We are losing control of the streets,” say police as Angela Merkel’s Germany descends into chaos and lawlessness",0,lose control street say police angela merkel germany descend chaos lawlessness
Will Bill Clinton's best effort be enough?,1,bill clinton good effort enough
At least 12 dead in shooting at office of satirical French magazine,1,least dead shoot office satirical french magazine
"Hillary is So Unpopular, She Has to Pay Off Youth Voters and Fabricate Her Rallies",0,hillary unpopular pay youth voter fabricate rally
"Because of Hillary Clinton, Emergency-Contraception Is Banned In Honduras",0,hillary clinton emergency contraception ban hondura
"Iran, world powers agree to nuclear deal",1,iran world power agree nuclear deal
Supreme Court Throws Out Ruling On Obamacare Contraception Mandate,1,supreme court throw rule obamacare contraception mandate
"In era of Trump, spin cycle gets a makeover",1,era trump spin cycle get makeover
Clinton Camp in Damage-Control Mode Over 'Top Secret' Emails,1,clinton camp damage control mode top secret email
North Dakota had 292 oil spills in 2 years officially disclosed 1 to the public,0,north dakota oil spill year officially disclose public
"Clinton rails against big banks, but refuses to release Wall Street speeches",1,clinton rail big bank refuse release wall street speech
Fresno State Student Transitions to a Male,0,fresno state student transition male
"Comment on The Liberal Conservative Examines The Bill Of Rights, Part VIII by Entertainment and Movie reviews with tips on how to get Website Traffic and Make Money Online.",0,comment liberal conservative examine bill right part viii entertainment movie review tip get website traffic make money online
Yemeni forces fire ballistic missile at Saudi Arabia’s Jeddah airport,0,yemeni force fire ballistic missile saudi arabia jeddah airport
Jim Rogers: It’s Time To Prepare; Economic And Financial Collapse Imminent (VIDEO),0,jim rogers time prepare economic financial collapse imminent video
What to Expect From the New Congress,0,expect new congress
Clinton Promises To Scrap ‘Pointless’ FBI If Elected,0,clinton promise scrap pointless fbi elect
Jesus Christ’s ‘Burial Slab’ Uncovered During Restoration,0,jesus christ burial slab uncover restoration
Knesset Speaker asks Vatican to join battle against UNESCO’s denial of history,0,knesset speaker ask vatican join battle unesco denial history
Mitt Romney Could Soon Endorse Marco Rubio. Will Jeb Join Him?,1,mitt romney could soon endorse marco rubio jeb join
4 Motivation-Zapping Thoughts To Identify and Eliminate,0,motivation zap thought identify eliminate
How World War III Could Start,0,world war iii could start
Charlie Hebdo editor-in-chief: ‘Religion should not be a political argument.’,1,charlie hebdo editor chief religion not political argument
John Pilger: ‘The truth is… there was no one to vote for’ (Going Underground US election special),0,john pilger truth no one vote go underground us election special
Ashton Carter Is Sworn In As Obama's 4th Defense Secretary,1,ashton carter swear obama 4th defense secretary
Historic nuclear deal reached in Vienna: What does it mean for Iran?,1,historic nuclear deal reach vienna mean iran
Can Cruz-Kasich strategy really stop Trump?,1,cruz kasich strategy really stop trump
Obama’s inconsistent claim on the ‘frequency’ of mass shootings in the U.S. compared to other countries,1,obama inconsistent claim frequency mass shooting compare country
Halloween Costumes Mocking #NoDAPL Activists Hit Social Media,0,halloween costume mock nodapl activist hit social medium
Appeals court rules against Obama’s immigration plan,1,appeal court rule obama immigration plan
"NATO, Russia To Hold Parallel Exercises In Balkans",0,nato russia hold parallel exercise balkan
The vengeful god of Kim Davis: The powerful forces we ignore when we fixate on one Kentucky clerk,1,vengeful god kim davis powerful force ignore fixate one kentucky clerk
"South Dakotans may not like Obama, but they’d like to see the president",1,south dakotans may not like obama like see president
October Surprise: ABC Uncovers “Millions” of Payments From Russia To Trump,0,october surprise abc uncover million payment russia trump
Republicans finally pass an Obamacare repeal. Do GOP voters care?,1,republicans finally pass obamacare repeal gop voter care
FBI Agent Accuses James Comey Of ‘Trampling On The Rule Of Law’,0,fbi agent accuse james comey trampling rule law
Dan Pfeiffer to leave White House,1,dan pfeiffer leave white house
Contaminated food from China now entering the U.S. under the 'organic' label,0,contaminate food china enter organic label
Exclusive Clinton op-ed: I'll look for common ground,1,exclusive clinton op ed look common ground
Don’t Believe The Myth That Weightlifting Will Slow You Down,0,don believe myth weightlift slow
"Poll: Voters trust Trump on economy, Clinton on nukes",1,poll voter trust trump economy clinton nuke
NC Governor Partially Changes 'Bathroom Bill' after Backlash,1,nc governor partially change bathroom bill backlash
Donald Trump Is The King Of Russian Spies,0,donald trump king russian spy
Obama: ‘Africa is on the move’,1,obama africa move
“Where is the public outcry for an explanation of how the longest war in American history is on a course to end in failure?”,1,public outcry explanation long war american history course end failure
The Arrivals Bosanski Prijevod 36-theStoryOfJesus,0,arrival bosanski prijevod thestoryofjesus
Hamas Member Admits On Live TV That ‘Palestine’ Never Existed,0,hamas member admit live tv palestine never exist
The Hillary Era is Coming: Worry!,0,hillary era come worry
The FBI's Clinton Investigation Is Wider Than Assumed,0,fbi clinton investigation wider assume
White people have a race — but everyone flips out when we talk about it,1,white people race everyone flip talk
N.J. Gov. Christie walks a fine line on gay marriage,1,gov christie walk fine line gay marriage
Democrats Push to Prevent Gun Sales to Terror-list Suspects,1,democrats push prevent gun sale terror list suspect
"Contests in South Carolina, Nevada to test the appeal of the outsiders",1,contests south carolina nevada test appeal outsider
Donald Trump Call For Immediate Shutdown of Clinton Foundation,1,donald trump call immediate shutdown clinton foundation
Louie Gohmert For House Speaker?,1,louie gohmert house speaker
Secretary of Labor Tom Perez on how to fight for social change,1,secretary labor tom perez fight social change
"Wikileaks: Clinton, Podesta Agreed Not To Distribute Confidential Intel By Private Email Account",0,wikileaks clinton podesta agree not distribute confidential intel private email account
Wolf Richter: What the Heck’s Going on with Foreclosures? Why this Spike?,0,wolf richter heck go foreclosure spike
RED ALERT: China officially orders its citizens to prepare for WW3 as tensions with the United States boil over,0,red alert china officially order citizen prepare ww3 tension united states boil
The World is Waking Up and it’s Magic to Watch,0,world wake magic watch
"If Donald Trump gets rattled by press, how would he handle Putin?",1,donald trump get rattle press would handle putin
Belgian police hunting 2 mystery bombers believed to have survived Brussels attacks,1,belgian police hunt mystery bomber believe survive brussels attack
"Health Ranger to launch revolutionary, certified organic, non-GMO preparedness food line this Thursday",0,health ranger launch revolutionary certify organic non gmo preparedness food line thursday
France Plans to Implement Universal Biometric IDs,0,france plan implement universal biometric id
NEW WIKILEAK : Top Clinton Operative Believes “BLACK VOTERS ARE STUPID” – TruthFeed,0,new wikileak top clinton operative believe black voter stupid truthfeed
The Latest On Iran Deal: Obama Says Deal Provides New Way Forward,1,late iran deal obama say deal provide new way forward
Israel preparing for one-sided UN Security Council resolutions,0,israel prepare one side un security council resolution
"Senate Dems back down on Iran, say won’t support sanctions bill yet",1,senate dems back iran say win support sanction bill yet
"Melania Trump Plagiarized Michelle Obama, a Woman Republicans Said Hated America",1,melania trump plagiarize michelle obama woman republicans say hat america
Yosemite free-climbers reach top of El Capitan,1,yosemite free climber reach top el capitan
Peter Thiel On Trump,0,peter thiel trump
Three Likely GOP White House Hopefuls Back Legal Status for Illegal Immigrants,1,three likely gop white house hopeful back legal status illegal immigrant
"Comment on India Moves to Severely Restrict Use of Cash, Forcing Much of Economy Into Barter by Bugs Bunny",0,comment india move severely restrict use cash force much economy barter bug bunny
Migrants FLOOD Into U.S. From Mexico Right Before Election,0,migrant flood mexico right election
Scott Walker: Wall on Canadian Border Worth Reviewing,1,scott walker wall canadian border worth review
"State Dept. uncovers nearly 18,000 missing emails sought from ex-Clinton spokesman",1,state dept uncover nearly miss email seek ex clinton spokesman
Police Departments Refuse Participation In Dakota Access Pipeline Crackdown,0,police department refuse participation dakota access pipeline crackdown
Donald Trump and the Equilibrium to Come | New Eastern Outlook,0,donald trump equilibrium come new eastern outlook
Environment 'Has Never Been A Partisan Issue' For EPA Administrator,1,environment never partisan issue epa administrator
Obama pushing to diversify federal judiciary amid GOP delays,1,obama push diversify federal judiciary amid gop delay
Why presidential candidates' faith matters less and less to voters,1,presidential candidate faith matter less less voter
"DOJ: Guardsman, cousin charged with supporting ISIL",1,doj guardsman cousin charge support isil
Obama will not endorse candidate in Democratic primary race,1,obama not endorse candidate democratic primary race
Will #DraftOurDaughters Bring Hillary Down?,0,draftourdaughter bring hillary
Michelle Obama's full DNC speech: Best of the night?,1,michelle obama full dnc speech good night
They Knew: The End of the Clinton Lies Begins,0,know end clinton lie begin
The USA Era (1945 - 2008) in Retrospect,0,usa era retrospect
Russia Warns US In Total Breakdown After FBI Notifies Obama All Hillary Emails Found,0,russia warn we total breakdown fbi notifie obama hillary email find
"Mormon Exodus: Trump, Clinton Tied in Utah at 26%; McMullin 22%, Johnson 14%",1,mormon exodus trump clinton tie utah mcmullin johnson
Why Clinton remains inevitable — almost,1,clinton remain inevitable almost
Fact-checking the second Clinton-Trump presidential debate,1,fact check second clinton trump presidential debate
Sandy Hook Promise Rakes In $6 Million (VIDEO),0,sandy hook promise rake million video
Obama veers left,1,obama veer leave
Libertarians hope rallies and ads can nudge them into the presidential debates,1,libertarian hope rally ad nudge presidential debate
Islamic State admits defeat in Kobani; blames airstrikes,1,islamic state admit defeat kobani blame airstrike
Obama On Climate Change: 'I Actually Think We're Going To Solve This Thing',1,obama climate change actually think go solve thing
"Mike Huckabee on Netanyahu, wage stagnation, 2016 and more",1,mike huckabee netanyahu wage stagnation
Crucial Rule Is Delayed a Year for Obama’s Health Law,1,crucial rule delay year obama health law
At least 12 dead after terror attack at Paris newspaper office (+video),1,least dead terror attack paris newspaper office video
World leaders' personal chefs sample Indian market fare,0,world leader personal chef sample indian market fare
An Open Letter to Black South African Police Officers,0,open letter black south african police officer
Gay man finds it in himself to tolerate religious person,0,gay man find tolerate religious person
US Spy Chief: Asking North Korea To Stop Nuke Program a ‘Lost Cause’,0,we spy chief ask north korea stop nuke program lose cause
The Devastating Consequences Of A 'Small' Rise In Global Temperatures,1,devastating consequence small rise global temperature
"Cost, logistics of Obama immigration plan raise concerns before launch",1,cost logistic obama immigration plan raise concern launch
General is most senior Army officer to kill self,0,general senior army officer kill self
Putin Mocks Clinton Claim Of Russia Election Meddling: ‘Is U.S. A Banana Republic?’,0,putin mocks clinton claim russia election meddle banana republic
Attack of the Clones translated into Chinese and back to English makes for hilarious subtitles,0,attack clone translate chinese back english make hilarious subtitle
Seth Meyers Takes ‘A Closer Look’ At The Final Stretch Of The Election Season (VIDEO),0,seth meyer take close look final stretch election season video
HUFFPOLLSTER: Growing Economy Good News For Obama,1,huffpollster grow economy good news obama
Soros-Linked Voting Machines Cause Concern over Rigged Election,0,soros link voting machine cause concern rig election
"Israel settlements legal, Trump aide says, playing anti-Iran video message on Mount Zion",0,israel settlement legal trump aide say play anti iran video message mount zion
3 Members Of Muslim Family Shot Dead In Chapel Hill,1,members muslim family shoot dead chapel hill
Is Obama preparing a parting shot on Israel? This President must not bind the next,0,obama prepare parting shoot israel president must not bind next
“Scary Stories In 5 Words” are terrifying tales for people short on time,0,scary story word terrify tale people short time
BUSTED: Eric Trump Admits Daddy ‘Started The Conversation’ About Obama’s Birth Certificate (AUDIO),0,bust eric trump admit daddy start conversation obama birth certificate audio
"Wolf Richter: Done in by Overcapacity, Stagnant World Trade, and China, Korean Shipbuilders Collapse on Top of Taxpayers",0,wolf richter do overcapacity stagnant world trade china korean shipbuilder collapse top taxpayer
Stating the obvious? FBI awkwardly acknowledges San Bernardino massacre likely terrorism,1,state obvious fbi awkwardly acknowledge san bernardino massacre likely terrorism
Alex Collier on Angels 2016-10-22 [VIDEO],0,alex collier angels video
What Is To Be Done?,0,do
"American Dream, Revisited",0,american dream revisit
"Thousands of rape kits left untested despite federal pledge, critics blame DOJ",1,thousand rape kit leave untested despite federal pledge critic blame doj
Mr. Trump goes to Washington: The surreal spectacle of a know-nothing GOP frontrunner,1,mr trump go washington surreal spectacle know nothing gop frontrunner
Fox News Just Exposed Hillary’s ILLEGAL VOTING Scheme To The Entire Country!,0,fox news expose hillary illegal voting scheme entire country
Oil prices could fall further if Iran nuclear deal is reached,1,oil price could fall iran nuclear deal reach
Why Are Russia and China Buying Up All of America’s Food? Paul Martin and Dave Hodges,0,russia china buy america food paul martin dave hodge
Obama to propose spending $74B more in 2016 than mandatory spending cuts,1,obama propose spend 74b mandatory spending cut
US Votes 'No' As UN Adopts Landmark Resolution Calling to Ban Nuclear Weapons,0,we vote no un adopt landmark resolution call ban nuclear weapon
"Trump: I'll Only Lose With 'Cheating,' Asks Supporters To Watch Polling Places",1,trump lose cheating ask supporter watch polling place
"Clinton looks to sisterhood, but votes may go to Sanders",1,clinton look sisterhood vote may go sander
Clinton campaign denies access to pool reporter,1,clinton campaign deny access pool reporter
Europeans have no future - Putin on Migrant Crisis [Video],0,european no future putin migrant crisis video
"Doug Schoen: Trump, Hillary and the forgotten swing vote -- seniors",1,doug schoen trump hillary forget swing vote senior
Re: Americans Want Hillary in Jail - Rightly So!,0,americans want hillary jail rightly
BRICS Do Not Lack Mortar: What Detractors Should Know - Rakesh Krishnan Simha,0,bric not lack mortar detractor know rakesh krishnan simha
How the GOP can take back the White House,1,gop take back white house
"Sorry Jeb, 'anchor babies' is a slur",1,sorry jeb anchor baby slur
Fight night: Why the South Carolina showdown could turn bloody,1,fight night south carolina showdown could turn bloody
Battle over Scalia’s replacement already spilling into Senate races,1,battle scalia replacement already spill senate race
WikiLeaks Podesta Emails Confirm Hillary’s Health Issues,0,wikileak podesta email confirm hillary health issue
Clinton struggles to contain media barrage on foreign cash,1,clinton struggle contain medium barrage foreign cash
What WikiLeaks hack says about Clinton: Our view,1,wikileak hack say clinton view
Providing Balanced Information Is Not Facebook's Goal - NYTimes.com,1,provide balanced information not facebook goal nytime com
Which States Can Gary Johnson and Jill Stein Spoil?,1,states gary johnson jill stein spoil
On Trump’s victory,0,trump victory
Trump Hits 'Magic Number' of Delegates Required for Nomination,1,trump hit magic number delegate require nomination
OPINION: Both sides of abortion debate need to talk more honestly,1,opinion side abortion debate need talk honestly
Vine 2013-2016: celebrate the life and death of an app with these 12 clips,0,vine celebrate life death app clip
"Possibility of fire aboard EgyptAir flight raised as body parts, debris found in Mediterranean",1,possibility fire aboard egyptair flight raise body part debris find mediterranean
These New Solar Panels Use Sunlight to Create Clean Drinking Water from the Air,0,new solar panel use sunlight create clean drinking water air
"Hacker Guccifer 2.0 Says Election Could Be Rigged, Promises to Monitor 'from Inside'",0,hacker guccifer say election could rig promise monitor inside
Presumptive Nominee? Trump Indiana Win Creates Big Challenge to Unite Party,1,presumptive nominee trump indiana win create big challenge unite party
Is the Hillary email scandal Watergate all over again?,1,hillary email scandal watergate
Do Britain’s gunless bobbies provide answers for America’s police?,1,britain gunless bobby provide answer america police
Top EU Official Disputes That Trump Could Upend Iran Nuclear Deal,0,top eu official dispute trump could upend iran nuclear deal
Another 4.6-Magnitude Tremor Hits Central Italy After Two Earthquakes,0,another magnitude tremor hit central italy two earthquake
Christie is wrong. Vaccination is not a personal decision. It's a social obligation.,1,christie wrong vaccination not personal decision social obligation
Steve Case: Why I’m voting for Hillary Clinton,1,steve case vote hillary clinton
Comment on Unprecedented letter from Chair of Joint Chiefs suggests U.S. military does not want a President Hillary by joworth,0,comment unprecedented letter chair joint chief suggest military not want president hillary joworth
Israel Tracked ‘Anti-Government’ Journalists On Facebook,0,israel track anti government journalist facebook
Newt Says GOP Women Are Actually Thanking Him for Calling Out Megyn Kelly on ‘Sex Obsession’,0,newt say gop woman actually thank call megyn kelly sex obsession
An Admittedly Ingenious Low,0,admittedly ingenious low
Week of Donald Trump-Hillary Clinton feud a taste of things to come,1,week donald trump hillary clinton feud taste thing come
Trump calls for charges against Clinton after FBI interview in email investigation,1,trump call charge clinton fbi interview email investigation
Teenager ‘enamored with ISIS’ in court over ‘viable device’ found on London Underground,0,teenager enamor isis court viable device find london underground
How To Talk To Your Child About Death - The Onion - America's Finest News Source,0,talk child death onion america fine news source
Busted: Bill Recorded Telling Mistress To Deny That Clintons Helped Her Get A State Job,0,bust bill record tell mistress deny clinton help get state job
BREAKING: U.S. And Russian Jets Almost Collide Over Syria,0,break russian jet almost collide syria
"Cruz takes all 14 delegates at Wyoming GOP convention, NY primary next",1,cruz take delegate wyome gop convention ny primary next
Think Indiana is bad? It's legal to deny service to gay and lesbian people in 29 states.,1,think indiana bad legal deny service gay lesbian people state
Crossing the Acheron: Back to Vietnam,0,cross acheron back vietnam
"Before leak, NSA mulled ending phone program",1,leak nsa mull end phone program
“America has lost” in the Philippines,0,america lose philippine
Report: Solar industry added jobs 20 times faster than the national average last year,1,report solar industry add job time fast national average last year
The teachable moment of Saudi Arabia’s economic threat against the United States,1,teachable moment saudi arabia economic threat united states
What Are Saponins? Discovering Their Health Benefits,0,saponin discover health benefit
This astonishing chart shows how moderate Republicans are an endangered species,1,astonishing chart show moderate republicans endanger specie
Why the Democrats Keep Losing the Congress,0,democrats keep lose congress
Will Barack Obama Delay Or Suspend The Election If Hillary Is Forced Out By The New FBI Email Investigation?,0,barack obama delay suspend election hillary force new fbi email investigation
The wingnut myth that refuses to die: The one simple reason why there’s no “liberal media conspiracy”,1,wingnut myth refuse die one simple reason no liberal medium conspiracy
LEAKED BOMBSHELL: The Shocking Truth About Hillary That Huma Abedin Has Concealed For Years,0,leak bombshell shocking truth hillary huma abedin conceal year
Bombshell: 2006 audio of Hillary Clinton proposing rigging Palestine election,0,bombshell audio hillary clinton propose rig palestine election
Dems’ scary electoral future: Why the progressive sales pitch is getting harder,1,dem scary electoral future progressive sale pitch get hard
Chinese Immigrants Demand Protection from Paris Muggers,0,chinese immigrant demand protection paris mugger
Transylvania Recalls Melania Trump While Movement To Deport Her Gains Steam,0,transylvania recall melania trump movement deport gain steam
OnPolitics | 's politics blog,1,onpolitics politics blog
NYC Democratic Election Commissioner: “They Bus People Around to Vote”,0,nyc democratic election commissioner bus people around vote
"Poll: With 2016 approaching, Clinton maintains advantages",1,poll approach clinton maintain advantage
"Facebook is full of fake news stories. On Election Day, don’t fall for them.",1,facebook full fake news story election day don fall
Electric Floors Could Generate Renewable Energy From Walking,0,electric floor could generate renewable energy walking
Kind Samaritan Pays Off All Overdue Lunch Fees At Hometown Elementary School,0,kind samaritan pay overdue lunch fee hometown elementary school
"Why now, John Kasich?",1,john kasich
New Heavy-Duty Voting Machine Allows Americans To Take Out Frustration On It Before Casting Ballot - The Onion - America's Finest News Source,0,new heavy duty voting machine allow americans take frustration cast ballot onion america fine news source
House approves Syrian refugees bill,1,house approve syrian refugee bill
Round 2: GOP rivals try to ding Trump at debate – front-runner hits back,1,round gop rival try de trump debate front runner hit back
Hillary admits creation of Mujahedin plague,0,hillary admit creation mujahedin plague
Russia prevented Spain from diplomatical conflict denying its proposal,0,russia prevent spain diplomatical conflict deny proposal
Get Ready For A Likely Market Crash After Election [Video w/ Transcript],0,get ready likely market crash election video transcript
When white nationalists show up to 'monitor' the polls,1,white nationalists show monitor poll
Michelle Obama Deletes Hillary Clinton From Twitter,0,michelle obama delete hillary clinton twitter
DAPL Protesters Proven Right as Largest Gas Pipeline in U.S. Experiences Massive and Deadly Explosion,0,dapl protester prove right large gas pipeline experience massive deadly explosion
Jeb Bush Attacks Obama Administration For Failing 'Easy Calls' On Religious Freedom,1,jeb bush attack obama administration fail easy call religious freedom
US Insiders  Not Russia  Leaked Clinton Emails,0,we insider not russia leak clinton email
Iraq ‘Ready For War’ With Turkey Over Who Should Control Mosul After Isis,0,iraq ready war turkey control mosul isis
Trump voter listens carefully to call for national unity then sets up Aryan website,0,trump voter listen carefully call national unity set aryan website
NOT KIDDING: Colleges Give Students “Safe Spaces” To Cry Over Trump Win…Threaten Students Over Pro-Trump “Chalkings”,0,not kid college give student safe space cry trump win threaten student pro trump chalking
"Ferguson, N. Charleston: 2 police killings, 2 outcomes",1,ferguson charleston police killing outcome
"Uber Drivers Found To Discriminate By Gender, Race - The Onion - America's Finest News Source",0,uber driver find discriminate gender race onion america fine news source
Senate GOP prepared to replace Obamacare subsidies,1,senate gop prepare replace obamacare subsidy
Putin Dedicates Christian Statue to Prince Vladimir,0,putin dedicate christian statue prince vladimir
Newt Gingrich goes berserk when Fox News Megyn Kelly referred to Trump as a sexual predator,0,newt gingrich go berserk fox news megyn kelly refer trump sexual predator
Why Sprott Believes Gold Bullion Is A Mandatory Portfolio Asset,0,sprott believe gold bullion mandatory portfolio asset
Let’s Be Clear—A Vote for Warmonger Hillary Clinton Is a Vote for World War 3,0,let clear vote warmong hillary clinton vote world war
Twitter Users DESTROY Clinton Puppet James Comey #ComeyResign – TruthFeed,0,twitter user destroy clinton puppet james comey comeyresign truthfeed
Trump says GOP opposition to him 'taking advantage of our country',1,trump say gop opposition take advantage country
GOP voters want an apocalypse: The truth about Trump & Carson’s success,1,gop voter want apocalypse truth trump carson success
EWAO Hubble has just spotted mysterious 'plasma balls' of unknown origin,0,ewao hubble spot mysterious plasma ball unknown origin
Donald Trump's lost month in Iowa,1,donald trump lose month iowa
Hillary Helped Chelsea’s Friend With VISA Issues Within 2 Hours,0,hillary help chelsea friend visa issue within hour
"From downed Russian jet, hard lessons about destroying Islamic State",1,down russian jet hard lesson destroy islamic state
Webb rips Clinton's State record as he mulls independent White House bid,1,webb rips clinton state record mull independent white house bid
JOHNSON & JOHNSON ORDERED TO PAY $70 MILLION TO CALIFORNIA WOMAN FOR CANCER-LINKED BABY POWDER,0,johnson johnson order pay million california woman cancer link baby powder
Who's Got the Best Chance against Clinton? It's Not Who You Think…,1,get good chance clinton not think
"Rubio: Obama's diplomacy with dictators threatens America's safety, security",1,rubio obama diplomacy dictator threaten america safety security
The Daily 202: Clinton and Trump cave to pressure,1,daily clinton trump cave pressure
"Inside the Invisible Government: War, Propaganda, Clinton & Trump",0,inside invisible government war propaganda clinton trump
"Former GOP Congressman Goes Full Trump, Encourages Armed Revolt If Clinton Wins",0,former gop congressman go full trump encourage armed revolt clinton win
"For young black activists, an urgent task: Persuading peers to vote",1,young black activist urgent task persuade peer vote
Peter Brimelow On With Steve Curtis At 8:05 Eastern,0,peter brimelow steve curtis eastern
Marco Rubio’s big gamble,1,marco rubio big gamble
Donald Trump's year of tweeting dangerously,1,donald trump year tweet dangerously
Coalition Nations Seek to Put North Korea in a Vise,0,coalition nation seek put north korea vise
National Review disses Donald Trump: Why the magazine's plan won't work,1,national review disse donald trump magazine plan not work
Hillary Clinton's 'Delegate Hell',1,hillary clinton delegate hell
Thomas Frank Explores Whether Hillary Clinton and the Democratic Party Will Address Inequality,0,thomas frank explore whether hillary clinton democratic party address inequality
Congress likely to blow budget deadline,1,congress likely blow budget deadline
Ukraine Withdraws Forces After Fight Over Strategic City,1,ukraine withdraw force fight strategic city
6 Myths That Men Believe About Southeast Asia,0,myth man believe southeast asia
What happened in this election?,0,happen election
Top university stole millions from taxpayers by faking global warming research,0,top university steal million taxpayer fake global warming research
No charges after new review of Hillary Clinton emails – FBI director,0,no charge new review hillary clinton email fbi director
"Playing the “rigged” card: Trump, Jones and other conspiracy mongers must look within the GOP for the legit scandals",1,play rig card trump jones conspiracy monger must look within gop legit scandal
“Brexit means Clusterfuck” confirms Prime Minister,0,brexit mean clusterfuck confirm prime minister
Why Netanyahu is confronting the White House,1,netanyahu confront white house
‘Ignored’ voter to become ‘absolutely shafted’ voter,0,ignore voter become absolutely shaft voter
Hillary Reboots ‘Vast Right-Wing Conspiracy’ Playbook,0,hillary reboot vast right wing conspiracy playbook
"GOP Leaders: Donald Trump, Paul Ryan Meeting 'Critical'",1,gop leader donald trump paul ryan meeting critical
Can U.S. Elections Really Be Stolen? Yes      : Information Clearing House - ICH,0,election really steal yes information clearing house ich
Obamacare group slashes staff,1,obamacare group slash staff
Obama Admits to Rigged Elections back in 2008,0,obama admit rig election back
Alien Insects Capture In UK,0,alien insect capture uk
"Hesston, Kansas, mass shooting: what we know",1,hesston kansas mass shooting know
Janet Yellen won't say when interest rates will rise because she doesn't know,1,janet yellen not say interest rate rise not know
"Actually, many Trump voters are in one basket and it’s both racist and economically frustrated",1,actually many trump voter one basket racist economically frustrate
EWAO Stephen Hawking Warns: STOP Searching for Aliens before its TOO LATE,0,ewao stephen hawk warn stop search alien late
Chinese may become Russia’s second largest ethnic population by 2050 | Russia & India Report,0,chinese may become russia second large ethnic population russia india report
Clinton Cries Racism Tagging Trump with KKK; Trump Says 'She Lies',1,clinton cry racism tagging trump kkk trump say lie
There's Something O'Reilly Trusts Even Less Than Iran,1,something reilly trust even less iran
"Meet the Neocons, 9/11 Criminals and Goldman Bankers On Team Trump : The Corbett Report",0,meet neocon criminal goldman banker team trump corbett report
This Times newspaper correction is amusing,0,times newspaper correction amusing
Obama vowed to be the healer-in-chief. He never made the effort - The Boston Globe,1,obama vow healer chief never make effort boston globe
"6 neo-Nazis arrested in Motorola assassination case, SBU plot exposed - Fort Russ",0,neo nazi arrest motorola assassination case sbu plot expose fort russ
Clinton campaign: WikiLeaks hack gets ‘closer and closer to the Trump campaign’,1,clinton campaign wikileak hack get close close trump campaign
Did Hillary Insult Sanderistas as ‘Basement Dwellers’? No—Just the Opposite,1,hillary insult sanderista basement dweller no opposite
Packer to lose more money as Carey wants back-out fee,0,packer lose money carey want back fee
Assange: Clinton Campaign Tried To Hack WikiLeaks,0,assange clinton campaign try hack wikileak
"Paul: Laws on sexuality could be more ‘neutral,’ but all should be protected",1,paul laws sexuality could neutral protect
What to watch in Tuesday's primaries,1,watch tuesday primary
GOP senators demand answers over disclosure of mission to oust ISIS from Mosul,1,gop senator demand answer disclosure mission oust isis mosul
Comment on WATCH: Human Rights Activists Are Targeting The China Dog Meat Festival by information security architect,0,comment watch human right activist target china dog meat festival information security architect
Why Has Putin Pointed Russia's SATAN Nukes at the US? | Silver Doctors,0,putin point russia satan nuke we silver doctor
ELECTION DAY QUESTION: Do You Want To Glow In The Dark?,0,election day question want glow dark
"Trump's economic team has a lot of billionaires, very few economic experts",1,trump economic team lot billionaire economic expert
Family issues weigh heaviest on Biden as he considers a 2016 campaign,1,family issue weigh heavy biden consider campaign
Constitutional Law Expert: Comey Did NOT Violate Law By Announcing Email Investigation,0,constitutional law expert comey not violate law announce email investigation
Democratic candidates exhibit a new ferocity in last debate before N.H. vote,1,democratic candidate exhibit new ferocity last debate vote
Can Trump Save America Like Putin Saved Russia? — The Saker,0,trump save america like putin save russia saker
5 takeaways from the New York primary,1,takeaways new york primary
NATO Confirms Major Troop Buildup In Eastern Europe,0,nato confirm major troop buildup eastern europe
Gary Johnson and Bill Weld Shift Focus to Answering Questions Outside of Debates,1,gary johnson bill weld shift focus answer question outside debate
"Ryan Endorses Trump, Trump Crushes Ryan’s Dreams",1,ryan endorse trump trump crush ryan dream
The reinvention of Mitt Romney,1,reinvention mitt romney
Has family guy gone nuts?,0,family guy go nuts
Donald Trump is really going to be the nominee. This is actually happening.,1,donald trump really go nominee actually happen
Political polarization is getting worse. Everywhere.,1,political polarization get bad everywhere
Rubio Goes From Robot to Terminator Against Donald Trump,1,rubio go robot terminator donald trump
Destruction of Walk Of Fame star leaves Donald Trump down to his last six Horcruxes,0,destruction walk fame star leave donald trump last six horcruxe
"Nobody Won the VP Debate, Least of All the American Electorate",1,nobody win vp debate least american electorate
Fox News Eats Its Own,1,fox news eat
"Exchange of equipment, arms & experience: Large-scale joint NATO drills held in Romania",0,exchange equipment arm experience large scale joint nato drill hold romania
"New math: Where Trump, Clinton stand after primary victories",1,new math trump clinton stand primary victory
What do the protesters believe they are protesting? | OffGuardian,0,protester believe protest offguardian
Donald Trump Bans 'Washington Post' From Campaign Events,1,donald trump bans washington post campaign event
Debate over the Cleveland Indians’ Mascot,0,debate cleveland indians mascot
Senate Debate Reveals Absurd Level Of Trade Deal Secrecy,1,senate debate reveal absurd level trade deal secrecy
ISLAM NOT WELCOME: Obama just got TERRIBLE NEWS – THIS could END his MUSLIM “REFUGEE” Program… FOREVER!,0,islam not welcome obama get terrible news could end muslim refugee program forever
McConnell: Trump's Muslim ban wouldn't pass the Senate,1,mcconnell trump muslim ban would not pass senate
Putin Warns “US Has Pushed Russia Back Into Nuclear Arms Race”,0,putin warn we push russia back nuclear arm race
Israel Refuses Participation In Paris Peace Conference,0,israel refuse participation paris peace conference
"Obama nominates Merrick Garland to Supreme Court, sets up Senate showdown",1,obama nominates merrick garland supreme court set senate showdown
‘Like Asking if You’ll Stop Beating Your Wife’: Saudi Ambassador to US Dodges Yemen Cluster Bomb Question - American Herald Tribune,0,like ask stop beat wife saudi ambassador us dodge yemen cluster bomb question american herald tribune
National Attention On Ayotte - Hassan (*NH) Senate Race,0,national attention ayotte hassan nh senate race
Trump has lit a fire. Can it be contained?,1,trump light fire contain
Energy Update – Super High Geomagnetic Solar Winds,0,energy update super high geomagnetic solar wind
Family history hounds Jeb Bush on campaign trail,1,family history hound jeb bush campaign trail
Donors to G.O.P. Candidates: You’re on Your Own,1,donor candidate
What's NaNoWriMo? Your Story. 30 Days. Try it.,0,nanowrimo story day try
Investors Intelligence Says Here Is The Key To A Turnaround In Gold & Silver!,0,investors intelligence say key turnaround gold silver
Allowing Refugees in US an Open Door to Terror?,1,allow refugee we open door terror
The Loosening Grip,0,loosen grip
"Holder: Ferguson shooter 'disgusting,' 'punk'",1,holder ferguson shooter disgusting punk
‘Are We Next?’,1,next
Reductress » This Little Girl’s Mind-Blowing Protest Speech Is Everything Her Mother Told Her to Say,0,reductress little girl mind blow protest speech everything mother tell say
Gay Rights Will Continue to Divide Republicans: Albert R. Hunt,1,gay right continue divide republicans albert hunt
Love Trumps Hate: GoFundMe To Rebuild Church Torched By Trump Supporter SHATTERS Fundraising Records,0,love trump hate gofundme rebuild church torch trump supporter shatter fundraise record
Jake Tapper: Where were U.S. leaders in Paris march?,1,jake tapper leader paris march
Hillary Campaign Launching Attacks on the FBI,0,hillary campaign launching attack fbi
Report: Trump Used Foundation Money to Launch Presidential Campaign,1,report trump use foundation money launch presidential campaign
"Republicans start small on ObamaCare, cross fingers for court intervention",1,republicans start small obamacare cross finger court intervention
Don’t Despair: Why This Election Is Our Greatest Blessing,0,don despair election great blessing
Re: It Is Now Mathematically Impossible To Pay Off The U.S. National Debt,0,mathematically impossible pay national debt
Trump relents after withholding medical records,1,trump relent withhold medical record
"President Obama Gets Real, Not Revenge, On Republicans",0,president obama get real not revenge republican
We can't reward Hillary Clinton with the White House for breaking all the rules,1,can not reward hillary clinton white house break rule
Hillary accepts the nomination: A bold speech for a singular moment in American history,1,hillary accept nomination bold speech singular moment american history
ECB policymakers tout December stimulus extension,0,ecb policymaker tout december stimulus extension
Here’s How Goldman Sachs Lays People Off | Financial Markets,0,goldman sachs lay people financial market
George P. Bush says father Jeb Bush is ‘seriously considering’ 2016 run,1,george bush say father jeb bush seriously consider run
Ben Carson’s harsh spotlight: An unfit candidate struggles under intense scrutiny,1,ben carson harsh spotlight unfit candidate struggle intense scrutiny
How Hedonistic Game Became The Gateway To Virtuous Truths,0,hedonistic game become gateway virtuous truth
Rachel Dolezal's brother: She's 'making up more lies',1,rachel dolezal brother make lie
Transforming hope into reality for patients of drug-resistant TB,0,transform hope reality patient drug resistant tb
Court ruling on NSA spying splits 2016 field,1,court ruling nsa spy split field
The Battle at UNESCO,0,battle unesco
"Rubio shifts tactics; Trump sticks to themes, seeks unity at subdued GOP debate",1,rubio shift tactic trump stick theme seek unity subdue gop debate
Poll: 6 in 10 Back Renewal of NSA Data Collection,1,poll back renewal nsa data collection
Baltimore in flames: senseless,1,baltimore flame senseless
"In Nevada caucuses, Trump gets a third straight win",1,nevada caucus trump get third straight win
How Ted Cruz outfoxed Donald Trump in Iowa,1,ted cruz outfoxed donald trump iowa
"Stronger together? Yes, Mrs. Clinton, but what does 'together' really mean?",1,strong together yes mrs clinton together really mean
Is This What You Think They Would Look Like? Supposed Pictures of Real Extraterrestrials,0,think would look like suppose picture real extraterrestrial
"Rep. Jason Chaffetz launches bid for House speaker, shaking up GOP leadership race",1,rep jason chaffetz launch bid house speaker shake gop leadership race
Hillary Clinton showed us a glimpse of her soul at Benghazi hearings. It was chilling,1,hillary clinton show we glimpse soul benghazi hearing chill
Orlando: The mainstream media serves up a false narrative about terror attack,1,orlando mainstream medium serve false narrative terror attack
"Jeb Bush Smoked Marijuana, Bullied Other Students In High School",1,jeb bush smoke marijuana bully student high school
Ted Cruz says motivating conservatives is key to winning White House,1,ted cruz say motivate conservatives key win white house
Netanyahu — Flanked by Boehner — Calls for 'Better Deal' with Iran,1,netanyahu flank boehner call well deal iran
What Is At Stake In The Election,0,stake election
Inside the swing-state playbooks,1,inside swing state playbook
Top 10 toxins that are poisoning your kids,0,top toxin poison kid
Even Doctors Are Surprised: This Recipe Renews The Knees And Joints!,0,even doctor surprise recipe renew knee joint
A suburban tide against Trump could sink his election bid,1,suburban tide trump could sink election bid
Anonymous Released Video Exposing Huma Abedin Days Before FBI Announcement,0,anonymous release video expose huma abedin day fbi announcement
Hillary Reveals Her Pick for Secretary of State – This Woman CANNOT be Elected!,0,hillary reveal pick secretary state woman can not elect
Open carry comes to Texas: Why the Lone Star state will be safer in 2016,1,open carry come texas lone star state safe
The Jeb Bush Health Plan: Five Ways It Differs From What Obama's Done,1,jeb bush health plan five way differ obama do
New Player in the ISIS War: Christian Gazillionaire Foster Friess,1,new player isis war christian gazillionaire foster friess
"CNN Fired Donna Brazile 2 Weeks Ago, Made It Public Now After Wikileaks Revelation",0,cnn fire donna brazile week ago make public wikileak revelation
Reduce Nurse Burnout by Treating Nurses as Well as We Treat Patients,0,reduce nurse burnout treat nurse well treat patient
Boehner takes revenge,1,boehner take revenge
How Asia trade deal could make or break Obama's foreign policy vision (+video),1,asia trade deal could make break obama foreign policy vision video
Suspects In Paris Magazine Attack Killed; Market Gunman And 4 Hostages Also Dead,1,suspects paris magazine attack kill market gunman hostage also dead
FBI Plan B fails: Clinton to be next president,0,fbi plan fail clinton next president
How U.S. Schools Can Improve Math Education - The Onion - America's Finest News Source,0,school improve math education onion america fine news source
Why riots happen in places like Baltimore,1,riot happen place like baltimore
"Re: Don’t CLICK that, stupid! Is this email from March 2016 where #PodestaEmails21 and others started?",0,don click stupid email march podestaemails21 other start
"Police Department Is Being Evicted – Lafayette, CA",0,police department evict lafayette can
"In a break with Obama, Clinton lays out tougher worldview",1,break obama clinton lay tougher worldview
House Republicans try to gut a key American principle,1,house republicans try gut key american principle
"After Gingrich Attacks Megyn Kelly Over 'Sex,' Trump Advisor's 'Threat' Against Her Blows Up Online",0,gingrich attack megyn kelly sex trump advisor threat blow online
Halloween Pumpkin Carving Scenes at the Hospital | GomerBlog,0,halloween pumpkin carve scene hospital gomerblog
Wall St. Republicans' dark secret,1,wall st republicans dark secret
"Poll: Trump, Carson top GOP race; Clinton leads Dems but support drops",1,poll trump carson top gop race clinton lead dem support drop
"Love Him or Hate Him, Anderson Cooper Just Put a 3rd Degree Burn on Newt for Megyn Kelly 'Sex' Insult",0,love hate anderson cooper put 3rd degree burn newt megyn kelly sex insult
Dreaming Beyond Capitalism: a Culture Without Fear,0,dream beyond capitalism culture without fear
Fact-checking the third round of GOP debates,1,fact check third round gop debate
Anonymous: World War 3 Is On The Horizon (In 2016),0,anonymous world war horizon
A Barbaric Race Of Underground-Dwelling Giants Once Inhabited The Mount Shasta Region...,0,barbaric race underground dwelling giant inhabit mount shasta region
The Murder Shaking San Francisco’s Liberal Soul,1,murder shake san francisco liberal soul
"Sanders sharpening message, attacks on Clinton after Nevada loss",1,sander sharpen message attack clinton nevada loss
McMullin surge threatens to squeeze Trump's already narrow path to victory,1,mcmullin surge threaten squeeze trump already narrow path victory
Proposed Bill Calls for Reconciliation Between Turkey and Armenia,1,propose bill call reconciliation turkey armenia
No Pain No Gain? Lockheed Struggles to Finalize Deal With Pentagon on F-35 Lots,0,no pain no gain lockheed struggle finalize deal pentagon lot
"Non-confrontational style, social media aiding Ben Carson's surge in polls",1,non confrontational style social medium aid ben carson surge poll
Shootings In Chattanooga: What We Know About The Alleged Gunman,1,shooting chattanooga know allege gunman
The fourth GOP debate is more about the party’s path than personal attacks,1,fourth gop debate party path personal attack
"PIERS MORGAN: “Get Off Your High Horse, Hillary. Only ONE Candidate is Up To Her Neck in FBI Probes and Her Name Isn’t Donald” – TruthFeed",0,pier morgan get high horse hillary one candidate neck fbi probe name isn donald truthfeed
Diehard GOP mom: No mother could ever vote for Trump,1,diehard gop mom no mother could ever vote trump
GRAPHIC VIDEO Shows White Officer Shooting Unarmed Black Man In Back,1,graphic video show white officer shoot unarmed black man back
GOP 2016 candidates look to seize momentum out of debates,1,gop candidate look seize momentum debate
Feds Arrest Two Women In New York City In Alleged Terror Plot,1,fed arrest two woman new york city allege terror plot
Trump or Clinton - Life or Death,0,trump clinton life death
"Trump, Clinton cautiously optimistic ahead of Iowa caucuses",1,trump clinton cautiously optimistic ahead iowa caucus
Trump in the White House    : Information,0,trump white house information
Democrats Playing Class Card To Split the White Vote,0,democrats play class card split white vote
White House: Obama would veto Keystone bill,1,white house obama would veto keystone bill
Massive Spike In Obamacare Health Premiums Could Boost Trump To Victory,0,massive spike obamacare health premium could boost trump victory
US-led coalition killed 300 Syrian civilians in 11 probed strikes – Amnesty,0,we lead coalition kill syrian civilian probe strike amnesty
Half Of Russians Fear Syria Could Spark WW3,0,half russians fear syria could spark ww3
Bill O’Reilly’s humiliating bust: Does Fox News have guts to suspend its own serial exaggerator?,1,bill reilly humiliating bust fox news gut suspend serial exaggerator
76ers Send Clear Message Over Anthem Singer's Shirt: Keep Politics Off the Court & Just Do Your Job,0,76er send clear message anthem singer shirt keep politic court job
Hillary’s cash flow issue,1,hillary cash flow issue
Iran Gives Investors Glimpse of $30 Billion in Oil Deals to Come,1,iran give investor glimpse billion oil deal come
"Charleston church massacre suspect caught, but answers elude victims' loved ones",1,charleston church massacre suspect catch answer elude victim love one
William F. Buckley would have loathed Fox News: Inside the right-wing media’s intellectual downfall,1,william buckley would loathed fox news inside right wing medium intellectual downfall
"Listen to the Donald Trump voters: It has taken an ignorant demagogue to tell truth about GOP, humiliate party establishment",1,listen donald trump voter take ignorant demagogue tell truth gop humiliate party establishment
Clinton says electing Trump would be 'historic mistake',1,clinton say elect trump would historic mistake
It’s A Setup: Dems Claim Russians Will Undermine Elections With Fake Documents Showing Voter Fraud,0,setup dem claim russians undermine election fake document show voter fraud
Conservatives Cheer Research Saying Cuts To Unemployment Benefits Helped The Economy,1,conservatives cheer research saying cut unemployment benefit help economy
The GOP front-runner? It's not Jeb Bush,1,gop front runner not jeb bush
Get Ready For Civil Unrest: Survey Finds That Most Americans Are Concerned About Election Violence | RedFlag News,0,get ready civil unrest survey find americans concerned election violence redflag news
Critics pounce as Obama again shows he isn’t easy on America,1,critic pounce obama show isn easy america
Key Time In Collective Human History,0,key time collective human history
Cruz allies prevail in North Dakota delegate race,1,cruz ally prevail north dakota delegate race
US Election an elaborate John Lewis Christmas campaign. More soon.,0,us election elaborate john lewis christmas campaign soon
Why the Iowa caucuses have such a massive impact on the presidential race,1,iowa caucus massive impact presidential race
So you think SUVs are safe? Shocking video,0,think suvs safe shocking video
"Hillary Clinton, Bernie Sanders: King's legacy is alive",1,hillary clinton bernie sanders king legacy alive
Russia's 'White Book' on Syria shakes up UN Security Council,0,russia white book syria shake un security council
Irony Redefined: “Human Rights Champion” Suu Kyi Jails Dissidents,0,irony redefine human right champion suu kyi jail dissident
Chart Of The Day: Since 2009—–Recovery For The 5%; Stagnation for the 95%,0,chart day since recovery stagnation
"Trump Will Go Away, but the Anger He’s Stirred Up Is Just Getting Started",1,trump go away anger stir getting start
14 key moments from the Democratic debate,1,key moment democratic debate
US-Korean Relations and the New US President | New Eastern Outlook,0,us korean relations new us president new eastern outlook
Seven things I’ve learned by covering the third-party candidates,1,seven thing learn cover third party candidate
"To nominate Clinton, it takes a village",1,nominate clinton take village
Podesta WikiLeaks UFO Updates — New Names Dragged Down the UFO Rabbit Hole,0,podesta wikileak ufo update new name drag ufo rabbit hole
Donald Trump’s statement on the Fox News debate has to be seen to be believed,1,donald trump statement fox news debate see believe
"With 95% of Votes In, All Signs Point to a Trump Victory in Florida",0,vote sign point trump victory florida
It’s No Surprise That Trump Might Not Accept Election Results. He’s Never Accepted Democratic Norms.,1,no surprise trump might not accept election result never accept democratic norm
"Obama's last State of the Union address in three words: Disjointed, irrelevant and disappointing",1,obama last state union address three word disjoint irrelevant disappointing
2016 Tribute to our Troops: veterans who continue to serve,0,tribute troop veteran continue serve
Limbaugh: Democrats would 'destroy Jesus Christ',0,limbaugh democrats would destroy jesus christ
Hillary Clinton's Second Amendment,1,hillary clinton second amendment
Chattanooga shooting: History of attacks on U.S. military,1,chattanooga shoot history attack military
"Obama calls for end to nuclear weapons, but U.S. disarmament is slowest since 1980",1,obama call end nuclear weapon disarmament slow since
Pentagon weighs using force to protect US-backed Syria rebels targeted by Russia,1,pentagon weigh use force protect we back syria rebel target russia
Global UFO “Invasion” Stirs Panic! Military Denies Involvement 10/29/16 [VIDEO],0,global ufo invasion stir panic military deny involvement video
Wreckage in wake of bungled House coup,1,wreckage wake bungle house coup
"Why Nevada was a bad sign for Bernie Sanders's ""political revolution""",1,nevada bad sign bernie sander political revolution
New York restores order for 2016 front-runners,1,new york restore order front runner
"If Clinton goes down, Loretta Lynch will go down with her",0,clinton go loretta lynch go
Pope calls on Catholics to shelter Europe's migrants,1,pope call catholic shelter europe migrant
The World War 3 Conspiracy – Episode 1,0,world war conspiracy episode
This dad’s tweets about Halloween with his young daughters are brilliant,0,dad tweet halloween young daughter brilliant
3 winners and 2 losers from Saturday night's Republican debate,1,winner loser saturday night republican debate
"The Oregon militia standoff, explained",1,oregon militia standoff explain
This is what it’s like to be a Bush stuck at the bottom of the polls,1,like bush stick bottom poll
Flashback: Clinton campaign’s press secretary once thought it was a bad look to second-guess James Comey – twitchy.com,0,flashback clinton campaign press secretary think bad look second guess james comey twitchy com
7 takeaways from the first Democratic debate,1,takeaway first democratic debate
Donald Trump: 'I want surveillance of certain mosques',1,donald trump want surveillance certain mosque
Ky. clerk’s attorney: New marriage licenses ‘not worth the paper they’re written on’,1,ky clerk attorney new marriage license not worth paper write
The GOP case against Loretta Lynch falls apart,1,gop case loretta lynch fall apart
Comment on Trump’s Walk of Fame Star Vandalized by MeThePeople,0,comment trump walk fame star vandalize methepeople
Ruth Bader Ginsburg regrets 'ill-advised' remarks about Donald Trump,1,ruth bader ginsburg regret ill advise remark donald trump
PressTV-Brazil football legend Carlos Alberto laid to rest,0,presstv brazil football legend carlos alberto lay rest
"Dead heat: Trump, Clinton tied in 3 swing-state polls",1,dead heat trump clinton tie swing state poll
Tony Blair helpfully describes Remain voters as ‘insurgents’,0,tony blair helpfully describe remain voter insurgent
The United States Is Pre-Positioning “Enemy Assets” In Preparation For A Rigged Election,0,united states pre position enemy asset preparation rig election
Russia’s Syria intervention may force choice on Obama: Act or yield,1,russia syria intervention may force choice obama act yield
2016 latest: Spirit of Christmas to be replaced with ‘Every man for himself’. More soon.,0,late spirit christmas replace every man soon
Ted Cruz launches bid; Some pundits paint him as scary extremist,1,ted cruz launch bid pundit paint scary extremist
Pope Francis at 9/11 memorial: 'We can never forget them',1,pope francis memorial never forget
Fights Over 'Religious Freedom' And Gay Rights Are Costing Republicans,1,fight religious freedom gay right cost republican
Breakthrough Listen Project to Focus on 'Alien Megastructure',0,breakthrough listen project focus alien megastructure
Prison sentences are getting shorter. But racial disparities are getting worse.,1,prison sentence get short racial disparity get bad
US election: Hillary Clinton's problem with young women,1,us election hillary clinton problem young woman
Neither Dictator nor King,1,neither dictator nor king
Comment on Man of Sin: Obama says illegal aliens can vote because they are U.S. citizens by Christian Zionist,0,comment man sin obama say illegal alien vote citizens christian zionist
The Most Unhealthy Jobs in America,0,unhealthy job america
Obama delivers emotional eulogy for Beau Biden,1,obama deliver emotional eulogy beau biden
Man burned by fajitas while praying can't sue Applebee's,1,man burn fajita pray can not sue applebee
Taliban Militants Attack Afghan Parliament In Kabul,1,taliban militant attack afghan parliament kabul
Close call: Russia-U.S. ‘near-miss’ problem moves to Syrian air space,0,close call russia near miss problem move syrian air space
Polls show GOP presidential primary fight wide open,1,poll show gop presidential primary fight wide open
Poll: Rubio leads the GOP pack in matchup against Clinton,1,poll rubio lead gop pack matchup clinton
Washington’s Intent is Economic Destabilization and “Regime Change” In Venezuela,0,washington intent economic destabilization regime change venezuela
GOP debate: No one trumps Trump and six other takeaways from Las Vegas,1,gop debate no one trump trump six takeaway las vegas
Mike Huckabee's daughter: Negative tone in GOP race helps Clinton,1,mike huckabee daughter negative tone gop race help clinton
One of the Most Undervalued Storable Survival Foods,0,one undervalue storable survival food
America gives Grand Piano to horse,0,america give grand piano horse
BREAKING: Obama: “We Have Not Had a Major Scandal” in My Administration! HAHAHA!,0,break obama not major scandal administration hahaha
Clinton turns Trump attacks up to 11,1,clinton turn trump attack
2 gunmen killed following deadly Tunisian museum attack that left 21 dead,1,gunman kill follow deadly tunisian museum attack leave dead
Winners and losers from the 7th Republican presidential debate,1,winner loser 7th republican presidential debate
"If you use Facebook to get your news, please — for the love of democracy — read this first",1,use facebook get news please love democracy read first
"Iraqi forces, civilians flee as ISIS gains control of Ramadi, US official says",1,iraqi force civilian flee isis gain control ramadi us official say
"VIDEO : Black Professor, “Black Voters Are Breaking For Trump”",0,video black professor black voter break trump
'America is already great': Obama urges US to back Clinton in DNC speech,1,america already great obama urge we back clinton dnc speech
"Clinton, Trump eye Michigan wins as candidates face first big Midwest test",1,clinton trump eye michigan win candidate face first big midwest test
Queen Elizabeth II owns every dolphin in Britain and doesn't need a driving licence and doesn't pay tax — here are the incredible powers you didn't know the monarchy has,0,queen elizabeth ii own every dolphin britain not need drive licence not pay tax incredible power not know monarchy
EgyptAir Flight 804: Final moments questioned,1,egyptair flight final moment question
How Donald Trump could win,1,donald trump could win
The Republicans' Red Scare,1,republicans red scare
A Message to my Fellow Republicans,1,message fellow republican
Cameron set to press Obama on tech encryption,1,cameron set press obama tech encryption
Man uses Trump victory as excuse to call ex-girlfriend,0,man use trump victory excuse call ex girlfriend
"Extreme weather to cause extreme food shortages, task force finds",1,extreme weather cause extreme food shortage task force find
San Bernardino divers reportedly pull object from water in evidence search,1,san bernardino diver reportedly pull object water evidence search
Death of Saudi King Abdullah brings uncertain new era for US in Middle East,1,death saudi king abdullah bring uncertain new era us middle east
Rembrandt Art Proves Chapter 22 of Genesis (MUST SEE),0,rembrandt art prove chapter genesis must see
Fact-checker takes Obama to task for gun claims,1,fact checker take obama task gun claim
3 Year Old Son of Singer Michael Bublé Diagnosed With Cancer,0,year old son singer michael bublé diagnose cancer
Obama's Remarks on 'Most Peaceful' World Ring Hollow in Dangerous Middle East,1,obama remark peaceful world ring hollow dangerous middle east
Re: America Is The Loneliest Country In The World – Is It Because We’ve Abandoned The Traditional Family Structure?,0,america loneliest country world abandon traditional family structure
John Kasich wooing Iowans mostly from New Hampshire,1,john kasich woo iowan mostly new hampshire
"Syrian War Report – November 9, 2016: Russian Navy Is Ready to Strike Terrorists in Aleppo",0,syrian war report november russian navy ready strike terrorist aleppo
The #1 Reason Why People Are Voting for Trump,0,reason people vote trump
Why Trump's talk of a rigged vote is so dangerous,1,trump talk rig vote dangerous
Is Western Civilization Worth Saving?,0,western civilization worth save
Secretive GOP Group Targets Trump for Destruction,1,secretive gop group target trump destruction
The Fantasy of a Better Iran Deal,1,fantasy well iran deal
Netanyahu’s contempt for President Obama,1,netanyahu contempt president obama
Meet The Couples Fighting To Make Marriage Equality The Law Of The Land,1,meet couple fight make marriage equality law land
GOP’s demonic new crusade: Right-wing zealots look for even crueler ways to treat the poor like garbage,1,gop demonic new crusade right wing zealot look even cruel way treat poor like garbage
Candace Cameron Bure Dishes on the Main Conservative Issue Driving Her to the Polls,0,candace cameron bure dish main conservative issue drive poll
Ben Carson vs. Ben Carson,1,ben carson vs ben carson
"Carson, GOP White House candidates critical of Obama’s Syria plan for 50 Special Ops troops",1,carson gop white house candidate critical obama syria plan special op troop
No Account for You,0,no account
Iran nuclear talks reportedly hit snag over lifting of sanctions as Obama makes appeal to Iran's people,1,iran nuclear talk reportedly hit snag lift sanction obama make appeal iran people
Mitch McConnell Pledges To Avoid Debt Ceiling Disaster,1,mitch mcconnell pledge avoid debt ceiling disaster
Hillary Clinton: The Alt-Right Has 'Effectively Taken Over the Republican Party',1,hillary clinton alt right effectively take republican party
Nation Mourns 9 Victims In Charleston Church Shooting,1,nation mourn victim charleston church shooting
Steve Pieczenik: U.S. Intelligence Waging Coup Against Corrupt Clintons » REGATED,0,steve pieczenik intelligence wag coup corrupt clinton regate
Comment software has been rolled back to old version,0,comment software roll back old version
Round Up the Unusual Suspects: Moneyball Nerds Squeeze Out Blacks & Latinos from Baseball Jobs,0,round unusual suspect moneyball nerd squeeze black latinos baseball job
Trump VP’s plane slides off runway at New York airport,0,trump vp plane slide runway new york airport
UK Child Protection Services workers are ‘afraid’ to challenge the ages of Muslim invaders for fear of ending up in court,0,uk child protection service worker afraid challenge age muslim invader fear end court
Anti-Communist Group Makes Their First Ever Endorsement Toward The Donald.. Media Silent,0,anti communist group make first ever endorsement toward donald medium silent
Lynch faces Congress in attorney general hearing,1,lynch face congress attorney general hearing
The Conspiracy “Theory” Conspiracy [Video Documentary],0,conspiracy theory conspiracy video documentary
Clinton's Policies Look Like a Death Sentence for Americans,0,clinton policy look like death sentence american
State Dept. IDs 2 Americans killed in Nepal quake; 2 others reportedly dead,1,state dept id americans kill nepal quake other reportedly dead
Time to press the presidential candidates on Flint’s water crisis,1,time press presidential candidate flint water crisis
This is why Trump was smart to avoid her: Megyn Kelly just crushed the GOP debate,1,trump smart avoid megyn kelly crush gop debate
"Life: Touching: After Her Brother Passed Away, This Woman Took Over His Facebook Page To Continue Sharing Islamophobic Rhetoric",0,life touch brother pass away woman take facebook page continue share islamophobic rhetoric
Clinton Foundation will continue to accept foreign money during Hillary's run,1,clinton foundation continue accept foreign money hillary run
"Boy wearing a ‘My dad is an ATM’ T-shirt chased by mob; father frisked, robbed",0,boy wear dad atm shirt chase mob father frisk rob
Why Isn’t NSA Surveillance an Election Issue?,0,isn nsa surveillance election issue
"Genius Kid Trolled White House Halloween Party, Idiot Obama Didn’t Notice",0,genius kid troll white house halloween party idiot obama didn notice
Police Turn In Badges Rather Than Incite Violence Against Standing Rock Protesters,0,police turn badge rather incite violence stand rock protester
The judge immigration foes wanted,1,judge immigration foe want
Madman Merkel Demands the Internet Publicly Release All Closed-Source Code,0,madman merkel demand internet publicly release closed source code
Here's How Obamacare Is Going To Affect Your Taxes,1,obamacare go affect taxis
George Will: Trump's judge comments prompted exit from GOP,1,george trump judge comment prompt exit gop
"Vote as if your life depended upon it, because it does.",0,vote life depend upon
The new argument against gay equality: Same-sex marriage kills,1,new argument gay equality sex marriage kill
Dem convention speeches Day 4: 's Reality Check Team vets the claims,1,dem convention speech day reality check team vet claim
Now Ted Cruz is the enemy: Rupert Murdoch and WSJ open fire in new GOP civil war,1,ted cruz enemy rupert murdoch wsj open fire new gop civil war
"The last days of Washington, D.C.: America can no longer mask its steep decline",1,last day washington america no long mask steep decline
16 Times The Obama Administration Lied About The President's Position On Same-Sex Marriage,1,times obama administration lie president position sex marriage
Alternative Cancer Treatments With Positive Results and Generic-Drug Probe to Be Filed by Year-End,0,alternative cancer treatment positive result generic drug probe file year end
"In Bronx, Sanders voters find more common ground with Trump than Clinton",1,bronx sander voter find common ground trump clinton
The debate moderators missed the opportunity to ask about a real Democratic divide,1,debate moderator miss opportunity ask real democratic divide
Four big takeaways from Trump's 'Acela Primary' triumph,1,four big takeaway trump acela primary triumph
Elite conservative moneymen remain on sidelines,1,elite conservative moneyman remain sideline
Goldman Sachs Endorses Hillary Clinton For President,0,goldman sachs endorse hillary clinton president
Russia carries out new airstrikes in Syria,1,russia carry new airstrike syria
McConnell to Obama: Dems started the SCOTUS wars,1,mcconnell obama dem start scotus war
Pacific Islanders may have DNA of unknown human species,0,pacific islander may dna unknown human specie
WOW! Coláiste Lurgan Sing In English For A Change And It’s Shit,0,wow coláiste lurgan sing english change shit
"TRUMPED: After Deceiving The American People, The New York Times Vows To Start ‘Reporting Honestly’",0,trump deceive american people new york times vow start report honestly
Glenn Reynolds: Donald Trump is the response to a bullying culture,1,glenn reynolds donald trump response bully culture
"Donald Trump, a threat the Founding Fathers foresaw: He proves the need for the Electoral College — and is the best case for superdelegates",1,donald trump threat found father foresaw prove need electoral college good case superdelegate
Dr. Mercola: The Dangers of LED Lights,0,dr mercola dangers lead light
Six Corporations Will Soon Rule the Planet,0,six corporation soon rule planet
FBI Wiretapped Corruption Suspect Discussing Clinton Deals,0,fbi wiretappe corruption suspect discuss clinton deal
Refugees scooped out of Lake Erie,0,refugee scoop lake erie
Re: America Has Become A Lawless Nation – Hillary Clinton Magically Cleared By The FBI,0,america become lawless nation hillary clinton magically clear fbi
White House counterterrorism adviser Rand Beers to retire,1,white house counterterrorism adviser rand beer retire
Why swing voters are vanishing from US politics,1,swing voter vanish us politic
Netanyahu: Obama's Iranian Nuclear Deal Worse Than Israel Feared,1,netanyahu obama iranian nuclear deal bad israel fear
HILLARY PROMISES END TO VIOLENCE THROUGH CIVILIAN DISARMAMENT,0,hillary promise end violence civilian disarmament
"More Evidence Emerges Proving What a Shameless, Crony Fraud Evan Bayh Is",0,evidence emerge prove shameless crony fraud evan bayh
"Research Suggests Gun Background Checks Work, But They're Not Everything",1,research suggest gun background check work not everything
"60 Civilians Killed, 200 Injured As US-Led Airstrikes Hit a School In Iraq",0,civilian kill injure we lead airstrike hit school iraq
Re: OUCH! Hillary Clinton’s self-unaware lecture about religious freedom given important disclaimers,0,ouch hillary clinton self unaware lecture religious freedom give important disclaimer
Ruth Bader Ginsburg Has Perfect Response When Asked About Women On The Supreme Court,1,ruth bader ginsburg perfect response ask woman supreme court
Rick Rule,0,rick rule
"Clinton, Sanders Eclipse Challengers in 1st Debate",1,clinton sander eclipse challenger 1st debate
The most important line in Obama's new National Security Strategy,1,important line obama new national security strategy
Support for marriage equality in Ireland was strikingly broad,1,support marriage equality ireland strikingly broad
Ted Cruz isn't liked in Congress. What could that mean if he's president? (+video),1,ted cruz not like congress could mean president video
Healthcare system bleeds us dry by design,0,healthcare system bleed we dry design
Republicans Warn Iran Against Nuclear Deal With Obama,1,republicans warn iran nuclear deal obama
Bret Baier: FBI Indictment ALMOST certain in Hillary case,0,bret bai fbi indictment almost certain hillary case
"Speaker at Sanders Rally Tells Crowd Not to Vote Clinton, Gets Dragged Off Stage",0,speaker sander rally tell crowd not vote clinton get drag stage
More Reports Of Votes Flipping From Trump To Clinton In Texas ….election Officials Dismiss Concerns… An Ongoing Cbs4 Voter Fraud Investigation Finds People Voting Twice,0,report vote flip trump clinton texas election official dismiss concern ongoing cbs4 voter fraud investigation find people vote twice
Trump Loves 'the Poorly Educated' ... and Social Media Clamors,1,trump love poorly educate social medium clamor
Incredible smoke haze seen outside NDTV office after Arnab quits; bursting of firecrackers suspected,0,incredible smoke haze see outside ndtv office arnab quit burst firecracker suspect
Fascism In India - CounterCurrents.org,0,fascism india countercurrents org
Strategic Culture,0,strategic culture
Do Cholesterol Drugs Have Men By Their Gonads?,0,cholesterol drug man gonad
'HACKING DEMOCRACY' CREATOR JUST EXPOSED HOW HILLARY HAS ALREADY RIGGED '99% of VOTING MACHINES'! -,0,hack democracy creator expose hillary already rig voting machine
Many Popular Tea Bags Contain Alarming Amounts of Deadly Pesticides (avoid these brands like the plague),0,many popular tea bag contain alarming amount deadly pesticide avoid brand like plague
"Even If You Hate Trump, What this Leftist Just Did Is VILE... | The Federalist Papers",0,even hate trump leftist vile federalist paper
"Obama endorses Clinton for president, on heels of Sanders meeting",1,obama endorse clinton president heel sanders meeting
Clinton ‘Not Concerned’ About New Flap Over Classified Emails,1,clinton not concern new flap classified email
Connecticut’s highest court approves forced chemotherapy for teen,1,connecticut high court approve force chemotherapy teen
"He’s getting desperate: Trump’s campaign used to be confident, but Cruz has gotten him feeling downright thirsty",1,get desperate trump campaign use confident cruz get feel downright thirsty
US Military on Ground in Syria Training Opposition for Raqqa Operation,0,us military grind syria training opposition raqqa operation
The Orlando Shooter’s 911 Calls Were Finally Released — and They’re Very Telling,0,orlando shooter call finally release tell
"Obamacare Architect Jonathan Gruber: “Obamacare Is Not Imploding,” “Working As Designed”",0,obamacare architect jonathan gruber obamacare not implode working design
"U-M’s New ‘Chief Diversity Officer’ Will Collect $385,000 per Year",0,new chief diversity officer collect per year
BEARS BEWARE: This Just Hit One Of The Highest Levels In The Past 6 Years!,0,bear beware hit one high level past year
Spirit to thank veterans at annual Veterans Day Parade,0,spirit thank veteran annual veteran day parade
Indiana Gov. Pence backs Cruz for president ahead of state primary,1,indiana gov pence back cruz president ahead state primary
Trump triumphs: Two big takeaways after The Donald wins New York,1,trump triumph two big takeaway donald win new york
PETITION TO STOP GEORGE SOROS VOTING MACHINES HITS 100K,0,petition stop george soros voting machine hit 100k
"Iran nuclear talks: 'Tricky issues' remain, Kerry says",1,iran nuclear talk tricky issue remain kerry say
Hillary Clinton: 'unpatriotic' Donald Trump's praise of Putin is 'scary',1,hillary clinton unpatriotic donald trump praise putin scary
5 Things You Should Know About George Pataki,1,thing know george pataki
A ten point plan to defeat ISIS,1,ten point plan defeat isis
BREAKING: Obama Says There Were No Scandals During His Administration! HAHAHA!,0,break obama say no scandal administration hahaha
The Oregon standoff and America’s double standards on race and religion,1,oregon standoff america double standard race religion
Former Marine guilty of murder in 'American Sniper' trial,1,former marine guilty murder american sniper trial
Thanksgiving lessons for the Syrian refugee debate,1,thanksgiving lesson syrian refugee debate
WIKILEAKS BOMBSHELL : Chelsea Clinton Used Foundation CHARITY Money for Her LAVISH Wedding and “Life” – TruthFeed,0,wikileak bombshell chelsea clinton use foundation charity money lavish wedding life truthfeed
The Most Important Concepts The Manosphere Taught Me,0,important concept manosphere teach
"When Obama Admin Went After Banks, It Forced Them to Give Big Money to Some...Questionable Groups",0,obama admin go bank force give big money questionable group
Links 10/28/16,0,link
Turkey Says It Shot Down A Russian Warplane Near Border With Syria,1,turkey say shot russian warplane near border syria
"Trump Brings Message of Faith, Unity to Black Church",1,trump bring message faith unity black church
Obamacare's unlikely No. 1 city,1,obamacare unlikely no city
"Surveillance ""Reforms"" Allow NSA Greater Access Than Ever to Phone Data",0,surveillance reform allow nsa great access ever phone datum
Why did Obama send another 450 trainers to Iraq? (+video),1,obama send another trainer iraq video
GERMANY: Parents outraged after German primary school ‘forces’ children to chant “Allahu Akbar” and “there is no God but Allah” in Muslim prayer,0,germany parent outraged german primary school force child chant allahu akbar no god allah muslim prayer
Sanders gets the fight he wanted,1,sander get fight want
Is Clinton ready for the Wild West campaign of Donald Trump?,1,clinton ready wild west campaign donald trump
ISIS Suspected in Russia Crash: What It Means,1,isis suspect russia crash mean
Political world's eyes on New Hampshire,1,political world eye new hampshire
Vladimir Putin: The United States continues to sleep with al-Nusra,0,vladimir putin united states continue sleep al nusra
"ObamaCare fallout? Supreme Court ruling sets up potential Obama, GOP battle",1,obamacare fallout supreme court ruling set potential obama gop battle
Comey Letter Hurts GOP As Hillary Clinton Raised $11.3 Million Online In 72 Hours,0,comey letter hurt gop hillary clinton raise million online hour
Constitutional Law Expert: Comey Did NOT Violate Law By Announcing Email Investigation,0,constitutional law expert comey not violate law announce email investigation
Rubio looks to April 13 Miami launch,1,rubio look april miami launch
"The plight of the bitter nerd: Why so many awkward, shy guys end up hating feminism",1,plight bitter nerd many awkward shy guy end hat feminism
Drones Are Officially Cleaning Up Ocean Trash [Watch],0,drone officially clean ocean trash watch
"Clinton, judged winner of debate, holds big national lead over Sanders",1,clinton judge winner debate hold big national lead sander
"As Clinton builds on a strong debate, Trump lobs attacks and complaints",1,clinton build strong debate trump lobs attack complaint
"White House, Republicans work together in final push on trade bill",1,white house republicans work together final push trade bill
French police swarm forest 'larger than Paris' in hunt for Charlie Hebdo jihadist assassins,1,french police swarm forest large paris hunt charlie hebdo jihadist assassins
Bergdahl's platoon mates: Head of Joint Chiefs knew he walked off base in 2009,1,bergdahl platoon mate head joint chief know walk base
FBI reopens Hillary investigation – with evidence from Anthony Weiner sexting scandal,0,fbi reopen hillary investigation evidence anthony weiner sexte scandal
"After political upheaval in Iowa, what next? (+video)",1,political upheaval iowa next video
Don’t Miss This Once in a Lifetime November Supermoon,0,don miss lifetime november supermoon
Iceland’s Pirate Party Makes Strong Showing in New Election,0,iceland pirate party make strong show new election
The GOP’s pathetic SCOTUS games: Why its Merrick Garland obstruction just got even more embarrassing,1,gop pathetic scotus games merrick garland obstruction get even embarrassing
US Secret Service Struggles To Find Recruits Who Haven’t Used Adderall,0,us secret service struggle find recruit haven use adderall
WikiLeaks: Clintons Purchase $200 Million Maldives Estate,0,wikileak clinton purchase million maldive estate
BREAKING: Police Raid Democratic Office – Hillary is SCREWED!,0,break police raid democratic office hillary screw
Poll: Trump Reaches 50 Percent Support Nationally for the First Time,1,poll trump reach percent support nationally first time
“Well It Was Nice While It Lasted” – Democracy,0,well nice last democracy
Everything you need to know about the next Democratic debate,1,everything need know next democratic debate
Rivals pile on Trump in Republican candidates’ debate,1,rival pile trump republican candidate debate
"The inane spectacle of the GOP debate: Cruz the showboating creep, Rubio the slick operator & Bush the desperate flop",1,inane spectacle gop debate cruz showboate creep rubio slick operator bush desperate flop
Have The Sun really darkened the image of Brexit legal challenge winner Gina Miller?,0,sun really darken image brexit legal challenge winner gina miller
"Official: Withheld Clinton emails contain 'operational' intel, put lives at risk",1,official withhold clinton email contain operational intel put life risk
White House facing rocky legal road on immigration,1,white house face rocky legal road immigration
"Capitalism, climate change and the Anthropecene",0,capitalism climate change anthropecene
ELECTION EVE BOMBSHELL : Wikileaks Reveals Analysts at Intelligence Firm Believe Hillary Killed Vince Foster – TruthFeed,0,election eve bombshell wikileak reveal analyst intelligence firm believe hillary kill vince foster truthfeed
Foods & Supplements For Chemtrail Protection,0,food supplement chemtrail protection
BREAKING: DOJ FINALLY Secures Warrant To Inspect Huma’s Emails | Daily Wire,0,break doj finally secure warrant inspect huma email daily wire
Why Michelle Obama has a prime spot at the Democratic National Convention,1,michelle obama prime spot democratic national convention
BOMBSHELL: Leaked Emails Expose How Muslims Got In Obama’s Administration,0,bombshell leak email expose muslim get obama administration
"GOP governors are on the fast track to nowhere: Jindal, Christie & Kasich aren’t long for this world",1,gop governor fast track nowhere jindal christie kasich aren long world
Anxiety and Worry Increase Risk of Heart Disease,0,anxiety worry increase risk heart disease
Will The Real Donald Trump Please Stand Up?,1,real donald trump please stand
Only Geniuses & Schizophrenics Can Pass This 3 Question Quiz! - David Avocado Wolfe - DavidWolfe.com,0,genius schizophrenic pass question quiz david avocado wolfe davidwolfe com
Seven Christian Leaders Who Are Not Supporting Donald Trump,1,seven christian leader not support donald trump
Abedin & Weiner to Testify Against Clinton,0,abedin weiner testify clinton
"Despite Black Lives Matter, young black Americans aren’t voting in higher numbers",1,despite black life matter young black americans aren vote high number
First Presidential Debate of 2016 Over But Who Won?,1,first presidential debate win
Now it is USA Today Lying to us that the Anti-Trump Protests are Spontaneou,0,usa today lie we anti trump protest spontaneou
Clinton Campaign In FULL PANIC After Bill’s Alleged Son Makes DEMAND That Would HUMILIATE Them,0,clinton campaign full panic bill allege son make demand would humiliate
Police threaten eviction 'at any time' as Dakota Access protesters refuse to leave private land,0,police threaten eviction any time dakota access protester refuse leave private land
West Virginia primary takes backseat to Trump's battle with Republicans,1,west virginia primary take backseat trump battle republican
11 Things To Let Go Of Before The New Year,0,thing let go new year
Khodorkovsky: Putin is not going to cozy up to Washington,0,khodorkovsky putin not go cozy washington
Creating an Anti-Muslim Bias at a Canadian University,0,create anti muslim bias canadian university
Cruz Raises $20 Million In Fourth Quarter,1,cruz raise million fourth quarter
Judith Miller: It’s what was left unsaid in Trump’s speech that matters most,1,judith miller leave unsaid trump speech matter
States look at hiking gas tax as fuel prices plunge,1,state look hike gas tax fuel price plunge
"For some Republicans, Trump presents moral dilemma",1,republicans trump present moral dilemma
"Obamacare Enrollments Hit Nearly 12 Million, Top Health Official Says",1,obamacare enrollment hit nearly million top health official say
The Powerful Act Immoral as they Also Suffer from Herd Mentality,0,powerful act immoral also suffer herd mentality
Megyn Kelly is an evil genius: How the Fox News host won America’s trust (by being slightly less horrible),1,megyn kelly evil genius fox news host win america trust slightly less horrible
How Congress is giving new life (and scope) to 'brinkmanship',1,congress give new life scope brinkmanship
Obama Secures Enough Support For Iran Deal In Congress,1,obama secure enough support iran deal congress
Mrs. Weiner,0,mrs weiner
More Footage Of Operation High Jump With Hitler!,0,footage operation high jump hitler
SWEDEN HELP WANTED: Activities Coordinator for bored illegal alien Muslim freeloaders and rapists,0,sweden help want activity coordinator bore illegal alien muslim freeloader rapist
Saudis Foil ISIS Terror Attacks on Packed Stadium,0,saudis foil isis terror attack pack stadium
"The press, feeling the Bern, suddenly weighs whether Sanders could derail Hillary",1,press feeling bern suddenly weigh whether sander could derail hillary
“My Trampoline Addiction Hell” Buster The Boxer Tells All,0,trampoline addiction hell buster boxer tell
Theresa May refuses to withdraw support for Saudi Arabia,0,theresa may refuse withdraw support saudi arabia
Holding the Light: Visualizing the Future,0,hold light visualize future
Obama: Paris terror rampage a ‘setback’,1,obama paris terror rampage setback
Canada and EU sign ‘thoroughly undemocratic’ CETA trade deal,0,canada eu sign thoroughly undemocratic ceta trade deal
"Hey, Berniacs: I Learned to Love Hillary and So Can You",1,hey berniac learn love hillary
Thomas Sowell Delivers the BRUTAL Truth About Understanding Politics | The Federalist Papers,0,thomas sowell deliver brutal truth understand politic federalist paper
New Senate is just like the old Senate,1,new senate like old senate
"Jeb Bush previews 2016 run, promising ‘adult conversations’ on big issues",1,jeb bush preview run promise adult conversation big issue
GOVERNMENT HIDING UNPRECEDENTED TB INFECTION RATES AMONG RELOCATED REFUGEES,0,government hide unprecedented tb infection rate among relocate refugee
The India-Russia Alliance Isn't Going Anywhere Because It's Underpinned by Values as Well as Interests - Nabarun Roy,0,india russia alliance not go anywhere underpin value well interest nabarun roy
Is Robert Mugabe on his deathbed? UK planning for transition phase in Zimbabwe,0,robert mugabe deathbe uk planning transition phase zimbabwe
Why Democrats are anxious,1,democrats anxious
Obama has rare parliamentary window to make recess appointment to succeed Scalia,1,obama rare parliamentary window make recess appointment succeed scalia
The Zika Virus Is Harmless. It Does Not Cause Birth Defects (Bill Gates Releasing GM Mosquitoes Anyway),0,zika virus harmless not cause birth defect bill gate release gm mosquito anyway
"Russia Extends Aleppo Ceasefire Through Friday, Urges Rebels to Leave",0,russia extend aleppo ceasefire friday urge rebel leave
Boycott targets Trump family on retail front,0,boycott target trump family retail front
Clinton says U.S. is ‘not winning’ the war against the Islamic State,1,clinton say not win war islamic state
"Patriot Act debate highlights ‘stark’ differences between 2001, 2015 views",1,patriot act debate highlight stark difference view
Merkel brings shuttle diplomacy to White House,1,merkel bring shuttle diplomacy white house
"Fox News is self-destructing: Islamophobia, Obama’s Reagan moment and Roger Ailes’s new humiliation",1,fox news self destruct islamophobia obama reagan moment roger ail new humiliation
DNC To Sue Trump For Telling Truth: Trump Admits Everything Is A Lie,0,dnc sue trump telling truth trump admit everything lie
Hillary Clinton To Decide On 2016 Run 'Sometime Next Year',1,hillary clinton decide run sometime next year
Ukraine just officially declared itself an illegitimate state up for grabs,0,ukraine officially declare illegitimate state grab
Vegan Custard Stuffed Pumpkin Recipe,0,vegan custard stuff pumpkin recipe
Hillary emails 'whitelisted' for Obama's BlackBerry,0,hillary email whiteliste obama blackberry
"Kerry marks opening of US Embassy in Havana, critics rip 'diplomacy for show'",1,kerry mark open us embassy havana critic rip diplomacy show
The religious right’s No. 1 enemy: What Pope Francis’ recognition of Palestine really means,1,religious right no enemy pope francis recognition palestine really mean
"A Materialist Analysis of Why I am Voting Green, and Why the Left Should Do the Same",0,materialist analysis vote green leave
The 8 Biggest Threats to Humanity Exposed,0,big threat humanity expose
Comment on Censored News: Black woman kills 12 y.o. white boy with blow torch by TNB – PA,0,comment censor news black woman kill white boy blow torch tnb pa
Verified Report: These Cops Left Standing Rock and Refuse to Return,0,verify report cop leave stand rock refuse return
Sabotaging Common Core,1,sabotage common core
Church shooting suspect Dylann Roof captured amid hate crime investigation,1,church shoot suspect dylann roof capture amid hate crime investigation
Donald Trump's Stunning Upset,1,donald trump stunning upset
Take a deep breath. The Republican contest still has another month to go.,1,take deep breath republican contest still another month go
"FACT CHECK: Donald Trump's Republican Convention Speech, Annotated",1,fact check donald trump republican convention speech annotate
Iraq announces counterattack against ISIS in Anbar province,1,iraq announce counterattack isis anbar province
Obama pledges faster action on new icebreakers to keep up in Arctic,1,obama pledge fast action new icebreaker keep arctic
US flag flies again in Cuba: How much real change is coming to the country? (+video),1,us flag fly cuba much real change come country video
Links 11/5/16 | naked capitalism,0,link naked capitalism
Life: 6 Great Halloween Costume Ideas For Duos,0,life great halloween costume idea duos
The Ruthlessly Effective Rebranding of Europe’s New Far Right,0,ruthlessly effective rebrande europe new far right
Behind Hillary’s DISGUSTING Plot To Sabotage Bernie’s Campaign,0,behind hillary disgusting plot sabotage bernie campaign
"Normalizing Trump, demonizing Hillary: The media’s shameful strategy for the 2016 election",1,normalizing trump demonizing hillary medium shameful strategy election
The Problems With Facebook’s Polarization Study,1,problem facebook polarization study
Hillary Already Planning Fireworks for Victory Celebration,0,hillary already plan firework victory celebration
Michelle Obama reflects on pressure she felt in '08,1,michelle obama reflect pressure feel
California governor signs bill to automatically register people to vote,1,california governor sign bill automatically register people vote
Trump: Undocumented Children Aren't US Citizens,1,trump undocumented child not we citizen
Will Barack Obama Delay Or Suspend The Election If Hillary Is Forced Out By The New FBI Email Investigation?,0,barack obama delay suspend election hillary force new fbi email investigation
Democratic debate: Is Clinton or Sanders the real New Yorker? (+video),1,democratic debate clinton sander real new yorker video
Iraqi Christians Return to Charred Churches Captured from ISIS,0,iraqi christians return charred church capture isis
The Tomb of Jesus Revealed,0,tomb jesus reveal
How Trump's campaign chief got a strongman elected president of Ukraine,1,trump campaign chief get strongman elect president ukraine
"Project Veritas 4: Robert Creamer's Illegal $20,000 Foreign Wire Transfer Caught On Tape",0,project verita robert creamer illegal foreign wire transfer catch tape
Why the GOP Primary Could Be Even Crazier Than You Think,1,gop primary could even crazier think
Chris Christie fades into darkness,1,chris christie fade darkness
Mitt Romney Refuses to Support Trump: “I Keep Hoping That Somehow Things Will Get Better”,1,mitt romney refuse support trump keep hop somehow thing get well
Rush Limbaugh: Left Has 'Fear and Hatred of Christianity',1,rush limbaugh leave fear hatred christianity
"BRINK OF WAR: UK sends TANKS, DRONES and 800 SOLDIERS to Russian border as tensions grow",0,brink war uk send tank drone soldier russian border tension grow
Advocates Aim to Expand Gay Rights at State Level,1,advocate aim expand gay right state level
Best of Luck With the Wall,0,good luck wall
George W. Bush reportedly rips Ted Cruz to Jeb Bush donors,1,george bush reportedly rip ted cruz jeb bush donor
"Donald Trump, Peacenik President?       : Information",0,donald trump peacenik president information
Merkel: Worried about Islamisation? Just Sing Christmas Carols,0,merkel worry islamisation sing christmas carol
Trump's abortion answer confirms GOP fears,1,trump abortion answer confirm gop fear
Donald Trump in the hunt for a VP: Who's got the golden ticket?,1,donald trump hunt vp get golden ticket
Obama bans some military equipment sales to police,1,obama ban military equipment sale police
Boehner allies downplay GOP rifts,1,boehner ally downplay gop rift
THE RIG IS IN: CROOKED HILLARY’S CROOKED VOTING MACHINES,0,rig crook hillary crooked voting machine
"Libertarian Party VP insults Trump, practically endorses Clinton",0,libertarian party vp insult trump practically endorse clinton
The 2016 ballot wars begin,1,ballot war begin
Putting Presidential Polls in Perspective,1,put presidential poll perspective
Netanyahu rival concedes defeat,1,netanyahu rival concede defeat
Walter Scott's family plans burial,1,walter scott family plans burial
Silver And Gresham’s Law,0,silver gresham law
Starbucks baristas stop writing 'Race Together' on cups,1,starbucks barista stop write race together cup
House GOP leaders unveil two-year budget deal with White House,1,house gop leader unveil two year budget deal white house
The Edge: Iowa loss turns down Trump's volume in N.H.,1,edge iowa loss turn trump volume
Sex Differences in the Right Tail of Cognitive Abilities: An Update and Cross Cultural Extension,0,sex difference right tail cognitive ability update cross cultural extension
“Idiocy”: New York Times editorial board scorches GOP’s nuclear sabotage,1,idiocy new york times editorial board scorch gop nuclear sabotage
Six cities submit bids to host 2016 Democratic National Convention,1,six city submit bid host democratic national convention
Chris Christie landslide: Template for a Republican presidential win in 2016? (+video),1,chris christie landslide template republican presidential win video
What Happened to the FBI?,0,happen fbi
The Dangers Of Romantic Love,0,danger romantic love
Clinton Camp Tries to Deflect Suspicion as FBI Reopens Email Case,1,clinton camp try deflect suspicion fbi reopen email case
Obama ties his fate to Iran nuclear deal,1,obama tie fate iran nuclear deal
Will Trump's presidency change the way America views Russia?,0,trump presidency change way america view russia
What advantages does Scott Walker offer?,1,advantage scott walker offer
15 Secret iPhone Codes And Tricks,0,secret iphone code trick
Draft-Dodger Trump Said Sleeping Around Was My ‘Personal Vietnam’,1,draft dodger trump say sleep around personal vietnam
Prime Minster John Key caught channeling millions of dollars of taxpayer's money to 'ethically compromised' Clinton Foundation,0,prime minster john key catch channel million dollar taxpayer money ethically compromise clinton foundation
Media Dig the Grave for Self-Government,0,medium dig grave self government
Nigel Farage held at Heathrow on return from Trump visit due to ‘mysterious brown substance’ on nose,0,nigel farage hold heathrow return trump visit due mysterious brown substance nose
Paul Ryan Says Government Won't Shut Down Because Republicans Are In Control,1,paul ryan say government not shut republicans control
BREAKING : After Embarrassingly Low Turnout at Ohio Rally Tim Kaine Cancels Florida Rally – TruthFeed,0,break embarrassingly low turnout ohio rally tim kaine cancel florida rally truthfeed
Clinton clearing primary field for potential 2016 run could leave her vulnerable,1,clinton clear primary field potential run could leave vulnerable
Seth Meyers Takes ‘A Closer Look’ At The GOP’s Threats Against Hillary And It’s Terrifying! (VIDEO),0,seth meyer take close look gop threat hillary terrifying video
YIKES! Megyn Kelly Receives RUDE AWAKENING- Reminded She’s REPLACEABLE!,0,yike megyn kelly receive rude awakening remind replaceable
"[WATCH] Univ Of Alabama Students Try To Protest National Anthem, Then A Veteran Shows Up",0,watch univ alabama student try protest national anthem veteran show
"Insider Leaks Bill’s 2-Word Nickname For Hillary, Exposes Dirty Bad Habits",0,insider leak bill word nickname hillary expose dirty bad habit
WIKILEAKS: Emails Show Clinton Collusion Between State Department And DOJ,0,wikileak email show clinton collusion state department doj
The Daily 202: Bill Clinton’s argument with Black Lives Matter protesters is 2016’s Sister Souljah Moment,1,daily bill clinton argument black life matter protester sister souljah moment
Last Stand For ISIS?,0,last stand isis
Russia’s Most Potent Weapon: Rapidly “Hoarding Gold” As Global Currency War Is Upon Us,0,russia potent weapon rapidly hoard gold global currency war upon we
"What divides America? This weekend, it was a Chicago street.",1,divide america weekend chicago street
Police arrest 141 in crackdown on North Dakota pipeline protesters,0,police arrest crackdown north dakota pipeline protester
Is the Supreme Court poised for a shift to the right?,1,supreme court poise shift right
Russia plans to test elements of new nuclear engine on ISS,0,russia plan test element new nuclear engine iss
Trump Is Deadbeating On His Campaign Debts By Refusing To Pay His Own Pollster,0,trump deadbeate campaign debt refuse pay pollster
"Racists, Misogynists and Homophobes all absolutely delighted",0,racist misogynist homophobe absolutely delight
How Last Night's Gary Johnson/William Weld CNN Town Hall Was a Disappointment in Libertarian Terms,1,last night gary johnson william weld cnn town hall disappointment libertarian term
"Trump, Clinton meet again at 'humorous' Al Smith dinner",1,trump clinton meet humorous al smith dinner
"DEAD MUSLIMS SOCIETY will sue to force small Massachusetts town to allocate space for 16,000 dead Muslims",0,dead muslims society sue force small massachusetts town allocate space dead muslim
Why the way we pick our VPs is terrible,1,way pick vps terrible
Microsoft Outlook to introduce ‘Hillary’ button to delete emails ‘en masse’,0,microsoft outlook introduce hillary button delete email en masse
Iraq's Al-Abadi making in-person appeal to Obama for financial help,1,iraq al abadi make person appeal obama financial help
Trump Continues His Embrace of Putin,1,trump continue embrace putin
Trump RNC manager: 'Winning isn't enough',1,trump rnc manager win not enough
Christian Pastor Jailed by Iran Reveals STUNNING Truth About Trump,0,christian pastor jailed iran reveal stunning truth trump
Will any of Obama's ISIS proposals succeed?,1,any obama isis proposal succeed
It Looks Like George Soros Is Funding The Trump Protests Just Like He Funded The Ferguson Riots,0,look like george soros funding trump protest like fund ferguson riot
Speaker Paul Ryan: Let's live in the Christmas spirit,1,speaker paul ryan let we live christmas spirit
Russia to test new anti-tank guided missiles in Syria,0,russia test new anti tank guide missile syria
The Top 100 WikiLeaks That Should Destroy Hillary’s Campaign [LIST],0,top wikileak destroy hillary campaign list
Cruz Says Fate of Homeland Security in GOP Leadership’s Hands,1,cruz say fate homeland security gop leadership hand
Hillary Lies About Her Whereabouts On 9/11,0,hillary lie whereabout
Michael Moore’s ‘Morning After To-Do List’ Is Going Viral – Maybe This Time We Will Listen,0,michael moore morning list go viral maybe time listen
The Daily 202: Why blocking Obama’s pick to replace Scalia could cost Republicans their Senate majority,1,daily block obama pick replace scalia could cost republicans senate majority
Comment on Armed Militias Prepping for Violence if Clinton Wins in “Stolen Election” by Joel W,0,comment armed militia preppe violence clinton win steal election joel
"New Pew Report: Significant Economic Impact of Illegals' ""Anchor Babies""",0,new pew report significant economic impact illegal anchor baby
13 Year Old Girl’s Rousing Speech: “If Donald Trump Had A Brick For Every Lie Hillary Has Told He Could Build Two Walls”,0,year old girl rouse speech donald trump brick every lie hillary tell could build two wall
Mitt Romney still has a Mormon problem,1,mitt romney still mormon problem
EndingFed News Network | Syndicated news and opinion website providing continuously updated headlines to top news and analysis sources.,0,endingfed news network syndicate news opinion website provide continuously update headline top news analysis source
"Russia launches airstrikes in northern Syria, senior military official says",1,russia launch airstrike northern syria senior military official say
Angelina Jolie’s Father Speaks Out Against Illuminati,0,angelina jolie father speak illuminati
How to watch tonight's Republican debate,1,watch tonight republican debate
"Kerry: World leaders take step to end Syria war and spreading terror concerns, but disagreements persist",1,kerry world leader take step end syria war spread terror concern disagreement persist
Oathkeeper Chapter 8,0,oathkeeper chapter
Here's your intent! Hillary Intentionally Erased Emails - Wikileaks,0,intent hillary intentionally erase email wikileak
Trump Has Gotten The Republican Party Sued For Trying To Intimidate Voters,0,trump get republican party sue try intimidate voter
Are private unions cooling toward Democrats?,1,private union cool toward democrat
Can the great nuclear war be prevented ?,0,great nuclear war prevent
Obama Chief Of Staff: Israel's 50-Year 'Occupation' Must End,1,obama chief staff israel year occupation must end
Biden probably won’t beat Clinton. He should run anyway.,1,biden probably win beat clinton run anyway
How Hillary Clinton Locked Up The Democratic Nomination In 10 Steps,1,hillary clinton lock democratic nomination step
Muslims Terrorize Hindus Because It's Wednesday,0,muslims terrorize hindus wednesday
Carly Fiorina says ‘higher than 90 percent’ chance she’ll run for GOP presidential nomination,1,carly fiorina say high percent chance run gop presidential nomination
Hillary Clinton’s Wall Street Fundraising Benefited From Loophole In Federal Anti-Corruption Rule,0,hillary clinton wall street fundraising benefit loophole federal anti corruption rule
Gay Marriage Fight in Kentucky Likely Not the Last Battleground,1,gay marriage fight kentucky likely not last battleground
A Christmas Story / There Is No Better Purpose Than To Serve Others.,0,christmas story no well purpose serve other
Welcome to the ‘Islamic State of Germany’,0,welcome islamic state germany
"After stumbles, Trump seeks to avert damaging loss in Wisconsin",1,stumble trump seek avert damage loss wisconsin
Bush and Romney: Ready to rumble?,1,bush romney ready rumble
Liberals poised to give Obama a win on Iran,1,liberal poise give obama win iran
Get Ready For Civil Unrest: Survey Finds That Most Americans Are Concerned About Election Violence,0,get ready civil unrest survey find americans concerned election violence
"Veto, filibuster threats ahead of vote next week to fund Homeland Security, roll back executive actions",1,veto filibuster threat ahead vote next week fund homeland security roll back executive action
Is Global Warming “An Inconvenient Lie”?,0,global warming inconvenient lie
Trump's Election Marks the End of Liberal Capitalism,0,trump election mark end liberal capitalism
Russia suggests joint engineering troops’ drills with India,0,russia suggest joint engineering troop drill india
Military Veterans Are Helping To Save Coral Reefs By Combating Climate Change,0,military veteran help save coral reef combat climate change
Trump: Israel is a ray of hope to the world,0,trump israel ray hope world
"Along the migrant trail, pressure grows to close Europe’s open borders",1,along migrant trail pressure grow close europe open border
"News: Inspiring: When This Woman Was Feeling Too Lazy To Vote, Her Ovaries Burst Out Of Her Body And Dragged Her To The Polling Place",0,news inspire woman feel lazy vote ovary burst body drag polling place
Smart Meter Case Testimony Before the Pennsylvania Public Utility Commission: What No One Wants to Acknowledge About EMF Damage (Part 2 of 4),0,smart meter case testimony pennsylvania public utility commission no one want acknowledge emf damage part
Reporters Stunned to Learn Trump Fans Lining Up 12 Hours Before Rally Starts,0,reporter stun learn trump fan line hour rally start
IOWA FARMER CLAIMS BILL CLINTON HAD SEX WITH COW DURING ‘COCAINE PARTY’,0,iowa farmer claim bill clinton sex cow cocaine party
Republicans Reject Calls on Guantanamo Bay Closure,1,republicans reject call guantanamo bay closure
GOP elites are now resigned to Donald Trump as their nominee,1,gop elite resign donald trump nominee
Trump's Indiana win raises unsettling questions for GOP,1,trump indiana win raise unsettling question gop
Cypriot leaders to continue talks in November: UN,0,cypriot leader continue talk november un
"Freed Al Qaeda operative floated as part of prisoner swap, ex-diplomat says",1,free al qaeda operative float part prisoner swap ex diplomat say
This Viral Video Has Hillary Running Scared,0,viral video hillary run scared
"Comment on After Sweeping Election, First Thing Trump Invites Netanyahu to U.S. for Meeting by Debbie Menon",0,comment sweep election first thing trump invite netanyahu meeting debbie menon
"Obama to keep 5,500 US troops in Afghanistan beyond 2016",1,obama keep we troop afghanistan beyond
Family Remembers Queens Sucker Punch Victim ‘He Was The Best Man I Knew’,0,family remember queen sucker punch victim good man know
Black Americans Going For Donald Trump In Record Numbers As Election Day Approaches,0,black americans go donald trump record number election day approach
Success against ISIS requires a team of teams,1,success isis require team team
"The Edge: Cruz, Trump get media attention post-Paris",1,edge cruz trump get media attention post paris
NY police investigate possible sighting of escaped prisoners,1,ny police investigate possible sighting escape prisoner
“He and I Haven’t Spoken”: Trump and Pence Are Having a Very Public Couple’s Argument,1,haven speak trump pence public couple argument
FBI Director may be sacked for intrusion into elections,0,fbi director may sack intrusion election
Fault lines: GOP civil war deepens,1,fault line gop civil war deepen
"Clinton, under fire for oil and gas donations, once hit Obama for same reason",1,clinton fire oil gas donation hit obama reason
His rivals are saying the same thing in different ways: Marco Rubio is weak,1,rival say thing different way marco rubio weak
The Genocide of Indigenous Peoples in North America and Palestine-Israel - American Herald Tribune,0,genocide indigenous people north america palestine israel american herald tribune
Checkmating Obama,0,checkmate obama
September New Homes Sales Rise——-Back To 1992 Level!,0,september new home sale rise back level
Why The Obamacare Doomsday Cult Can't Admit It's Wrong,1,obamacare doomsday cult can not admit wrong
"Sanders, Cruz resist pressure after NY losses, vow to fight to conventions",1,sanders cruz resist pressure ny loss vow fight convention
"Surviving escaped prisoner likely fatigued and prone to mistakes, police say",1,survive escape prisoner likely fatigue prone mistake police say
Clinton and Sanders neck and neck in California primary,1,clinton sanders neck neck california primary
Hillary’s Crime Family: End Of Days For The U.S.A.,0,hillary crime family end day
"Why pundits, politicians and the press hate Ted Cruz",1,pundit politician press hate ted cruz
"WSJ Report Not About Black Rapists At Baylor, But Strictly About The White Guys Who Covered Up For Them",0,wsj report not black rapist baylor strictly white guy cover
The ‘Two-Party Racket’ Is Incapable of Dealing With Our Present Crises,0,two party racket incapable deal present crisis
"Just the Beginning? Religious Freedom, Gay Rights Battle Turns Ugly",1,begin religious freedom gay right battle turn ugly
Ten inconsistencies in Donald Trump's big foreign policy address,1,ten inconsistency donald trump big foreign policy address
John Podesta’s New Global Order,0,john podesta new global order
"White Kids Get Medicated When They Misbehave, Black Kids Get Suspended — or Arrested",1,white kid get medicate misbehave black kid get suspend arrest
Talk radio rallies around Ted Cruz,1,talk radio rally around ted cruz
Footage shows suspects in Brussels attack,1,footage show suspect brussels attack
More on Trump’s Populism and How It Can Be Controlled By Government,0,trump populism control government
Donald Trump’s Nightmare Comes True 10 Days Before Election – This Could Ruin EVERYTHING!,0,donald trump nightmare come true day election could ruin everything
Memo to Comey: Keep Your Damn Hands Off Our Elections,0,memo comey keep damn hand election
"Comment on Boy says farewell to best friend, 91-year-old World War II vet from next door by Joe",0,comment boy say farewell good friend year old world war ii vet next door joe
You Won’t Believe What This Congressman is Planning To Do If Trump Loses (VIDEO),0,win believe congressman planning trump lose video
Rutgers Student Fired from Campus Newspaper After Writing ‘Illegal Alien’ in Column,0,rutgers student fire campus newspaper write illegal alien column
Why Sanders supporters cannot back Gary Johnson: His libertarianism is antithetical to the senator’s Democratic socialism,1,sanders supporter can not back gary johnson libertarianism antithetical senator democratic socialism
Paul Ryan’s biggest early challenge: Finding a ‘routine’ as House speaker,1,paul ryan big early challenge find routine house speaker
This letter from Manchester City Council is a strong contender for facepalm of the year,0,letter manchester city council strong contender facepalm year
The SPLC’s Libelous New Report on 'Anti-Muslim Extremists',0,splc libelous new report anti muslim extremist
"Obama Administration Mandate Ordering ""Sex Change"" Surgeries Is Challenged",0,obama administration mandate order sex change surgery challenge
Barack Obama says memory of Hiroshima 'must never fade',1,barack obama say memory hiroshima must never fade
Good News! First Sanctuary For Abused Circus Elephants Opens In Brazil,0,good news first sanctuary abuse circus elephant open brazil
"Al Qaeda leaders say group near collapse amid rise of ISIS, report claims",1,al qaeda leader say group near collapse amid rise isis report claim
Who’s ruling out a 2016 bid?,1,rule bid
Abortion gaffes show Trump is the left-wing caricature of a conservative,1,abortion gaffe show trump left wing caricature conservative
The Dream Team Of Hillary Clinton and Michelle Obama Fire Democrats Up In North Carolina,0,dream team hillary clinton michelle obama fire democrats north carolina
"Dana Perino: Conservatives, here are 5 reasons why we should accept Facebook's olive branch",1,dana perino conservatives reason accept facebook olive branch
Anonymous World War 3 Has Begun!,0,anonymous world war begin
How the GOP Went South,1,gop go south
War on the Streets of Paris: Armed Migrants Fight Running Battles in the French Capital,0,war street paris armed migrant fight run battle french capital
'There's No Case Here.' Clinton Defiant amid Email Probe,1,no case clinton defiant amid email probe
Donald Trump’s RNC 2016 Speech Packed With Lies And Shady Stats,1,donald trump rnc speech pack lie shady stat
Live from New Hampshire: They’re all here,1,live new hampshire
The Supreme Court is just as polarized as the rest of US politics – and this may have profound implications.,1,supreme court polarize rest us politic may profound implication
BREAKING: Putin Issues Massive Warning to the West,0,break putin issue massive warning west
"130,000 Americans demand to forbid Soros manipulate elections",0,americans demand forbid soros manipulate election
Dennis Kucinich’s Extraordinary Warning on D.C.’s Think Tank Warmongers,0,dennis kucinich extraordinary warning think tank warmonger
Civil War Historian: Election 2016 could lead bloody repeat,0,civil war historian election could lead bloody repeat
WikiLeaks: Look Who The Clinton Camp Most Wants to Please,0,wikileak look clinton camp want please
Welcome to the Trump World Order      : Information,0,welcome trump world order information
"Will Cruz, Sanders Victories Lead to Contested Conventions?",1,cruz sander victory lead contested convention
Iranians had every right to take over US embassy | Veterans Today,0,iranian every right take we embassy veteran today
Today is the day! | Opinion - Conservative,0,today day opinion conservative
"Life: Move Over, SoulCycle: This Spin Studio Motivates Its Students By Hooking Up Each Bike To A Sick Child’s Life Support",0,life move soulcycle spin studio motivate student hook bike sick child life support
How To Choose The Best Batteries For Prepper Solar Systems,0,choose good battery prepper solar system
"After Obama changes tack on Syria, what would the presidential candidates do?",1,obama change tack syria would presidential candidate
State Department won’t rule out $50B ‘signing bonus’ for Iran,1,state department win rule 50b signing bonus iran
White House willing to sign compromise Iran bill,1,white house willing sign compromise iran bill
The toughest job in American politics? Defending Hillary Clinton,1,tough job american politic defend hillary clinton
Explosive Assange/Pilger Interview on US Election: Expect Riots if Hillary Wins,0,explosive assange pilger interview us election expect riot hillary win
Hillary's Hypocrisy On Sexual Assault BRUTALLY Exposed | The Federalist Papers,0,hillary hypocrisy sexual assault brutally expose federalist paper
Latino Vote Poll: Some Would Consider A Republican In 2016,1,latino vote poll would consider republican
Cruz announces Fiorina as choice for running mate,1,cruz announce fiorina choice run mate
Corporate Army smashes Dakota barbarians near lucrative pipeline,0,corporate army smash dakota barbarian near lucrative pipeline
"After terrorizing America with Zika scaremongering, Washington Post now admits Zika virus doesn’t cause brain deformities after all",0,terrorize america zika scaremongere washington post admit zika virus doesn cause brain deformity
Do voters care about more Trump tapes?,1,voter care trump tape
The Set-Up For Gold & Silver: CARNAGE in the Bond Market Pre-Cursor to Market Crash? | Eric Sprott,0,set gold silver carnage bond market pre cursor market crash eric sprott
"Trump Mistakes Ex-Marine Black Supporter For Protester, Calls Him A ‘Thug’ (TWEET/VIDEO)",0,trump mistake ex marine black supporter protester call thug tweet video
Russia celebrates a Unity Day of liberation of Moscow from the Polish Roman Papists army in 1612,0,russia celebrate unity day liberation moscow polish roman papist army
Security Politics and the Closing of the Open Society,0,security politic close open society
"Clinton “Fixer”: I Spiked Damaging Stories for Sexually Depraved, Morally Corrupt Hillary",0,clinton fixer spike damaging story sexually deprave morally corrupt hillary
The Next Big Shoe to Drop,0,next big shoe drop
A Measure of Fascism in America,0,measure fascism america
VIDEO: Watch Newt Gingrich UNLOAD on Megyn Kelly Over Trump,0,video watch newt gingrich unload megyn kelly trump
"Some GOP Donors Willing to Give to Many, Just Not Paul",1,gop donor willing give many not paul
Fact-checking the vice-presidential debate between Kaine and Pence,1,fact check vice presidential debate kaine pence
"How Gary Johnson's Vote Percentages Will Affect Libertarian Party Ballot Access, State By State",1,gary johnson vote percentage affect libertarian party ballot access state state
"White House report offers more on NSA spying on Americans' calls, with Patriot Act set to expire",1,white house report offer nsa spy americans call patriot act set expire
Teens walk free after gang-rape conviction,0,teen walk free gang rape conviction
"Donald Trump, media manipulator in chief",1,donald trump medium manipulator chief
Republicans have a weapon to stop Obama recess appointment,1,republicans weapon stop obama recess appointment
5 key questions about shutting down Gitmo,1,key question shut gitmo
Berkeley Protesters Demanding Segregation Force White Students to Cross Creek in Woods to Go to Class,0,berkeley protester demand segregation force white student cross creek wood go class
Democratic debate: 5 takeaways,1,democratic debate takeaway
Europe or Russia: Could Moldova's presidential election determine its future?,0,europe russia could moldova presidential election determine future
"Solemn, stupefied, families in Kathmandu after earthquake",1,solemn stupefy family kathmandu earthquake
Re: Andrew Breitbart – twitchy.com,0,andrew breitbart twitchy com
Just How Big Is The Asia Trade Deal Obama Wants? It's A Beast,1,big asia trade deal obama want beast
Clinton Is the Most Dangerous Person Alive – An Interview with Edward S. Herman,0,clinton dangerous person alive interview edward herman
Harvard Cancels Men’s Soccer Season After Finding Sexually Explicit ‘Reports’ Continued Through 2016,0,harvard cancel man soccer season find sexually explicit report continue
HOMESCHOOL FAMILIES TARGETED IN DISTRICT’S ‘OPERATION ROUND UP’,0,homeschool family target district operation round
Iowa's secretary of state rips Ted Cruz over campaign mailer,1,iowa secretary state rips ted cruz campaign mailer
Legend of The Brave Buffalo; Thousands of Wild American Bison Appear at Standing Rock.,0,legend brave buffalo thousands wild american bison appear standing rock
"Clinton commits Benghazi gaffe, saying US 'didn't lose a single person' in Libya",1,clinton commit benghazi gaffe say we not lose single person libya
Braless Jourdan Dunn flaunt their supermodel figures in racy see-through dresses,0,braless jourdan dunn flaunt supermodel figure racy see dress
House passes $612B defense policy bill despite veto threat,1,house pass 612b defense policy bill despite veto threat
Top takeaways from the Miami Republican debate,1,top takeaway miami republican debate
"The Fall of the Saudis, the Battle after ISIS",0,fall saudis battle isis
Romney's Exit Unleashes Race for Donors Among 2016 Hopefuls,1,romney exit unleash race donor among hopeful
WH Press Secretary Says Obama's Denial About Clinton Server Was 'Entirely Factual',0,wh press secretary say obama denial clinton server entirely factual
The new surgeon general's 4 rules for health,1,new surgeon general rule health
How Clinton's Email Controversy Is Affecting Her Campaign,1,clinton email controversy affect campaign
Police say 170 arrested in deadly biker gang shootout at Texas restaurant,1,police say arrest deadly biker gang shootout texas restaurant
"You really expect me to believe that? Hillary Clinton, Barack Obama and our liberal media",1,really expect believe hillary clinton barack obama liberal medium
Obama says Republican budget just helps the rich. Is he right?,1,obama say republican budget help rich right
Some Cities Want Their Noncitizen Immigrants to Vote,0,city want noncitizen immigrant vote
"Biden heads to Iowa, fueling 2016 speculation",1,biden head iowa fuel speculation
Ways To Naturally Raise Your Vibration,0,way naturally raise vibration
'Jihadi John' Reportedly Identified,1,jihadi john reportedly identify
Donald Trump sweeps Super Tuesday: GOP at a crossroads,1,donald trump sweep super tuesday gop crossroad
FEMA ‘Area Emergency Tests’ broadcast just before election,0,fema area emergency test broadcast election
Project Veritas: Money from Belize | Opinion - Conservative,0,project verita money belize opinion conservative
#NoDAPL: Angry Man Fires 7 Shots Into Air Near Standing Rock Water Protectors,0,nodapl angry man fire shot air near stand rock water protector
Guy Fawkes effigy industry collapses,0,guy fawke effigy industry collapse
LISTEN: Clinton ‘Crime Family’ EXPOSED By Veteran FBI Assistant Director,0,listen clinton crime family expose veteran fbi assistant director
Iraqis in Mosul Find US Missiles at Captured Islamic State Base,0,iraqis mosul find we missile capture islamic state base
"Trump charges toward the nomination: The billionaire breaks Rubio’s back, reducing his opposition to the deeply deluded Cruz and Kasich",1,trump charge toward nomination billionaire break rubio back reduce opposition deeply deluded cruz kasich
"The Hubris of Democratic Elites, Clinton Campaign Gave Us President Trump",0,hubris democratic elite clinton campaign give we president trump
Number of the week: How long until Russia can end its oil dependence?,0,number week long russia end oil dependence
NASA to test in flight folding wing,0,nasa test flight folding wing
November 10: Daily Contrarian Reads,0,november daily contrarian read
"Meter Reader Knocks On Man’s Door, Reveals Sinister Plan Once He’s Inside",0,meter reader knock man door reveal sinister plan inside
Jeb Bush: How Catholic faith changed my life,1,jeb bush catholic faith change life
Hook Up Sites Tinder and Grindr Good For Population Control,0,hook site tinder grindr good population control
"On policies, Ted Cruz shifts his stance to suit a fractured GOP",1,policy te cruz shifts stance suit fracture gop
"Life: 6 Pieces Of Meat I Have Seen, Held, And In One Case, Gone On Vacation With",0,life piece meat see hold one case go vacation
Project Veritas Undercover Journalist in Full Burka Is Offered Huma Abedin’s Ballot,0,project verita undercover journalist full burka offer huma abedin ballot
"Families To Roof: 'I Forgive You, And Have Mercy On Your Soul'",1,family roof forgive mercy soul
Turkeys face deep divisions over Thanksgiving vote,0,turkey face deep division thanksgive vote
Oregon standoff defendants acquitted; feds literally Tase Ammon Bundy’s lawyer at courthouse,0,oregon standoff defendant acquit fed literally tase ammon bundy lawyer courthouse
Remember This When You Talk About Standing Rock,0,remember talk standing rock
Marco Rubio can’t save the Republican Party: Why people are giving him way too much credit after Iowa,1,marco rubio save republican party people give way much credit iowa
BREAKING: Clinton’s intelligence briefings suspended indefinitely following latest in email scandal | Christian Times Newspaper,0,break clinton intelligence briefing suspend indefinitely follow late email scandal christian times newspaper
Watch: Rigged Voting Machine Will Not Allow Vote For Trump/Pence… “Stuck” On Clinton/Kaine,0,watch rig voting machine not allow vote trump penny stick clinton kaine
Poll: Voters fret Trump or Clinton in the White House,1,poll voter fret trump clinton white house
Does the Road to the White House Run Through Gary Johnson's New Mexico?,1,road white house run gary johnson new mexico
IT BEGINS...,1,begin
Hillary’s health: Candidate stumbles again boarding campaign plane,0,hillary health candidate stumble boarding campaign plane
Fact-checking the first Clinton-Trump presidential debate,1,fact check first clinton trump presidential debate
"Saudi Arabia, Egypt to Invade Yemen",1,saudi arabia egypt invade yemen
"Welcome to Trump County, U.S.A.",1,welcome trump county
ISIS Uses 600 Suicide Dogs to Restrain Iraqi Army’s Advance in Mosul,0,isis use suicide dog restrain iraqi army advance mosul
Protestants get ready to grovel,0,protestant get ready grovel
Trump’s misleading claim that 58 percent of black youths are unemployed,1,trump mislead claim percent black youth unemploye
"Scott Walker never stood a chance: Why this awkward, Koch-backed Midwesterner was outrageously overrated",1,scott walker never stand chance awkward koch back midwesterner outrageously overrate
We Republicans Lost On Gay Rights. That’s A Good Thing.,1,republicans lose gay right good thing
Iran takes hard stance on key provisions in nuke deal,1,iran take hard stance key provision nuke deal
"Radio Derb transcript for October 29th is up: The arrogance of power, Etc",0,radio derb transcript october 29th arrogance power etc
The awful truth about climate change no one wants to admit,1,awful truth climate change no one want admit
RNC chairman: 'We're going to embrace whoever the nominee is',1,rnc chairman go embrace whoever nominee
"Cory Booker: Senate bill is ""in my lifetime the first reversal of mass incarceration""",1,cory booker senate bill lifetime first reversal mass incarceration
Top US General Pleads With Troops Not To Revolt Over 2016 (VIDEO),0,top us general plead troop not revolt video
Putin and Xi in Western propaganda – why does XJP get off so lightly? | The Vineyard of the Saker,0,putin xi western propaganda xjp get lightly vineyard saker
PressTV-Yemen’s Hudaydah suffering from dire humanitarian situation,0,presstv yemen hudaydah suffer dire humanitarian situation
Republicans Are Now Seen As The More Extreme Party,1,republicans see extreme party
Tech” Malaise Pricks San Francisco Office Space Bubble,0,tech malaise prick san francisco office space bubble
Daily Mail forced to lie down in darkened room after confirmation Prince Harry’s girlfriend is mixed-race,0,daily mail force lie darken room confirmation prince harry girlfriend mix race
Obama vetoes GOP attempt to repeal Obamacare,1,obama vetoes gop attempt repeal obamacare
"Obama to Make Landmark Presidential Trip to Father's Homeland, Kenya",1,obama make landmark presidential trip father homeland kenya
Obama: 'Senseless murders' in church shooting,1,obama senseless murder church shooting
Dr. Duke and Dr. MacDonald Call for Prosecution of Hillary for Treasonous Support of ISIS.,0,dr duke dr macdonald call prosecution hillary treasonous support isis
GOP hits back at fracking rules,1,gop hit back fracke rule
Vermont fights the opioid epidemic by limiting prescribed painkillers,0,vermont fight opioid epidemic limit prescribe painkiller
NSA spying: Today in America our government keeps us neither free nor safe,1,nsa spy today america government keep we neither free nor safe
20 Before and After Photos That Reveal The Effects Of Giving Up Alcohol,0,photo reveal effect give alcohol
2016 cash race: It's on,1,cash race
"Snapchat To Raise Up To $4 Billion In IPO, Valuing Company As Much As $40 Billion",0,snapchat raise billion ipo valuing company much billion
Why Is This Not Watergate? Smoking Gun Emails Discuss “Cleaning Up” Obama/Hillary Emails,0,not watergate smoking gun email discuss clean obama hillary emails
Clinton pivots left on immigration,1,clinton pivot leave immigration
How Rich Candidates Try To Appeal To Working Voters,1,rich candidate try appeal work voter
New York Times Tries to Compare Comey to Hoover. Here Are 4 Reasons That's Idiotic,0,new york times try compare comey hoover reason idiotic
Hogan rejects Democratic request for ban on state-funded travel to Indiana,1,hogan reject democratic request ban state fund travel indiana
27 Civilians Killed in Saudi Airstrikes Against Yemen Villages,0,civilian kill saudi airstrike yemen village
Slain reporter's boyfriend calls for violence discussion,1,slain reporter boyfriend call violence discussion
GOP resistance to Obamacare is working brilliantly,1,gop resistance obamacare work brilliantly
First-Ever Footage of Aging Tar Sands Pipelines Beneath Great Lakes,0,first ever footage age tar sand pipeline beneath great lake
"Budget 2016: Obama moves left, testing Republicans (+video)",1,budget obama move leave test republicans video
"Politicians, NATO Officials Furious as Spain Plans to Refuel Russian Battle Group - Tyler Durden",0,politician nato official furious spain plan refuel russian battle group tyler durden
Republicans Stand Against Cuba Change Despite Public Opinion Shift,1,republicans stand cuba change despite public opinion shift
"The best lines from President Obama's speech, according to the White House",1,good line president obama speech accord white house
Slave labor: Prison food contractors funded efforts to combat marijuana legalization,0,slave labor prison food contractor fund effort combat marijuana legalization
The GOP Is Writing Off 30 Percent of the American Electorate,1,gop writing percent american electorate
PTSD: Identification and Compensation,0,ptsd identification compensation
Leftists Claim Dress Code Promotes “Rape Culture”,0,leftist claim dress code promote rape culture
"Muslims Are Kidnapping White Girls And Forcing Them Into Sex Slavery, Says UK Children's Charity",0,muslim kidnap white girl force sex slavery say uk children charity
The Supreme Court is hearing a case that could derail Obamacare: Everything you need to know,1,supreme court hearing case could derail obamacare everything need know
"White House still not telling America the truth about jobs, economy",1,white house still not tell america truth job economy
‘Arab Spring’ and the Washington-Brussels-Riyadh Axis,0,arab spring washington brussels riyadh axis
These Syrian Refugees Just Nailed The Mannequin Challenge!,0,syrian refugee nail mannequin challenge
Bernie Sanders digs in,1,bernie sander dig
Preventing cultural genocide with the Mother Tongue policy in Eritrea,0,prevent cultural genocide mother tongue policy eritrea
London Bankers Fearful of Brexit Blowback,0,london bankers fearful brexit blowback
Trump Draws Fire from GOP Leaders over Attacks on Latino Judge,1,trump draw fire gop leader attack latino judge
How the battle against the Islamic State is redrawing the map of the Middle East,1,battle islamic state redrawe map middle east
Trump Suffers Bizarre Memory Disorder: Says He Always Opposed Obamacare (VIDEO),0,trump suffer bizarre memory disorder say always oppose obamacare video
Dump the Democrats for Good - Russia News Now,0,dump democrats good russia news
Donald Trump is going to win: This is why Hillary Clinton can’t defeat what Trump represents,1,donald trump go win hillary clinton defeat trump represent
Nevada GOP Gov. Brian Sandoval Won't Run For Senate In 2016,1,nevada gop gov brian sandoval not run senate
The man behind the Trump rally disturbance in Reno,0,man behind trump rally disturbance reno
This Collage of Corrut Presstitutes Making Fools of Themselves Is a Keeper,0,collage corrut presstitute make fool keeper
Can Jeb Bush fire up the base like he’s fired up the establishment?,1,jeb bush fire base like fire establishment
White House has been aided recently by ruling in contraceptives case,1,white house aid recently rule contraceptive case
Stocks Pump'n'Dump As Crude Crumbles To 3-Week Lows,0,stock pump dump crude crumble week low
"ING TO CUT 7,000 JOBS…",0,ing cut job
"Thomas Reuters cuts 2000 jobs, spends $200m streamlining",0,thomas reuters cut job spend 200 streamline
Obama says world leaders right to be 'rattled' by Trump,1,obama say world leader right rattle trump
"GOP Senator On Fixing Obamacare: 'No, No, No, No'",1,gop senator fixing obamacare no no no no
The folly of Obama's Clean Power Plan,1,folly obama clean power plan
"Comment on 10 More Beautiful Images That Remind You We Still Live In A Beautiful World, With Beautiful People by 10 More Beautiful Images That Remind You We Still Live In A Beautiful World, With Beautiful People - Upside Down Media",0,comment beautiful image remind still live beautiful world beautiful people beautiful image remind still live beautiful world beautiful people upside medium
Clinton 'does not recall' ordering destruction of emails from personal server in testimony,1,clinton not recall order destruction email personal server testimony
"The Weeds: our undemocratic primaries, Obama's new fiduciary rule, and the challenge of information polarization",1,weed undemocratic primary obama new fiduciary rule challenge information polarization
"Cruz’s closing case against Trump: ‘We are not a bigoted, angry people’",1,cruz closing case trump not bigote angry people
The collapse of Rand Paul and the libertarian moment that never was,1,collapse rand paul libertarian moment never
Hillaryous! Huckabee Compares Clintons to THESE Famous Mobsters.,0,hillaryous huckabee compares clinton famous mobster
Trump: Immigrants bring 'drugs ... crime' to U.S. from Mexico,1,trump immigrant bring drug crime mexico
Not Guilty: The Power of Nullification to Counteract Government Tyranny,0,not guilty power nullification counteract government tyranny
"In rural America, a startling prospect: Voters Obama lost look to Sanders",1,rural america startling prospect voter obama lose look sander
Obama: Hillary Clinton’s Personal Email a Mistake but Didn’t Endanger U.S.,1,obama hillary clinton personal email mistake didn endanger
Dead Voter Drive: video & petition to stop deceased-o-phobia,0,dead voter drive video petition stop deceased phobia
Will China Trigger the Next Global Recession?,0,china trigger next global recession
Veterans help veterans cope with PTSD through decorated Marine’s New York-based nonprofit Headstrong Project,0,veteran help veteran cope ptsd decorate marine new york base nonprofit headstrong project
Who rules the world? America is no longer the obvious answer,1,rule world america no long obvious answer
US Officials Try to Scare Voters With Terror Threat,0,us official try scare voter terror threat
Arianna Huffington Exposed Colluding With DNC in New WikiLeaks Emails,0,arianna huffington expose collude dnc new wikileak email
Liberal CNN Commentator Blames Republicans for Obamacare’s Rising Premiums,0,liberal cnn commentator blame republicans obamacare rise premium
Lawmakers seek deeper shake-up at Secret Service,1,lawmaker seek deep shake secret service
Trump Threatens Lawsuit Against Slanted New York Times,1,trump threatens lawsuit slant new york times
President Trump vs President Clinton … What Will Happen After Inauguration? | The Vineyard of the Saker,0,president trump vs president clinton happen inauguration vineyard saker
Sanders launches late-stage bid to woo superdelegates,1,sanders launch late stage bid woo superdelegate
Planet nine might be pulling our solar system out of alignment,0,planet nine might pull solar system alignment
Congressional Republicans declare Obama’s budget dead on arrival,1,congressional republicans declare obama budget dead arrival
"Opinion: Face it, Trump on course for nomination",1,opinion face trump course nomination
CNN Got Complete List of Questions for Trump Interview from DNC,0,cnn get complete list question trump interview dnc
Kerry: Assad Must Go,1,kerry assad must go
Trump would be least-popular major-party nominee in modern times,1,trump would least popular major party nominee modern time
"Trump’s campaign wants to salvage his ground game. But an expert says ""the damage is done.""",1,trump campaign want salvage ground game expert say damage do
Opps! German Magazine Uses ISIS Propaganda Video to Show All is Well in Mosul,0,opps german magazine use isis propaganda video show well mosul
The Republicans’ November fantasy: A glance at the GOP’s swing state strategy ought to delight Democrats everywhere,1,republicans november fantasy glance gop swing state strategy ought delight democrats everywhere
‘Mentally Ill’ Officer: Give Me Back My Gun,1,mentally ill officer give back gun
Ukraine wants UN to label Russia as a sponsor of terrorism,1,ukraine want un label russia sponsor terrorism
Walmart is a cultural sickness: How the American workplace is enriching the wealthy — and destroying everyone else,1,walmart cultural sickness american workplace enrich wealthy destroy everyone else
"Assange: Clinton resisted FBI, and now they’re out for payback (JOHN PILGER EXCLUSIVE)",0,assange clinton resist fbi payback john pilger exclusive
"Obama Has Hit The DGAF Portion Of His Presidency, And This Video Is Proof",1,obama hit dgaf portion presidency video proof
Spin Doctors – How the Media Reports on Medicine,0,spin doctor medium report medicine
US/Russian Relations Sour Further As Putin Refuses To Open Snapchat From Obama,0,us russian relations sour putin refuse open snapchat obama
Hillary Clinton isn’t running unopposed. She’s just crushing the competition.,1,hillary clinton isn run unopposed crushing competition
Thanksgiving at Standing Rock,0,thanksgive standing rock
Re: WOW! What Josh Earnest admitted about Obamacare is stunning (because it’s true),0,wow josh earnest admit obamacare stunning true
Comment on Useful Idiots for Islam by MomOfIV,0,comment useful idiot islam momofiv
"Even before Super Tuesday, Clinton is thinking about a likely matchup with Trump",1,even super tuesday clinton think likely matchup trump
CodeSOD: Just In Case,0,codesod case
The Pitfalls of Partial Disclosure – Examining the Process of Disclosure and the Reasons why a String of Half-Truths Just Won’t Cut It,0,pitfall partial disclosure examine process disclosure reason string half truth won cut
What immigration activists want from Hillary Clinton,1,immigration activist want hillary clinton
"Fiorina slams Clinton, calls Trump a 'Christmas present' for Dems",1,fiorina slam clinton call trump christmas present dem
4 Times As Many Americans Think Biased U.S. Media – Not Foreign Interests Such As Russian Hackers – Real Threat To Fair Election,0,times many americans think bias medium not foreign interest russian hacker real threat fair election
Hillary Emails: “Taken Care Of”,0,hillary email take care
Obama: ‘We will be as aggressive as we can’ on immigration appeal,1,obama aggressive immigration appeal
"Donald Trump’s “days of rage”: As the GOP primary reaches its tipping point, Trump prepares for all-out war",1,donald trump day rage gop primary reach tipping point trump prepare war
Pro-sovereignty Legislators Demand That Administration End Border Anarchy,0,pro sovereignty legislator demand administration end border anarchy
How Donald Trump Wins Even When He Loses,1,donald trump win even lose
Donald Trump is reinventing the GOP in his image: The secret Republican memo that admits what already should have been obvious,1,donald trump reinvent gop image secret republican memo admit already obvious
Top Dem Warns GOP To Deal Now Or Risk Another Government Shutdown,1,top dem warn gop deal risk another government shutdown
"The Dropa Stones - 12,000-Year-Old Ancient Artifacts",0,dropa stone year old ancient artifact
FBI Getting Warmer: Pay-to-Play,0,fbi get warm pay play
Gay marriage ruling leaves debate about religious liberty wide open,1,gay marriage ruling leaf debate religious liberty wide open
"Kim Davis is the new face of the religious right: Angry, marginalized and increasingly desperate",1,kim davis new face religious right angry marginalize increasingly desperate
Why Clinton camp is releasing personal server 5 months after e-mail flap emerged,1,clinton camp release personal server month mail flap emerge
Charting a course for charter schools,1,chart course charter school
State of emergency declared in Ferguson after police shoot and critically injure man during protests,1,state emergency declare ferguson police shoot critically injure man protest
November 4: Daily Contrarian Reads,0,november daily contrarian read
A Trump Supporter Just Held Six Children At Gunpoint For Dumbest Reason Ever,0,trump supporter hold six child gunpoint dumb reason ever
"Gary Johnson: No To Carbon Taxes and Mandatory Vaccines, Yes To Black Lives Matter and Transformative Politics",1,gary johnson no carbon tax mandatory vaccine yes black life matter transformative politic
Facebook Lets Advertisers Exclude Users by Race,0,facebook let advertiser exclude user race
Ted Cruz is a professional liar: The Planned Parenthood shooting was the work of a “transgendered leftist activist”,1,ted cruz professional liar plan parenthood shooting work transgendere leftist activist
Egyptian planes pound ISIS in Libya in revenge for mass beheadings of Christians,1,egyptian plane pound isis libya revenge mass beheading christian
Wells Fargo is Rotting from the Top Down,0,wells fargo rot top
"After the latest debacle, we agree with Donald Trump: “We’ve had enough of the debates”",1,late debacle agree donald trump enough debate
Megyn Kelly tears into Ted Cruz over ridiculous debate demands: “Would we have to submit our voting records to you?”,1,megyn kelly tear ted cruz ridiculous debate demand would submit voting record
"Dying out: Wild animal numbers could fall by 67% from 1970-2020, study says",0,die wild animal number could fall study say
Comment on Due Process is Dead: A Staggering 95% of All Inmates in America Have Never Received a Trial by Raymond Karczewski,0,comment due process dead staggering inmate america never receive trial raymond karczewski
Schools All Over America Are Closing On Election Day Due To Fears Of Violence,0,schools america closing election day due fear violence
Senate Democrats block swift passage of Keystone XL pipeline bill (+video),1,senate democrats block swift passage keystone xl pipeline bill video
"Wake up, America. Our country is upside down",1,wake america country upside
"Global relief effort underway after Nepal earthquake leaves 2,700 dead, thousands injured",1,global relief effort underway nepal earthquake leave dead thousand injure
Defense Secretary Carter used personal email in first months on the job,1,defense secretary carter use personal email first month job
"Capitalism Is Doomed — Without Alternatives, So Are We",0,capitalism doom without alternative
Texas counts down the hours until new Open Carry law takes effect,1,texas count hour new open carry law take effect
Still Not Over: They Are Trying to “Flip the Electoral College” To Block Trump’s Win,0,still not try flip electoral college block trump win
EgyptAir Flight 804 Crash Increasingly Looks Like Terrorism,1,egyptair flight crash increasingly look like terrorism
Why Jeb Bush’s campaign has gone so wrong,1,jeb bush campaign go wrong
New ISIS Video Threatens Putin While Russian Child Executioners Execute 4 Men,0,new isis video threaten putin russian child executioner execute man
"Obama AWOL in Paris: Message to America, allies is we don't care",1,obama awol paris message america ally not care
Clinton’s cowardice on trade,1,clinton cowardice trade
Obama likely to make economic recovery a centerpiece of State of the Union address,1,obama likely make economic recovery centerpiece state union address
See Which 2016 Candidates Best Align With Your Views,1,see candidate good align view
"Global warming worsened the California drought, scientists say",1,global warming worsen california drought scientist say
Koch Brothers Helped Incite the Impending Bloodbath Among Republicans,0,koch brother help incite impend bloodbath among republican
Arizona cop's body cam captures fatal encounter with suspect,1,arizona cop body cam capture fatal encounter suspect
Sinjar: Kurds try to retake key Iraqi town from ISIS,1,sinjar kurd try retake key iraqi town isis
Sean Hannity SHREDS FBI Director James Comey for Clearing CRIMINAL HILLARY Again – TruthFeed,0,sean hannity shred fbi director james comey clearing criminal hillary truthfeed
"In the House’s dark hour, Speaker Paul Ryan offers a glimpse of hope",1,house dark hour speaker paul ryan offer glimpse hope
Iraqi forces appear close to retaking Ramadi from Islamic State,1,iraqi force appear close retaking ramadi islamic state
THIS Is What It Means If You Have Two Dimples On Your Back,0,mean two dimple back
Clinton campaign blasts James Comey over 'jaw-dropping' double standards at FBI,1,clinton campaign blast james comey jaw drop double standard fbi
Crack in Earth’s magnetic shield detected,0,crack earth magnetic shield detect
Letting Trump and the GOP self-destruct: Hillary and Democrats have the right strategy by laying low,1,let trump gop self destruct hillary democrats right strategy lay low
Dear GOP: Hire me and I’ll give you the debate of your dreams,1,dear gop hire give debate dream
French privacy row over mass ID database,0,french privacy row mass database
VIDEO: Cop Crashes Car and Runs Away When More Cops Arrive,0,video cop crash car run away cop arrive
Bernie Sanders' American Dream is in Denmark,1,bernie sanders american dream denmark
"Hey Bernie Supporters, Here are 45 Times Hillary Promoted the TPP – TruthFeed",0,hey bernie supporter times hillary promote tpp truthfeed
Campaign 2016 is divisive: What it says for the future,1,campaign divisive say future
Russian experts collecting evidence of anti-govt chemical attack in Aleppo – Defense Ministry,0,russian expert collect evidence anti govt chemical attack aleppo defense ministry
The Path to Total Dictatorship: America's Shadow Government and Its Silent Coup,0,path total dictatorship america shadow government silent coup
Women won't earn the same as men for another two centuries - report,0,woman not earn man another two century report
Donald Trump’s white fascist brigade: His rallies are now a safe space for racism,1,donald trump white fascist brigade rally safe space racism
Inside Hillary Clinton's 2016 plan,1,inside hillary clinton plan
Senators pledge to amend House bill after some NSA powers halted,1,senator pledge amend house bill nsa power halt
Dem insiders: Sanders failed to dent Clinton,1,dem insider sander fail dent clinton
"Calif., Ore. allow women to get birth control without a prescription",1,calif ore allow woman get birth control without prescription
CrossTalk on US election: Criminal in Chief?,0,crosstalk we election criminal chief
Justice Department significantly reducing number of federal observers stationed inside polling places,1,justice department significantly reduce number federal observer station inside polling place
Newsnight trolled the Tory MP who called for the BBC to play God Save The Queen at the end of each day,0,newsnight troll tory mp call bbc play god save queen end day
Clinton's health continues to spur controversy and conspiracy,1,clinton health continue spur controversy conspiracy
Comment on TRIPS: The Story of How Intellectual Property Became Linked to Trade by Foppe,0,comment trip story intellectual property became link trade foppe
Hillary Makes SCANDALOUS Stop After Rachel Maddow Breaks Down On LIVE TV,0,hillary make scandalous stop rachel maddow break live tv
Rubio called Trump a dangerous ‘con man.’ Now he says Trump should be president.,1,rubio call trump dangerous con man say trump president
"Obamacare architect: ‘The law is working as designed,’ just needs ‘a larger mandate penalty’",0,obamacare architect law work design need large mandate penalty
Western Banking System COLLAPSE | Jim Willie,0,western banking system collapse jim willie
3 Philadelphia prison guards arrested for alleged assault on handcuffed inmate,0,philadelphia prison guard arrest alleged assault handcuffed inmate
Cruz takes on Caitlyn Jenner over transgender fight,1,cruz take caitlyn jenner transgender fight
Trump vs. Clinton Is the 1980s vs. the 1990s,1,trump vs clinton 1980 vs 1990s
Someone broke a Skype spam bot by typing an emoji and the transcript is what happens when robots go mad,0,someone break skype spam bot type emoji transcript happen robot go mad
Search continues for wreckage from EgyptAir flight as officials probe links to terror,1,search continue wreckage egyptair flight official probe link terror
Kasich Affirms Path to Legal Status for Undocumented Immigrants,1,kasich affirm path legal status undocumente immigrant
ISIS Claims Responsibility for Deadly Bombing in Afghanistan,1,isis claim responsibility deadly bomb afghanistan
"New earthquake rocks Italy, buildings collapse but no deaths reported",0,new earthquake rock italy building collapse no death report
Sucking the Blood of a Declining Civilization,0,suck blood decline civilization
"NATO builds up offensive capability on borders of Russia & Belarus, Moscow to respond",0,nato build offensive capability border russia belarus moscow respond
Top 5 unusual tragic deaths on sets,0,top unusual tragic death set
Clinton clinches Democratic nomination as Sanders stays in race,1,clinton clinch democratic nomination sander stay race
Poroshenko sworn in as Ukraine's president,1,poroshenko swear ukraine president
Hillary Clinton agrees to provide private e-mail server to FBI,1,hillary clinton agree provide private mail server fbi
Obama 'guarantees' he will not interfere with Clinton email investigation,1,obama guarantee not interfere clinton email investigation
Kentucky Sen. Rand Paul suspends presidential campaign,1,kentucky sen rand paul suspend presidential campaign
Syria - Waiting For The Next Moves       :,0,syria wait next move
Who will fight for gay marriage at SCOTUS?,1,fight gay marriage scotus
Boehner: Democrats must 'get off their ass' on DHS bill,1,boehner democrats must get ass dhs bill
BREAKING: Massive Voter Fraud in Broward County Florida Linked To Ex-DNC Chairwoman Debbie Wasserman Schultz – MagaFeed,0,break massive voter fraud broward county florida link ex dnc chairwoman debbie wasserman schultz magafeed
The Debate I Heard,1,debate hear
"Baltimore prosecutor charges police with murder, manslaughter in death of Freddie Gray",1,baltimore prosecutor charge police murder manslaughter death freddie gray
Never Trump? Forget it — prominent Republicans come crawling back defeated,1,never trump forget prominent republicans come crawl back defeat
Russian opposition leader's slaying shocks Moscow,1,russian opposition leader slay shock moscow
Can any U.S. President Ever Overcome the Power of the Establishment and Bring Substantive Change to America?,0,any president ever overcome power establishment bring substantive change america
Dan Pfeiffer’s Exit Interview: How the White House Learned to Be Liberal,1,dan pfeiffer exit interview white house learn liberal
How Much Trouble Is Hillary Clinton In?,1,much trouble hillary clinton
"Is Facebook to blame for making us more polarized? No, we are. (+video)",1,facebook blame make we polarize no video
Save the Children Norway trialed anti-malaria drug Larium in Mozambique—1993–1994,0,save child norway triale anti malaria drug larium mozambique
Media coverage of gang violence sure looks different when the perpetrators are white,1,media coverage gang violence sure look different perpetrator white
"Hillary Clinton’s basket of deplorables, explained",1,hillary clinton basket deplorable explain
Islamic State appears to be fraying from within,1,islamic state appear fray within
Patriot Act provisions have expired: What happens now?,1,patriot act provision expire happen
Truth Is The Enemy Of The State      :,0,truth enemy state
Russians deride choice of confusing 2018 World Cup mascot Zabivaka | Russia Beyond The Headlines,0,russians deride choice confuse world cup mascot zabivaka russia beyond headline
Sanders has gotten nastier. Does it help explain his staying power?,1,sander get nasty help explain staying power
Iraqi Christians Hold first mass in over 2 years pray for Trump to Win,0,iraqi christians hold first mass year pray trump win
Financial Times Fumbles Trump’s Central Banking Criticism,0,financial time fumble trump central banking criticism
Poll: Clinton's Lead Over Trump Slips After Florida Shooting,1,poll clinton lead trump slip florida shooting
"Clinton Foundation: 'Yes, we made mistakes'",1,clinton foundation yes make mistake
Jeb 2016: The Bush battle within,1,jeb bush battle within
Dakota Access v Human Rights,0,dakota access human right
"In Iowa, potential candidates compete for 2016 spotlight",1,iowa potential candidate compete spotlight
U.S. secretly tracked billions of calls for decades,1,secretly track billion call decade
"Opinion: Hillary Clinton, a mistake for 2016 - .com",1,opinion hillary clinton mistake com
Agencies of Fear,0,agency fear
"Scott Walker's campaign is in deep, deep trouble",1,scott walker campaign deep deep trouble
Pakistan police detain dozens of Imran Khan's supporters in Islamabad,0,pakistan police detain dozen imran khan supporters islamabad
Donald Trump's big night: Don't underestimate him,1,donald trump big night not underestimate
Obama hits 50% approval rating in poll,1,obama hit approval rating poll
Comment on Are We About To See One Of The Greatest Evolutions In Human History? by 10 Shocking Facts About Society That We Absurdly Accept As Normal – Digital Flow,0,comment see one great evolution human history shocking fact society absurdly accept normal digital flow
Obama Wants To End The Era Of Sequestration,1,obama want end era sequestration
Clinton or Trump: Who’s less truthful?,1,clinton trump less truthful
Rise of the Alt-Right,0,rise alt right
"Feds: 275,000 Born to Illegals in One Year, Would Fill City the Size of Orlando",0,fed bear illegal one year would fill city size orlando
Bobby Jindal governing like it's 2016,1,bobby jindal govern like
Look At What Is Unfolding In China And Other Key Regions Right Now,0,look unfold china key region right
Bernie Sanders Blames Closed Primaries As Path To The Nomination Narrows,1,bernie sander blame closed primary path nomination narrow
"Colin Quinn on race, comedy and political correctness: “People should stop lying and pretending there’s a racial dialogue”",1,colin quinn race comedy political correctness people stop lie pretend racial dialogue
Watch: Donald Trump is showing a side of the GOP that party leaders don't want you to see,1,watch donald trump show side gop party leader not want see
Americans' Support for 'Assault Weapons' Ban at Record Low,0,americans support assault weapon ban record low
Will it be representative government or thugocracy?,0,representative government thugocracy
An explanation for why the FBI re-opened Hillary's e-mails,0,explanation fbi open hillary mail
Sanders in California Says Clinton E-Mail Problems Now Serious,1,sanders california say clinton mail problem serious
21 THINGS WE’VE LEARNED ABOUT HILLARY CLINTON FROM WIKILEAKS THAT THE MSM WON’T SHARE…BUT YOU CAN!,0,thing learn hillary clinton wikileak msm win share
Radio Derb 10/28/16,0,radio derb
Venezuelan Opposition Calls for General Strike Against Gov't on October 28,0,venezuelan opposition call general strike gov october
Guy Face-Plants While Testing Virtual Reality Headset,0,guy face plant test virtual reality headset
Appeals court rules against Obama immigration plan,1,appeal court rule obama immigration plan
Most Idiotic Comment Ever? “Sell Gold Because Inflation Will Spike”,0,idiotic comment ever sell gold inflation spike
U.S. student performance slips on national test,1,student performance slip national test
"The Shame, The Heartbreak- Another Day In America",0,shame heartbreak another day america
Tom Hanks Raps,0,tom hank rap
WikiLeaks Releases 32nd Batch of Clinton Campaign Chair Podesta's Emails,0,wikileak release 32nd batch clinton campaign chair podesta email
"Charleston, Dylann Roof and the racism of millennials",1,charleston dylann roof racism millennial
Daesh executing civilians as Iraqi forces advance,0,daesh execute civilian iraqi force advance
Snowden Reveals How Easy It Is To Hack Voting Machines,0,snowden reveal easy hack voting machine
Clinton renews vow to 'fast track' immigration; Trump camp accuses candidate of acting like a 'king',1,clinton renews vow fast track immigration trump camp accuse candidate act like king
White House admits should have sent 'higher-profile' official to Paris rally,1,white house admit send high profile official paris rally
GOP hits another roadblock on Obamacare repeal,1,gop hit another roadblock obamacare repeal
Insiders: Sanders and Trump will win New Hampshire,1,insider sander trump win new hampshire
Paintings 'almost no one else seemed to be doing',0,painting almost no one else seem
'Massive' French airstrikes hit Islamic State to retaliate for attacks,1,massive french airstrike hit islamic state retaliate attack
UNESCO passes anti-Israel resolution despite Tel Aviv brickbats,0,unesco pass anti israel resolution despite tel aviv brickbat
Debate: Washington's Syria policy,0,debate washington syria policy
18 State Swat Team Drill In Prep for Backlash Against a Stolen Election,0,state swat team drill prep backlash steal election
"Cheney Hates Trump, Endorses Him Anyway",1,cheney hat trump endorse anyway
What it’s really like to be in the middle of the battle for Aleppo,0,really like middle battle aleppo
"Fine, give the GOP four years: The liberal case for either Bernie Sanders, or electing a Republican president",1,fine give gop four year liberal case either bernie sander elect republican president
"Obama’s DNC letdown: The president needed to hit it out of the park, but he surprisingly fell short",1,obama dnc letdown president need hit park surprisingly fall short
Netanyahu Back To Barely Pretending He Supports A Two-State Solution,1,netanyahu back barely pretend support two state solution
Rand Paul is about to kick off a Republican civil war on foreign policy,1,rand paul kick republican civil war foreign policy
"Pope Francis is not endorsing Kim Davis's views, Vatican says",1,pope francis not endorse kim davis views vatican say
Feminism Has Lost The Minds Of Young Women,0,feminism lose mind young woman
Flashback: Clinton cheered 11th-hour indictment that doomed Bush re-election,0,flashback clinton cheer 11th hour indictment doom bush election
The Story of How the DOJ Tried to Thwart an FBI Investigation Into the Clinton Foundation,0,story doj try thwart fbi investigation clinton foundation
Why Hillary Clinton was told not to be a trial lawyer: she didn't have a wife at home,1,hillary clinton tell not trial lawyer not wife home
Progressives Find ‘White Trash’ More Threatening Than Nuclear War,0,progressive find white trash threaten nuclear war
Obama administration bans some military-style assault gear from local police departments,1,obama administration ban military style assault gear local police department
Russia and Turkey Now Sharing Intelligence Data,0,russia turkey share intelligence datum
Obama administration prepares regulatory rush in 2015,1,obama administration prepare regulatory rush
Re: ‘D*ckileaks’? NY Post unveils tomorrow’s Weiner cover for your pleasure,0,ckileak ny post unveil tomorrow weiner cover pleasure
"Obama Apologizes, Takes Responsibility For Deaths Of Innocent Hostages In U.S. Drone Strike",1,obama apologize take responsibility death innocent hostage drone strike
Thousands march to mourn slain Boris Nemtsov,1,thousand march mourn slain boris nemtsov
How Tim Scott chose to endorse Marco Rubio for president,1,tim scott choose endorse marco rubio president
"Hope, Change, Lies and Greatness",0,hope change lie greatness
"Why long shots and also-rans run for president: It’s the media, stupid",1,long shot also ran run president medium stupid
Miss Russia | Russia & India Report,0,miss russia russia india report
"“I feel like these Topshop models are sick of me apologising, but also maybe willing to hear me out”",0,feel like topshop model sick apologise also maybe willing hear
"FEAR OF TRUMP: BUSH, OBAMA, CLINTON ALL BUYING PROPERTY IN NON-EXTRADITION NATIONS",0,fear trump bush obama clinton buy property non extradition nation
7 things to watch for on election night,1,thing watch election night
Trump woos women and minorities by pitting one group against another,1,trump woos woman minority pit one group another
Bernie Sanders Says Bill Clinton Owes Americans an Apology,1,bernie sanders say bill clinton owe americans apology
How the Iran deal might change the Middle East,1,iran deal might change middle east
HERE THEY GO AGAIN! Muslims trying to claim that the Hebrew-language Dead Sea Scrolls are Arab Muslim in origin,0,go muslim try claim hebrew language dead sea scroll arab muslim origin
Taking Calcium Supplements Causes Brain Lesions,0,take calcium supplement cause brain lesion
US election campaign reveals mass alienation from two-party system,0,us election campaign reveal mass alienation two party system
"BREAKING – Investigative Journalist Found Dead, Was Working For…",0,break investigative journalist find dead working
ManTracker: How to Be One and How to Avoid One – 10/31/16,0,mantracker one avoid one
Trump Smirks As Beltway GOP Crumbles,1,trump smirk beltway gop crumble
Putin's New Promise: 'I WILL DEFEAT THE ILLUMINATI',0,putin new promise defeat illuminati
Long-Shot Candidates Look To Keep Hope Alive For 2016,1,long shot candidate look keep hope alive
"Debate night: The media want a Trump fight, with blood and bruises",1,debate night medium want trump fight blood bruise
JUDGMENT DAY: The One Reason Why Every Christian And Jew In America Should Vote For Donald Trump,0,judgment day one reason every christian jew america vote donald trump
What is the real state of affairs in the Russian economy?,0,real state affair russian economy
Baba Vanga Was Right About Obama's Presidency And The 9/11 Attacks Sees Dire Future For Trump And The US,0,baba vanga right obama presidency attack see dire future trump we
"Voters in Arkansas, North Dakota Legalize Medical Marijuana Despite Federal Prohibition",0,voter arkansas north dakota legalize medical marijuana despite federal prohibition
OMG! The ULTIMATE BENGHAZI BOMBSHELL! Leaked Emails Show Hillary Ordered The Rescue Team To.. • USA Newsflash,0,omg ultimate benghazi bombshell leak email show hillary order rescue team usa newsflash
Why would anyone want to be Trump or Clinton’s VP?,1,would anyone want trump clinton vp
BREAKING: Irrefutable Proof Obama Lied to Protect Hillary Clinton’s Run for the White House Read,0,break irrefutable proof obama lie protect hillary clinton run white house read
Obama pushes controversial trade deal in Germany,1,obama push controversial trade deal germany
How Paul Ryan unified a fractured GOP,1,paul ryan unify fractured gop
The Clinton Shakedown Scam Summed Up With One Meme,0,clinton shakedown scam sum one meme
Bush v. Trump: Behind the Vegas rumble,1,bush trump behind vegas rumble
Scary Times For California Farmers As Snowpack Hits Record Lows,1,scary time california farmer snowpack hit record low
Nikki Haley should have run for president,1,nikki haley run president
Charleston exposes ugliest truth of our time: Our society places little value on black life,1,charleston expose ugly truth time society place little value black life
While The FBI Investigates Hillary- WikiLeaks Swoops In To Kick Her While She’s Down,0,fbi investigate hillary wikileak swoop kick
"Inside The Invisible Government: War, Propaganda, Clinton & Trump",0,inside invisible government war propaganda clinton trump
The obsession of the House Freedom Caucus,1,obsession house freedom caucus
"Over 20 Injured, Almost 40 Detained in Venezuelan Opposition Protests",0,injure almost detain venezuelan opposition protest
Donald Trump: Hillary's Syria Policy Would Lead to 'World War Three' - Breitbart,0,donald trump hillary syria policy would lead world war three breitbart
Marco Rubio: Being Gay Is Not A Choice,1,marco rubio gay not choice
The Pope is wrong on religious speech (Opinion),1,pope wrong religious speech opinion
What Big Democratic Donors Will Get in Philadelphia,1,big democratic donor get philadelphia
TRUMP SUPPORTER Whose Brutal Beating By Black Mob Was Caught On Video Asks: “What Happened To America?” [VIDEO],0,trump supporter whose brutal beat black mob catch video ask happen america video
Kurds decide to get on US nerves,0,kurd decide get we nerve
Trump tries to reset with economic speech — but faces new resistance in GOP,1,trump try reset economic speech face new resistance gop
Wingsuit flyer vs. tree,0,wingsuit flyer vs tree
Putin’s Adviser Takes Credit For Trump Victory: ‘Maybe We Helped A Bit With Wikileaks’,0,putin adviser take credit trump victory maybe help bit wikileak
Clinton aide key focus in FBI server investigation,1,clinton aide key focus fbi server investigation
Clinton Foundation received subpoena from State Department investigators,1,clinton foundation receive subpoena state department investigator
Trump: inner cities run by Democrats are more dangerous than war zones,1,trump inner city run democrats dangerous war zone
Another one bites the dust: Third USAF weather satellite breaks up in orbit,0,another one bite dust third usaf weather satellite break orbit
"The Russian Navy in the Eastern Mediterranean: Naval Briefing November 9th, 2016 by LeDahu",0,russian navy eastern mediterranean naval briefing november 9th ledahu
Judge Temporarily Halts Obama's Immigration Actions,1,judge temporarily halt obama immigration action
Road to 270: 's new election map,1,road new election map
Bernie Sanders faces frustrated crowd at race forum in Minneapolis,1,bernie sanders face frustrated crowd race forum minneapolis
Louisiana Election Officials Seize Voting Machine Illegally Placed In Private Room For ‘VIP Voters’ (VIDEO),0,louisiana election official seize voting machine illegally place private room vip voter video
"part 38 “Impossible” statues, “Impossible” ancient jewellery, Moscow nuked, “Impossible” steel [VIDEO]",0,part impossible statue impossible ancient jewellery moscow nuke impossible steel video
We’re Finally Opening A T-Shirt Shop For ROK Gear,0,finally open shirt shop rok gear
"Desperate Measures: Cruz, Kasich Team Up to Take Down Trump",1,desperate measure cruz kasich team take trump
Defense Secretary Halts Forced Repayment of Enlistment Bonuses,0,defense secretary halt force repayment enlistment bonus
Ryan hopes for new tone in Trump campaign,1,ryan hop new tone trump campaign
"What voters want in a president today, and how their views have changed",1,voter want president today view change
Globalist Soros Pours Money Into Manipulating U.S. Elections,0,globalist soro pour money manipulate election
Rubio’s problem: An excess of caution,1,rubio problem excess caution
Ex-FBI assistant director calls the Clintons a ‘crime family’ and claims their ‘foundation is a cesspool’,0,ex fbi assistant director call clinton crime family claim foundation cesspool
I thought I was just scared of Trump – but it’s his America I fear,0,think scared trump america fear
Sean Hannity interviewing Mike Pence about Obama’s claims on election fraud. Mr. Trump has recommended everyone watch this clip.,0,sean hannity interview mike pence obama claim election fraud mr trump recommend everyone watch clip
Former Clinton Foundation CEO begging Russia for ‘urgent and immediate’ asylum?,0,former clinton foundation ceo beg russia urgent immediate asylum
Disaffected America strikes back,0,disaffect america strike back
Comment on You’re Being Fooled: The Problem With ‘Alternative’ News Websites by Web Credibility | Site Title,0,comment fool problem alternative news website web credibility site title
Fact Check: Was Planned Parenthood Started To 'Control' The Black Population?,1,fact check plan parenthood start control black population
We Finally Know Why Hillary Disappeared On Election Night: “She Was Crying Inconsolably… It Was Hard To Understand What She Was Saying She Was Crying So Hard”,0,finally know hillary disappear election night cry inconsolably hard understand say cry hard
Is Goat Milk Better Than Cow Milk? Plus A List Of Health Benefits,0,goat milk well cow milk plus list health benefit
The War on Drugs is a Racket,0,war drug racket
An Identity-Politicized Election and World Series Lakefront Liberals Can Love,0,identity politicize election world series lakefront liberal love
The Myth of the McMahon Line,0,myth mcmahon line
Koch Brothers Battle to Prevent Dark Money Disclosure in South Dakota,0,koch brothers battle prevent dark money disclosure south dakota
UnReal Report: PM Modi trolls one and all with his surgical strike on black money,0,unreal report pm modi troll one surgical strike black money
Will Michelle Obama Be The Replacement Nominee If The FBI Email Investigation Ends Hillary Clinton’s Campaign?,0,michelle obama replacement nominee fbi email investigation end hillary clinton campaign
SC Gov. Nikki Haley Announces She’s Voting For Donald Trump,0,sc gov nikki haley announce vote donald trump
American Woman In Bikini Desecrates French Catacombs For Her “Female Indiana Jones” Brand,0,american woman bikini desecrate french catacomb female indiana jones brand
The Abnormal Normal of Nuclear Terror,0,abnormal normal nuclear terror
No One Tried to Assassinate Donald Trump … But Austyn Crites Shows Up in WikiLeaks 7 Times,0,no one try assassinate donald trump austyn crite show wikileak time
Chicago Cubs go 24 hours without winning a World Series,0,chicago cub go hour without win world series
Republicans outfox Democrats on climate votes,1,republicans outfox democrats climate vote
Presidential debate moderators announced,1,presidential debate moderator announce
Hillary’s inevitability lie: Why the media and party elites are rushing to nominate the weakest candidate,1,hillary inevitability lie medium party elite rush nominate weak candidate
The Weeds: could more corruption fix American politics?,1,weed could corruption fix american politic
"Ex-rep: 'If Trump loses, I'm grabbing my musket'",0,ex rep trump lose grab musket
Jeb Bush gave this black community a charter school. Then he moved on.,1,jeb bush give black community charter school move
America is criminalizing Black teachers: Atlanta’s cheating scandal and the racist underbelly of education reform,1,america criminalize black teacher atlanta cheat scandal racist underbelly education reform
VA program to provide private care stumbling out of the gate,1,va program provide private care stumbling gate
The conservative case for gay marriage,1,conservative case gay marriage
Earth had warmest winter on record,1,earth warm winter record
Tired of Western Propaganda Against Russia? Here's Vladimir Putin’s Perspective,0,tired western propaganda russia vladimir putin perspective
"As Clinton moves to brink of nomination, Sanders eyes California upset",1,clinton move brink nomination sander eyes california upset
"Warming of oceans due to climate change is unstoppable, say US scientists",1,warm ocean due climate change unstoppable say us scientist
"Iran's leader rejects foreign access to military sites, scientists",1,iran leader reject foreign access military site scientist
Is Jeb Bush conservative enough?,1,jeb bush conservative enough
"For Jeb Bush and Mitt Romney, a history of ambition fuels a possible 2016 collision",1,jeb bush mitt romney history ambition fuel possible collision
"Shots Fired, 117 Arrests Made as Militarized Police Remove Pipeline Protesters",0,shot fire arrest make militarize police remove pipeline protester
Paper Tiger ISIS Digs Into Mosul,0,paper tiger isis dig mosul
5 Things You Need to Know About the Dakota Access Pipeline Protests,0,thing need know dakota access pipeline protest
What will Republicans do when they take full control of Congress?,1,republicans take full control congress
Guardian Front Page: “A 16-Year-Old Migrant Cries…”,0,guardian front page year old migrant cry
Sanders Asks Obama To Intervene In Dakota Access Pipeline Dispute,0,sander ask obama intervene dakota access pipeline dispute
"Wolf Richter: Layoffs at Alphabet Access to Hit 9%, Google Fiber to “Pause” Plans, CEO Leaves, as Alphabet Cracks Down on Costs",0,wolf richter layoffs alphabet access hit google fiber pause plan ceo leave alphabet crack cost
Exclusive: Hillary may delay campaign,1,exclusive hillary may delay campaign
Trump finally went too far for Republicans,1,trump finally go far republican
"Fed Holds on Raising Rates, Fears Rising Dollar",0,fed hold raise rate fear rise dollar
"So how’s the American middle class, really?",1,american middle class really
VIDEO: Watch as Hillary Needs Assistance… To Climb One Step,0,video watch hillary need assistance climb one step
Re: WATCH and laugh: literally the BEST vine of Hillary from the 2016 campaign … so far,0,watch laugh literally good vine hillary campaign far
Have there been 353 mass shootings this year — or just 4?,1,mass shooting year
Statistical Propaganda: How many Syrians has US regime-change killed?,0,statistical propaganda many syrian us regime change kill
The 17-year story behind Marco Rubio’s cut-down of Jeb Bush,1,year story behind marco rubio cut jeb bush
France’s Far-Right National Front Seeks Funding From United Arab Emirates,0,france far right national front seek fund united arab emirates
"The Cosmic Story: Scorpio New Moon, October 30, 2016",0,cosmic story scorpio new moon october
Michael Oliver – This Key Signal Will Indicate Liftoff For Gold & Silver And The Mining Stocks!,0,michael oliver key signal indicate liftoff gold silver mining stock
Trump backs off false Iran video claim,1,trump back false iran video claim
Jackie Mason: Hillary Clinton Too Untrustworthy To Serve As Bathroom Attendant – She’d Steal The Toilet Paper,0,jackie mason hillary clinton untrustworthy serve bathroom attendant steal toilet paper
"FBI Reopen Hillary Clinton Email Investigation, New Emails Found",0,fbi reopen hillary clinton email investigation new email find
Since Donald Trump Won The Presidency… Ford Shifts Truck Production From Mexico To Ohio | EndingFed News Network,0,since donald trump won presidency ford shift truck production mexico ohio endingfed news network
Progressives Find ‘White Trash’ More Threatening Than Nuclear War,0,progressive find white trash threaten nuclear war
Political polarization on Facebook | Institution,1,political polarization facebook institution
Be Winter Wise: Woolley Hats Stop Heart Attacks,0,winter wise woolley hat stop heart attack
Gambling on the Unknowable Trump,0,gamble unknowable trump
Could Florida Dem primary cost party Rubio's seat?,1,could florida dem primary cost party rubio seat
Networks Continue to Ignore Obamacare Collapse,0,network continue ignore obamacare collapse
The Hodges & Hagmann Hour- America’s Last Chance to Survive,0,hodge hagmann hour america last chance survive
"Bush slashes campaign budget, refocuses on key primary states",1,bush slash campaign budget refocus key primary state
"If Megyn [sic] Kelly Doesn’t Want Her Pussy Grabbed, Why Did She Pose for This “Grab My Pussy” Photo Shoot?",0,megyn sic kelly doesn want pussy grab pose grab pussy photo shoot
"Latest And Perhaps Last Debate Highlights Animosity Of Sanders, Clinton",1,late perhaps last debate highlight animosity sanders clinton
The Next 10 Years Will Be Ugly for Your 401(k),0,next year ugly
Devastating aftermath of twin quakes in Italy (drone footage),0,devastating aftermath twin quake italy drone footage
"Syrian War Report – November 11, 2016: Syrian Army Entered Menagh Air Base",0,syrian war report november syrian army enter menagh air base
One chart that shows why the Republican Party was ready for Donald Trump,1,one chart show republican party ready donald trump
GOP Delegate: Trump Primary Wins 'Absolutely Irrelevant' At Convention,1,gop delegate trump primary win absolutely irrelevant convention
Has George Soros Committed Treason?,0,george soros commit treason
Huckabee: Planned Parenthood shooting is 'domestic terrorism',1,huckabee plan parenthood shoot domestic terrorism
2006 Audio Captures Hillary Clinton Proposing To Rig Palestine Election,0,audio capture hillary clinton propose rig palestine election
UK citizens and war heroes get cheap pre-fab houses while Muslim colonizers get taxpayer-funded luxurious council homes,0,uk citizen war hero get cheap pre fab houses muslim colonizer get taxpayer fund luxurious council home
"Refusing to sit on Lead, Trump Gets Bitter in Republican Debate",1,refuse sit lead trump get bitter republican debate
Ammon Bundy’s bodyguard sentenced in Oregon standoff case,0,ammon bundy bodyguard sentence oregon standoff case
Why I'm more worried about Marco Rubio than Donald Trump,1,worry marco rubio donald trump
How mega-donors helped raise $1 billion for Hillary Clinton,1,mega donor help raise billion hillary clinton
Worth a shot: Former Pennsylvania police officer's vending machines sell ammo,1,worth shoot former pennsylvania police officer vend machine sell ammo
Clinton’s Lead Has Evaporated in Nevada and Her Supporters Are Panicking,1,clinton lead evaporate nevada supporter panic
Why Palestinians want to sue Britain: 99 years since the Balfour Declaration,0,palestinians want sue britain year since balfour declaration
Jay Carney: Obama supports Hillary Clinton,1,jay carney obama support hillary clinton
"Hillary Clinton's ties to corporate donors, lobbyists while secretary of state scrutinized",1,hillary clinton tie corporate donor lobbyist secretary state scrutinize
U.S. Resets Obamacare Deadline For Some Businesses To 2016,1,reset obamacare deadline business
The GOP is ungovernable: What happens when one major party is dysfunctional to the core,1,gop ungovernable happen one major party dysfunctional core
Carly Fiorina: Ted Cruz says 'whatever' to get elected,1,carly fiorina ted cruz say whatever get elect
Will Rasmea Odeh’s Appeal Expose Israeli Prison Torture In A US Court?,0,rasmea odeh appeal expose israeli prison torture us court
Fact Check: Democrats Have Created Twice As Many Jobs As Republicans Since 1950’s,0,fact check democrats create twice many job republicans since
Obamacare's 'Low Expectations' for Enrollment Spells Trouble for Obama,1,obamacare low expectation enrollment spell trouble obama
Top House Republican demands Kerry explain $1.7 billion Iran payment,1,top house republican demand kerry explain billion iran payment
The Marco Rubio post-mortem: How a supposedly ready-made GOP nominee crashed and burned,1,marco rubio post mortem supposedly ready make gop nominee crashed burn
WashPost Poll: Clinton Leads Trump by 4,1,washpost poll clinton lead trump
Comment on Wikileaks Reveal Clinton Ties To Rothschilds And Occult Cabal by Time to hail Hillary Clinton – and face down the testosterone left | Van Badham – News,0,comment wikileak reveal clinton tie rothschild occult cabal time hail hillary clinton face testosterone leave van badham news
Democratic debate: National security dominates,1,democratic debate national security dominate
New Reports Link Russia With Donald Trump’s Campaign,0,new report link russia donald trump campaign
Republican elders ask 'who's worse' for the GOP brand: Trump or Cruz,1,republican elder ask bad gop brand trump cruz
Trump says he’d be ‘neutral’ with Israelis and Palestinians,0,trump say neutral israelis palestinians
"‘Intl Community Still Financing, Protecting Terrorists’ – Mother Agnes, Vanessa Beeley on Syria",0,intl community still finance protect terrorist mother agne vanessa beeley syria
"Brussels stories: Grief for the lost, hope for the missing",1,brussels story grief lose hope miss
Hillary Friend Bribed FBI Agent and His Wife,0,hillary friend bribe fbi agent wife
Carrier battle group never planned to call at Spanish port – Russian Defense Ministry,0,carrier battle group never plan call spanish port russian defense ministry
Hillary’s Silent Plan to Destroy America,0,hillary silent plan destroy america
Hillary Clinton’s Private Speech From 2015 Mentioned Palestinian Rights—Until She Actually Gave It,0,hillary clinton private speech mention palestinian right actually give
"Trump “You Can’t Read 650k Emails in 8 days, Hillary is GUILTY!” – TruthFeed",0,trump read 650k email day hillary guilty truthfeed
Trump And His Supporters Are Fighting A Rigged System,0,trump supporter fight rig system
Meet Ted Cruz's top fundraiser: his wife,1,meet ted cruz top fundraiser wife
Antiquities destroyed at Palmyra by the Islamic State,1,antiquity destroy palmyra islamic state
10 things Trump could (but probably won't) change to win next debate,1,thing trump could probably not change win next debate
"Bernie Sanders, Party Crasher: Notes On The (Looming) End Of A Campaign",1,bernie sanders party crasher note loom end campaign
GOP field rips Obama's move toward executive action to tighten gun control laws,1,gop field rip obama move toward executive action tighten gun control law
It's over! Trump is out - see today's final killer blunders,0,trump see today final killer blunder
"Sanders: Americans, superdelegates must 'take a hard look' at IG report on Clinton emails",1,sanders americans superdelegate must take hard look ig report clinton email
"Employers added a disappointing 126,000 jobs in March",1,employer add disappointing job march
Whatever the Outcome on November 8th the US Will Be on a Collision Course With China - Federico Pieraccini,0,whatever outcome november 8th us collision course china federico pieraccini
Is it possible that Saudi King be tried in US courts by JASTA Law?,0,possible saudi king try us court jasta law
Retracted Paper Linking HPV Vaccine to Behavioral Issues Republished,0,retract paper link hpv vaccine behavioral issue republish
Ivana Says Young Donald Trump Was A Cry-Baby – Has Anything Changed? (VIDEO),0,ivana say young donald trump cry baby anything change video
The Clintons really don’t get it: False attacks and failed strategies as Hillary repeats 2008,1,clinton really don get false attack fail strategy hillary repeat
Climate-change deniers are in retreat,1,climate change denier retreat
15 Civilians Killed In Single US Airstrike Have Been Identified,0,civilian kill single us airstrike identify
Cruz and Trump battle for the South,1,cruz trump battle south
FBI Releases Files on Bill Clinton's Cash for Pardons Scandal,0,fbi release file bill clinton cash pardon scandal
Another Black Swan Hits the U.S. Presidential Election,0,another black swan hit presidential election
"Supreme Court, Trump engulf Capitol Hill",1,supreme court trump engulf capitol hill
Comment on Donald Trump Tells Veterans He’s ‘Financially Brave’ by Debbie Menon,0,comment donald trump tell veteran financially brave debbie menon
Estimated Enrollees for 2015 Health Care Decrease,1,estimate enrollee health care decrease
George And Laura Bush Celebrate Their 70th Birthdays | Daily Wire,0,george laura bush celebrate 70th birthday daily wire
"Trump accuses Obama, Hillary Clinton of founding Daesh",0,trump accuse obama hillary clinton found daesh
Clinton emails: FBI director ignored Attorney General's advice not to 'take action that could influence election',0,clinton email fbi director ignore attorney general advice not take action could influence election
McCain in toughest Senate fight of his life,1,mccain tough senate fight life
Trump: I’m Reopening 9/11 Investigation,0,trump reopen investigation
6 Questions Ahead Of The Trump-Fox Split-Screen 'Squirmish',1,question ahead trump fox split screen squirmish
This is why they hate us: The real American history neither Ted Cruz nor the New York Times will tell you,1,hate we real american history neither te cruz nor new york times tell
Donald Trump plots his second act,1,donald trump plot second act
Will Hillary Accept Defeat?,0,hillary accept defeat
Fact-checker calls out Obama for saying Keystone ‘bypasses’ US,1,fact checker call obama say keystone bypass we
Tom Hayden: Things Come Around in the Mideast,0,tom hayden thing come around mideast
Mike Pence doesn't share Donald Trump's worldview,1,mike pence not share donald trump worldview
5 things to watch in tonight's debate,1,thing watch tonight debate
The Political and Cultural Richness of Kashmiriyat,0,political cultural richness kashmiriyat
Hillary Clinton Is Setting A Masterful Trap For Trump To Self Destruct,0,hillary clinton set masterful trap trump self destruct
What 250 more Special Forces in Syria can do,1,special force syria
Is Donald Trump Autistic?,0,donald trump autistic
Political pundits talk polarization at Sanford School Tuesday,1,political pundit talk polarization sanford school tuesday
Why you should be skeptical of wacky new studies about what sways elections,1,skeptical wacky new study sway election
Almost 100 Missing After Boat Carrying Migrants Sinks Off Libyan Coast,0,almost miss boat carry migrant sink libyan coast
Desmond Doss: His Only Weapon Was His Conscience,0,desmond doss weapon conscience
Fidel Castro makes rare public appearance in Cuba,1,fidel castro make rare public appearance cuba
FACT CHECK: Bernie Sanders And Whether Poor Americans Vote,1,fact check bernie sander whether poor americans vote
How a shortage of lethal injection drugs put the death penalty before the Supreme Court,1,shortage lethal injection drug put death penalty supreme court
Arab Officials Warn U.S. of Giving ISIS a Propaganda Win,1,arab official warn give isis propaganda win
Don't let Charleston shooting divide us (Opinion),1,not let charleston shooting divide we opinion
The Daily 202: What Trump’s latest shakeup says about his flailing campaign,1,daily trump late shakeup say flail campaign
Phyllis Schlafly: Campus sex assault is on the rise because too many women go to college,1,phyllis schlafly campus sex assault rise many woman go college
Suspected terrorist attack on a free speech event in Copenhagen leaves one dead,1,suspect terrorist attack free speech event copenhagen leave one dead
U.S. District Judge orders homophobic Kentucky clerk to explain why she shouldn’t be fined or jailed for contempt,1,district judge order homophobic kentucky clerk explain shouldn fin jail contempt
"If this is what a “Rubio surge” looks like, Republicans really are screwed",1,rubio surge look like republicans really screw
"Bank records show $28,500 deposit to Syed Farook's account two weeks before the shooting, source says",1,bank record show deposit syed farook account two week shooting source say
U.S. Election Thread 2016-06,0,election thread
Gundlach: Trump Would Use Debt Like Reagan for Growth,1,gundlach trump would use debt like reagan growth
Zika: a masterpiece of public mind control,0,zika masterpiece public mind control
Hillary PANDERS to Black and Hispanic Radio Hosts Claiming RAP “Influenced her” and MEXICAN FOOD is her “Favorite” – TruthFeed,0,hillary pander black hispanic radio host claim rap influence mexican food favorite truthfeed
Isis Leader ‘hiding in Mosul’ as Troops Storm Iraqi City,0,isis leader hiding mosul troop storm iraqi city
VA admits it has no contracts in place for billions of dollars spent on veterans’ medical care,1,va admit no contract place billion dollar spend veteran medical care
"Hannity, Judge Jeanine, Crowley “Hillary has Sold America’s National Security. WORSE than a CRIME FAMILY” – TruthFeed",0,hannity judge jeanine crowley hillary sell america national security bad crime family truthfeed
WORLD WAR 3 IS COMING,0,world war come
'American Sniper' widow: Gun control won't protect us,1,american sniper widow gun control not protect we
"House report: Cash-strapped IRS prioritized bonuses, union activity over helping taxpayers",1,house report cash strap irs prioritize bonus union activity help taxpayer
Israel: Ancient Papyrus Proves Jerusalem Belongs To Israel,0,israel ancient papyrus prove jerusalem belong israel
Bad idea: Shell’s gearing up to start drilling in the Arctic again,1,bad idea shell gearing start drill arctic
Taliban claim responsibility for Kabul attack,1,taliban claim responsibility kabul attack
It’s official: California farmers volunteer to give up water,1,official california farmer volunteer give water
But How Do You Use Nonviolence Against a Nuke?,0,use nonviolence nuke
"Jerusalem in Photos from 1862: No mosques, no Palestinians – only ghost towns of massacred Christian areas",0,jerusalem photo no mosque no palestinians ghost town massacre christian area
Donald Trump and Hillary Clinton walk in to a bar,0,donald trump hillary clinton walk bar
The Satanic Nature of Modern Cult-ure,0,satanic nature modern cult ure
"Interview: Sarah Anastasia, Muslim Makeup Artist And Skin Care Consultant",0,interview sarah anastasia muslim makeup artist skin care consultant
#Podesta21: Clinton’s ‘Twisted’ Behavior ‘Smacks of Acting Above the Law’,0,podesta21 clinton twisted behavior smack act law
Hillary Clinton demands answers and Democrats call foul,0,hillary clinton demand answer democrats call foul
Hillary Clinton campaign trolls GOP by boosting Donald Trump,1,hillary clinton campaign troll gop boost donald trump
Bernie Sanders: The Democratic primary gave me ‘leverage I intend to use’ to pressure Hillary Clinton,0,bernie sanders democratic primary give leverage intend use pressure hillary clinton
"BREAKING: VP Candidate Mike Pence’s Plane Skids Off Runway, Tears Up Tarmac at NYC Airport…",0,break vp candidate mike pence plane skid runway tear tarmac nyc airport
Paul Manafort resigns from Trump campaign,1,paul manafort resign trump campaign
Vote fraud expert Bev Harris exposes electronic voting machines [Video],0,vote fraud expert bev harris expose electronic voting machine video
Democrats need to learn to defend Obama's record on foreign policy,1,democrats need learn defend obama record foreign policy
iPhone Tricks – 15 Secret iPhone Codes,0,iphone trick secret iphone code
"In the battle against 'sleazy' media, why Trump keeps lapping Hillary",1,battle sleazy media trump keep lap hillary
Clinton’s 2016 makeover the latest in long line of resets,1,clinton makeover late long line reset
Ted Cruz: Democratic Party home to 'liberal fascism' against Christians,1,ted cruz democratic party home liberal fascism christian
Trump's unreal foreign policy: Our view,1,trump unreal foreign policy view
A Greek Donbass? Cyprus between Russia and NATO,0,greek donbass cyprus russia nato
Paul Ryan: Clinton should not continue to receive classified briefings during FBI investigation,0,paul ryan clinton not continue receive classify briefing fbi investigation
Lady Gaga Protests Donald Trump Outside of Trump Tower,0,lady gaga protest donald trump outside trump tower
It's time for Republican Party leaders to embrace marriage equality,1,time republican party leader embrace marriage equality
What we've forgotten about childhood disease risks,1,forget childhood disease risk
Libertarian ticket eyes post-convention opening – and debate stage,1,libertarian ticket eye post convention open debate stage
"Democrats propose Internet voting in 2016, making Republicans also consider the idea",1,democrats propose internet voting make republican also consider idea
CodeSOD: Dollar Dollar Dollar Dollar Underscore,0,codesod dollar dollar dollar dollar underscore
Does Trump Have a Fighting Chance Against the Establishment | New Eastern Outlook,0,trump fight chance establishment new eastern outlook
Charleston Mourns The Dead At Emanuel AME: 'I Knew Every Single One Of Them',1,charleston mourn dead emanuel ame know every single one
'There are many instances’ of voter fraud: GOP VP candidate Pence,0,many instance voter fraud gop vp candidate pence
Will Trump Be Different than Hillary Or Obama? SoT #125,0,trump different hillary obama sot
The delay over Loretta Lynch’s confirmation isn’t about bias,1,delay loretta lynch confirmation isn bias
U.S. and Cuba find ‘profound differences’ in first round of talks,1,cuba find profound difference first round talk
New York prison break: DNA found in cabin,1,new york prison break dna find cabin
Crooked Hillary Risks Having ‘Blue Dress Moment’ By Aggressively Attacking FBI And James Comey,0,crooked hillary risk blue dress moment aggressively attack fbi james comey
McCarthy Bombshell Leaves House GOP in Chaos,1,mccarthy bombshell leave house gop chaos
5 Things Teachers Are Doing During Midterm That Isn’t A Massive Session,0,things teacher midterm isn massive session
Hillary Clinton’s absurd Bernie smear: Why attacking him from the right on healthcare makes literally no sense at all,1,hillary clinton absurd bernie smear attack right healthcare make literally no sense
This video of a woman stuck in a freezer raises more questions than it answers,0,video woman stick freezer raise question answer
House Dems ‘shame’ opponents of defeated LGBT rights bill,1,house dems shame opponent defeat lgbt right bill
Here's How Inflation Has Eroded American Workers' Overtime Eligibility,1,inflation erode american worker overtime eligibility
What I Learned Watching 15 Hours of Cruz Family Videos,1,learn watch hour cruz family video
Set Staff Horrified At What Hillary Is Caught Doing After Brutal Interview,0,set staff horrify hillary catch brutal interview
"Hillary Collapses On Her Way To The Stage, Sellout Bruce Springsteen Covers For Her – The Resistance: The Last Line of Defense",0,hillary collapse way stage sellout bruce springsteen cover resistance last line defense
Freeing Yourself From Overwhelm,0,free overwhelm
Global warming sparks partisan firestorm on once-sleepy House committee,1,global warming spark partisan firestorm sleepy house committee
BLM To Lease Ohio’s Only National Forest To Fracking Interests,0,blm lease ohio national forest fracke interest
World War 3?,0,world war
Hillary Clinton accepts nomination with 'boundless confidence in America's promise',1,hillary clinton accept nomination boundless confidence america promise
"Homeland Security Chief Says 30,000 Will Be Furloughed If Department Shuts Down",1,homeland security chief say furlough department shut
"The Presidential Bid Of Ted Cruz, The Reddest Meat Of The Right",1,presidential bid ted cruz reddest meat right
Forget the FBI Cache; The Podesta Emails Show How America is Run      : Information Clearing House - ICH,0,forget fbi cache podesta email show america run information clearing house ich
"Cuba releases all 53 political prisoners to complete deal, U.S. official says",1,cuba release political prisoner complete deal official say
Melting Glaciers In Bolivian Andes Leave Communities At Risk,0,melt glacier bolivian andes leave community risk
What Pentagon would gain from Bowe Bergdahl desertion charge (+video),1,pentagon would gain bowe bergdahl desertion charge video
Julian Assange to Speak Prerecorded RT Interview (11/5/16),0,julian assange speak prerecord rt interview
Podesta Brothers Kidnapped a 3yo British Girl in Portugal - Wikileaks,0,podesta brother kidnap 3yo british girl portugal wikileak
Compromises being reached in Iran talks,1,compromise reach iran talk
House Votes To Repeal Affordable Care Act,1,house vote repeal affordable care act
"Trump won because Democratic Party failed working people, says Sanders",0,trump win democratic party fail work people say sander
Trove of Bin Laden documents released,1,trove bin laden document release
Will Islamic State attacks bolster prospects for political solution in Syria? (+video),1,islamic state attack bolster prospect political solution syria video
The Old Democrat Wall Street Plus Identity Politics Playbook is Dead,0,old democrat wall street plus identity politic playbook dead
"New Hampshire primary results: Sanders, Trump stun U.S.",1,new hampshire primary result sander trump stun
Skype sex scam – a fortune built on shame,0,skype sex scam fortune build shame
Finland Will Become the First Country in the World to Get Rid of All School Subjects,0,finland become first country world get rid school subject
What to watch in Saturday's Democratic contests,1,watch saturday democratic contest
Re: Why Are So Many People Choosing To Leave The United States Permanently?,0,many people choose leave united states permanently
Comey Bias Exposed As FBI Boss Refused To Call Out Russians For Hacking Before Election,0,comey bias expose fbi boss refuse call russians hack election
Hillary Turns Her Back on Standing Rock Sioux: ‘Path Forward Must Serve Broadest Public Interest’,0,hillary turn back stand rock sioux path forward must serve broad public interest
Fundamentals Will Take Gold & Silver Higher Now,0,fundamental take gold silver higher
Christ and the Sufi : A Parable of Perfection,0,christ sufi parable perfection
WCD Ministry to reward married men who select “What is your anniversary date?” as security question,0,wcd ministry reward marry man select anniversary date security question
GOP seeking Plan B on immigration,1,gop seek plan immigration
Candidate,0,candidate
"Obama addresses human rights, ethnic divisions on final day of Kenya visit",1,obama address human right ethnic division final day kenya visit
Candidates struggle with Iraq political quagmire,1,candidate struggle iraq political quagmire
GOP’s Supreme Court blowback: The Republicans’ case for obstruction is bad and getting worse,1,gop supreme court blowback republicans case obstruction bad get bad
A Mormon Reader Says Most Mormons Will Still Back Trump,0,mormon reader say mormon still back trump
Weed legalised in America because they f**king need it,0,weed legalise america king need
Looking for clues to Supreme Court’s final rulings in Ginsburg’s good mood,1,look clue supreme court final ruling ginsburg good mood
Too Soon? Media Declares Clinton the Presumptive Nominee,1,soon medium declare clinton presumptive nominee
Our new country: Women and minorities hit hardest,0,new country woman minority hit hard
"It’s Cruz, not Trump, who looks more like favorite to win GOP nomination",1,cruz not trump look like favorite win gop nomination
Tim Kaine defends Clinton and says she's learned from email 'mistake',1,tim kaine defend clinton say learn email mistake
Homeless Trump Supporter guards Trump’s star on Hollywood Blvd… “20 million illegals and Americans sleep on streets”,0,homeless trump supporter guard trump star hollywood blvd million illegal american sleep street
Arizona first in nation to require patients be informed of abortion-reversal option,1,arizona first nation require patient inform abortion reversal option
Clinton clinches Democratic nomination – Sanders vows to fight on,1,clinton clinch democratic nomination sander vow fight
Iraq bans alcohol,0,iraq ban alcohol
The 10 most bald-faced lies from the final Republican debate of 2015,1,bald face lie final republican debate
"Hillary Will Go To Prison, Not The Oval Office [Video]",0,hillary go prison not oval office video
28 Alternative Uses for Life Saving Mylar Emergency Blankets,0,alternative use life save mylar emergency blanket
Fear is making the GOP’s job easier,1,fear make gop job easy
Ted Cruz doesn't talk about the government shutdown,1,ted cruz not talk government shutdown
"Standoff between Obama, Netanyahu deepens despite Palestinian state clarification",1,standoff obama netanyahu deepen despite palestinian state clarification
Lindsey Graham presidential bid bets on foreign policy,1,lindsey graham presidential bid bet foreign policy
Clinton broadens campaign effort to target wary Republicans,1,clinton broaden campaign effort target wary republican
5 Questions That Now Loom Over Tonight's Debate,1,question loom tonight debate
Gunman storms Tunisia resort in deadly attack aimed at foreigners,1,gunman storm tunisia resort deadly attack aim foreigner
Time for GOP panic? Establishment worried Carson or Trump might win.,1,time gop panic establishment worry carson trump might win
Clinton's 'deplorables' slip: 2012 campaign hints it's not a game-changer (+video),1,clinton deplorable slip campaign hint not game changer video
CLINTON: I’D ADD MICHELLE OBAMA TO MY CABINET,0,clinton add michelle obama cabinet
"Walker forms political committee, says he's 'very interested' in 2016 bid",1,walker form political committee say interested bid
Comment on Colin Kaepernick Just Started a Black Panther-Inspired Youth Camp to Teach Kids to Fight Oppression by European≠Nationality/Ethnicity,0,comment colin kaepernick start black panther inspire youth camp teach kid fight oppression european nationality ethnicity
The Masquerade Ball: Fall’s Ghosts and Our Election Farce,0,masquerade ball fall ghost election farce
"Fewer immigrants are entering the U.S. illegally, and that’s changed the border security debate",1,few immigrant enter illegally change border security debate
Trump says he’s willing to spend $1 billion on campaign,1,trump say willing spend billion campaign
Kylie Jenner Sizzles In These Chip-Pan Accident Pictures,0,kylie jenner sizzle chip pan accident picture
"WATCH: On The Missouri Campus, A Clash Of 2 First Amendment Protections",1,watch missouri campus clash first amendment protection
Secrets of the US Election: Assange Talks to Pilger,0,secret we election assange talk pilger
"Obama hits the road to push new programs, win support for his tax plan",1,obama hits road push new program win support tax plan
Comment on What Does Success Mean To You? by 11 Things To Let Go Of Before The New Year,0,comment success mean thing let go new year
Louisiana’s Common Core Debacle,1,louisiana common core debacle
New Solar Panels Pull Drinking Water From The Air Because Clean Water Is A Human Right,0,new solar panel pull drinking water air clean water human right
"U.S. economy adds 215,000 jobs in March, jobless rate ticks up to 5 percent",1,economy add job march jobless rate tick percent
Lesser-Known Celebrity Contract Riders - The Onion - America's Finest News Source,0,lesser know celebrity contract rider onion america fine news source
Baltimore calls in federal agents to help homicide cops deal with spike in violence,1,baltimore call federal agent help homicide cop deal spike violence
Militarized Police Brutalize and Arrest Peaceful Protesters at Dakota Access Pipeline #NoDAPL,0,militarize police brutalize arrest peaceful protester dakota access pipeline nodapl
John McCain Withdraws Support of Donald Trump,1,john mccain withdraws support donald trump
Jeb Bush has 'grave doubts' about Donald Trump in WH,1,jeb bush grave doubt donald trump wh
Hillary Literally Became the Definition of ‘Pathological Lying’ on Google Yesterday,0,hillary literally become definition pathological lie google yesterday
Clinton policy on Syria would lead to WW III: Trump,0,clinton policy syria would lead ww iii trump
The Globalization Of Media: A Failing Strike Force,0,globalization medium fail strike force
Nuclear Reactor in Norway Leaks Radioactive Iodine,0,nuclear reactor norway leak radioactive iodine
This policing innovation helped fight crime. But it also led to more corruption.,1,police innovation helped fight crime also lead corruption
"Post-ABC Tracking Poll: Trump 46, Clinton 45, as Democratic enthusiasm dips",1,post abc tracking poll trump clinton democratic enthusiasm dip
Wasserman Schultz on Sanders' response to Nevada chaos: 'Anything but acceptable',1,wasserman schultz sander response nevada chaos anything acceptable
Reductress » ‘How Am I Supposed To Explain This To My Children?’ Asks Melania Trump,0,reductress suppose explain child ask melania trump
Hillary Clinton Cancels Campaign Events Following Pneumonia Diagnosis,1,hillary clinton cancel campaign event follow pneumonia diagnosis
Jon Stewart Finally Comments On Donald Trump’s Lewd Locker Room Talk,0,jon stewart finally comment donald trump lewd locker room talk
The US knows LGBTQ immigrants are often raped in detention. It puts them there anyway.,1,we know lgbtq immigrant often rap detention put anyway
The Boston Globe imagined how it would cover a President Donald Trump. It's horrifying.,1,boston globe imagine would cover president donald trump horrifying
"BREAKING – NYPD Knows The TRUTH About Hillary, Issues Urgent Alert to Voters | EndingFed News Network",0,break nypd know truth hillary issue urgent alert voter endingfe news network
Super Tuesday's over. Can Trump still be stopped? Yes. Here's how,1,super tuesday trump still stop yes
TERROR THREAT WARNING MONDAY | RedFlag News,0,terror threat warn monday redflag news
PENNSYLVANIA GUN STORE tells customers “Muslims and Hillary supporters are not welcome”,0,pennsylvania gun store tell customer muslim hillary supporter not welcome
America will die old and broke: The systematic right-wing plot to ransack the middle-class nest egg,1,america die old break systematic right wing plot ransack middle class nest egg
"Kasich tells Indiana voters to support him, despite pledge not to campaign",1,kasich tell indiana voter support despite pledge not campaign
5 Things To Know About Mike Pence Before Tuesday's Debate,1,thing know mike pence tuesday debate
"House Republicans seek ObamaCare repeal, more defense $$ in new budget plan",1,house republicans seek obamacare repeal defense new budget plan
Trump Panics As 28% of Florida GOP Early Votes go to HILLARY (VIDEO),0,trump panic florida gop early vote go hillary video
Comment on Anonymous: World War 3 Is On The Horizon (In 2016) by World War 3 News 2016: Anonymous Declares WW3 'on the Horizon',0,comment anonymous world war horizon world war news anonymous declare ww3 horizon
Hillary Clinton broke the rules: Our view,1,hillary clinton break rule view
"Trump surges in battleground, national polls",1,trump surge battleground national poll
Ballot Access: Another Way Dems and the GOP Screw Third Parties,1,ballot access another way dem gop screw third party
"US, Japan Push to Fortify Alliances Amid Threat Posed by North Korea",0,we japan push fortify alliance amid threat pose north korea
The secret plot behind the creation of ISIS,1,secret plot behind creation isis
FANTASTIC! TRUMP'S 7 POINT PLAN To Reform Healthcare Begins With A Bombshell! » 100percentfedUp.com,0,fantastic trump point plan reform healthcare begin bombshell 100percentfedup com
Emotional Attachment to Political Parties Seems to Make People More Knee-Jerk in Their Beliefs,1,emotional attachment political party seem make people knee jerk belief
Donald Trump’s despotic fantasies: Here’s what the world would look like if he were president,1,donald trump despotic fantasy world would look like president
Globalist Plan for Human Control,0,globalist plan human control
"In the United States, anxiety is up, but crime is down",1,united states anxiety crime
Trump Melts Down And Accuses The US Postal Service Of Stealing The Election For Clinton,0,trump melt accuse we postal service steal election clinton
"Donald Trump, Hillary Clinton showcase clashing styles at times of crisis",1,donald trump hillary clinton showcase clashing style time crisis
Trump says building a U.S.-Mexico wall is ‘easy.’ But is it really?,1,trump say build mexico wall easy really
U.S.-backed Syrian rebels appeal for antiaircraft missiles,1,back syrian rebel appeal antiaircraft missile
Dogs hit escapees' scent at gas station near prison,1,dog hit escapee scent gas station near prison
Clinton fact-checked on 'truthful' claim in email scandal,1,clinton fact check truthful claim email scandal
Dem outcry on abortion measure they failed to notice threatens to stall anti-sex trafficking bill,1,dem outcry abortion measure fail notice threatens stall anti sex trafficking bill
Podesta relative earned six-figure fees lobbying Clintons State Dept. during his tenure there,0,podesta relative earn six figure fee lobbying clinton state dept tenure
Running on the Hillary Ticket? Then Let Me Ask…,0,run hillary ticket let ask
BREAKING: Trump VP Plane Slides Off Runway at LaGuardia Airport in NYC!,0,break trump vp plane slide runway laguardia airport nyc
Let’s make the South stop lying: The right’s war on our history — and truth — must be defeated now,1,let make south stop lie right war history truth must defeat
Bundy Brother Acquittal Trolled In The Most Hilarious Way On Craigslist,0,bundy brother acquittal troll hilarious way craigslist
October Shocker: FBI Has Explosive Information on Trump Conspiring With Putin,0,october shocker fbi explosive information trump conspire putin
Bernie vs. Hillary: Who connects better with voters?,1,bernie vs hillary connect well voter
Bernie Sanders' big day,1,bernie sanders big day
On Mass Media and its Perceived Prerogatives,0,mass medium perceive prerogative
Donald Trump Likely to End Aid for Rebels Fighting Syrian Government    : Information,0,donald trump likely end aid rebel fight syrian government information
"Trump, Cruz keep on winning. Four reasons why 'Super Saturday' matters",1,trump cruz keep win four reason super saturday matter
How Trump Happened,0,trump happen
Libertarian Gary Johnson Tries His Luck in Las Vegas,1,libertarian gary johnson try luck las vegas
6 Major Supreme Court Cases That Would Have Been Different Without Scalia,1,major supreme court case would different without scalia
Email Reveals What Progressive Think Tank Gained By Hosting Netanyahu,0,email reveal progressive think tank gain host netanyahu
iMAHDi – the arrivals 28 Why Satanism is Practiced by Our Leaders القادمون,0,imahdi arrival satanism practice leader القادمون
"Clinton blasts Wall Street, but still draws millions in contributions",1,clinton blast wall street still draw million contribution
BLACK TRUMP SUPPORTERS call Hillary Clinton a “racist”,0,black trump supporter call hillary clinton racist
Watch: Praying Muslims sit on Jewish prayer shawls in airport shul – Jews are outraged,0,watch pray muslim sit jewish prayer shawl airport shul jews outrage
Donald Trump is destroying Jeb Bush: Why his 9/11 gambit could be the last straw,1,donald trump destroy jeb bush gambit could last straw
"Lights, Camera, Propaganda! Washington's Anti-Russia Campaign Invades Hollywood - Danielle Ryan",0,light camera propaganda washington anti russia campaign invade hollywood danielle ryan
US Calls On Saudi Arabia To End Airstrikes Against Yemen,0,we call saudi arabia end airstrike yemen
Trumpâ€™s Proposed Student Loan Program Makes Him Look More Liberal Than Obama; Republicans Fuming,0,trumpâ propose student loan program make look liberal obama republicans fume
Election Heats Up: Kerry Heads To The Poles…In ANTARCTICA WTF,0,election heat kerry head pole antarctica wtf
Nestle seeks more groundwater to expand Michigan plant,0,nestle seek groundwater expand michigan plant
States with the most people on food stamps,1,state people food stamp
Why Mitch McConnell bid to extend Patriot Act failed,1,mitch mcconnell bid extend patriot act fail
POLL: Who will win Florida? - USAPoliticsNow,0,poll win florida usapoliticsnow
World wildlife ‘falls by 58% in 40 years’,0,world wildlife fall year
Administration officials defend Iran nuclear deal,1,administration official defend iran nuclear deal
"Assange: Clinton And ISIS Are Funded By Same People, “Trump Not Permitted To Win”",0,assange clinton isis fund people trump not permit win
Couple Seeking House Willing To Do Webcam Show For Landlords,0,couple seek house willing webcam show landlord
90 Percent of So-Called Clean Hydroelectric Projects Will Usher In A New Wave of Mercury Contamination,0,percent call clean hydroelectric project usher new wave mercury contamination
"Mitt Romney Was Right: To win in 2016, here's what Republicans must do now",1,mitt romney right win republicans must
"In wake of Paris shooting, Spain worries about terror attacks on its home soil",1,wake paris shoot spain worry terror attack home soil
Carly’s momentum keeps growing,1,carly momentum keep grow
Why mass shootings don't convince gun owners to support gun control,1,mass shooting not convince gun owner support gun control
Division and tension at the DNC: The Democrats’ night of unity is marred by dissent,1,division tension dnc democrats night unity mar dissent
Man with unfashionable front door feared by neighbours,0,man unfashionable front door fear neighbour
Why Was this Natural Medicinal Substance Just Banned by the DEA?,0,natural medicinal substance ban dea
Terrorists attack police training college in Pakistan: 60 cadets killed and 120 injured,0,terrorist attack police training college pakistan cadet kill injured
6 Takeaways: Democrats tangle at debate in New York,1,takeaways democrats tangle debate new york
Freedom Rider: Russophobia: War Party Propaganda,0,freedom rider russophobia war party propaganda
Bombs Ready: The American Blob Is Already Oozing Into Syria - Ryan Cooper,0,bomb ready american blob already ooze syria ryan cooper
Republicans push for a permanent aristocracy,1,republicans push permanent aristocracy
"Classified emails from Clinton aides kick-started FBI probe, candidate downplays controversy",1,classify email clinton aide kick start fbi probe candidate downplay controversy
Cruz likely to block Trump on a second ballot at the GOP convention,1,cruz likely block trump second ballot gop convention
Comment on BREAKING: Supreme Court Rules Cops Can Break the Law to Enforce the Law by Joseph Edward Bodden,0,comment break supreme court rule cop break law enforce law joseph edward bodden
The Failure of US Democracy,0,failure we democracy
Trump or Clinton?,0,trump clinton
5 takeaways from the debate that didn’t matter,1,takeaway debate didn matter
Pleading for Paul Ryan,1,plead paul ryan
Long Odds Ahead for Obama on His Troubled Trade Agenda,1,long odd ahead obama troubled trade agenda
Here Is Why the Trump Administration Will Be a Force for Peace - James P. Pinkerton,0,trump administration force peace james pinkerton
Plouffe to Clinton: Stop micromanaging,1,plouffe clinton stop micromanage
Obama's leadership tank is out of gas: President shrinks as our challenges grow,1,obama leadership tank gas president shrink challenge grow
Sex and the Presidential City,0,sex presidential city
Marco Rubio is running scared,1,marco rubio run scared
Women In Iceland Leave Work 14% Early To Protest The Country’s 14% Wage Gap,0,woman iceland leave work early protest country wage gap
Urban Population Booms Will Make Climate Change Worse,0,urban population boom make climate change bad
An Open Letter to Black South African Police Officers,0,open letter black south african police officer
Nanny In Jail After Force Feeding Baby To Death,0,nanny jail force feed baby death
Meet the Trump Truthers: Media figures insist bigoted Trump questioner was just a liberal plant,1,meet trump truther medium figure insist bigote trump questioner liberal plant
Why is #SpiritCooking Trending on Twitter?,0,spiritcooke trend twitter
CETA Is Step towards a Corporate Land Called Euramerica,0,ceta step towards corporate land call euramerica
Media Roll Out Welcome Mat for ‘Humanitarian’ War in Syria,0,medium roll welcome mat humanitarian war syria
"Shouts of ‘Not my president!’ in California, following Trump victory",0,shout not president california follow trump victory
"Trump’s a walking time bomb: Don’t be fooled by his “victory,” he can implode his own campaign at any moment",1,trump walk time bomb don fool victory implode campaign any moment
"‘Chairman Cash’ – John Podesta is Paid $7,000 a Month by Foundation Run by Banker With Ties to Financial Crisis",0,chairman cash john podesta pay month foundation run banker tie financial crisis
Israeli Minister sparks Scandal after showing Satisfaction at Italy's Earthquakes,0,israeli minister spark scandal show satisfaction italy earthquake
Trump’s campaign for celebrity,0,trump campaign celebrity
"Eric Trump: Dad's Campaign To Focus On, Fix Inner-City Education",1,eric trump dad campaign focus fix inner city education
Brexit Lost: Scuppered By May and High Court,0,brexit lose scupper may high court
Trump spurs some conservative leaders to step back from the GOP,1,trump spur conservative leader step back gop
"Obama's DOJ Issued ""Stand Down"" Order on Clinton Foundation Investigation",0,obama doj issue stand order clinton foundation investigation
Breaking/Exclusive: Comey Lied: FBI “Synced” Weiner Laptop Under Misused Terror Warrant – Updated,0,break exclusive comey lie fbi sync weiner laptop misuse terror warrant update
Michael Moore Visits WikiLeaks’ Julian Assange [Video],0,michael moore visit wikileak julian assange video
Election Night Drama: Hillary overheard giving spouse a tongue lashing!,0,election night drama hillary overheard give spouse tongue lashing
Israeli Deputy Minister: Italy Quakes Retribution For Anti Jewish Vote,0,israeli deputy minister italy quakes retribution anti jewish vote
Is it 2016 already?,1,already
It’s On: Between Duterte and America,0,duterte america
Boehner: Israel trip planned before Netanyahu-Obama rift,1,boehner israel trip plan netanyahu obama rift
The US May Soon Face an Apocalyptic Seismic Event,0,we may soon face apocalyptic seismic event
Anti-Trump Protester Holds Reprehensible Sign about Melania – TruthFeed,0,anti trump protester hold reprehensible sign melania truthfeed
Why These Democrats Flipped To Defeat Wall Street Deregulation,1,democrats flip defeat wall street deregulation
New Leaked Clinton Emails Came from the Devices of Anthony Weiner,0,new leak clinton email come device anthony weiner
Federal Election Commission (“FEC”) Is Another Example of a Lazy Corrupt Agency,0,federal election commission fec another example lazy corrupt agency
California Airport Security Tightened Amid ISIS Fears,1,california airport security tighten amid isis fear
"Exclusive: New Jeb Bush Super PAC ad uses Paris, San Bernardino images",1,exclusive new jeb bush super pac ad use paris san bernardino image
Megyn [sic] Kelly: Gowdy Triumphantly Comments on the Hillary Case Reopening,0,megyn sic kelly gowdy triumphantly comment hillary case reopen
Can Hillary flip the script in Oregon and Kentucky?,1,hillary flip script oregon kentucky
Rise of Mandatory Vaccinations Means the End of Medical Freedom,0,rise mandatory vaccination mean end medical freedom
Bank of Canada Commentary Whipsaws Loonie,0,bank canada commentary whipsaws loonie
Cruz and Kasich form an alliance: Is that fair? (+video),1,cruz kasich form alliance fair video
Glenn Reynolds: Don't be a sucker for socialism,1,glenn reynolds not sucker socialism
Why the death of GOP 'loyalty pledge' matters,1,death gop loyalty pledge matter
How Cruz rescued Carson,1,cruz rescue carson
Would A Trump Presidency Make SJWs EVEN MORE Aggressive–And Is Secession The Answer?,0,would trump presidency make sjws even aggressive secession answer
FRENCH COLLEGE STUDENT came to America with her family nine years ago because Europe had become too dangerous to live in because of mass Muslim migration,0,french college student come america family nine year ago europe become dangerous live mass muslim migration
Police Arrest 12 Suspected Of Helping Paris Gunmen,1,police arrest suspect help paris gunman
Combat Obesity with a Balance of Omega-3 and Omega-6,0,combat obesity balance omega omega
What is the goal of the Progressive Movement: to gain power or to give it away?,0,goal progressive movement gain power give away
US election 2016: Bernie Sanders' and Hillary Clinton's policies compared,1,us election bernie sanders hillary clinton policy compare
"Trump, Clinton trade blows on terror and guns in wake of Orlando attack",1,trump clinton trade blow terror gun wake orlando attack
What's wrong with the planet? Saudi Arabia to be reelected to UN Human Rights Council,0,wrong planet saudi arabia reelect un human rights council
Clinton defends role over Benghazi in heated Hill hearing,1,clinton defend role benghazi heated hill hearing
Many Clinton charity donors also got State Department awards under Hillary,1,many clinton charity donor also get state department awards hillary
Hillary Clinton and Bernie Sanders = lecture vs. rock concert,1,hillary clinton bernie sanders lecture vs rock concert
Even Gawker haters should fear the strategy Peter Thiel is using to destroy Gawker,1,even gawker hater fear strategy peter thiel use destroy gawker
Gun control becomes a litmus test in Democratic primaries,1,gun control become litmus test democratic primary
ATF misfire? Guide indicates bullets at center of firestorm already banned; agency blames 'error',1,atf misfire guide indicate bullet center firestorm already ban agency blame error
America’s Most Popular ‘Legal’ Drug is Responsible for 25% of ALL Cancer,0,america popular legal drug responsible cancer
Stationing American troops in Japan will lead to bloody tragedy – ex-PM of Japan,0,station american troop japan lead bloody tragedy ex pm japan
Deterioration of Interracial Relations During Barack Obama’s Presidency,0,deterioration interracial relation barack obama presidency
VFW fires back at Obama: Politics not 'confused',1,vfw fire back obama politic not confuse
GOP reaches ‘new level of panic’ over Trump’s candidacy,1,gop reach new level panic trump candidacy
Clinton regrets 1996 remark on ‘super-predators’ after encounter with activist,1,clinton regret remark super predator encounter activist
Washington Post Anti-Trump Scare Tactics,0,washington post anti trump scare tactic
Critics to the White House: Call Orlando What it Is,1,critic white house call orlando
‘On Contact’: Chris Hedges and Medea Benjamin on the U.S.-Saudi Alliance,0,contact chris hedges medea benjamin saudi alliance
"Defying Republican orthodoxy, Trump trashes trade deals and advocates tariffs",1,defy republican orthodoxy trump trash trade deal advocate tariff
Former Egyptian president Morsi sentenced to death,1,former egyptian president morsi sentence death
Re: Jedi mind trick? Mark Hamill to Democrats: ‘Don’t panic- VOTE!’,0,jedi mind trick mark hamill democrats don panic vote
"Copenhagen police shoot, kill man near train station",1,copenhagen police shoot kill man near train station
Hoax Tweet leads to street riots,0,hoax tweet lead street riot
Let’s dispel with this notion that Donald Trump knows what he’s doing,1,let dispel notion donald trump know
"Republican convention’s ‘non-conventional’ list: Model, astronaut and Trump clan",1,republican convention non conventional list model astronaut trump clan
Curfew begins in riot-torn Baltimore,1,curfew begin riot tear baltimore
Battle For Mosul Not What It Seems,0,battle mosul not seem
How right was Romney?,1,right romney
Marco Rubio: Donald Trump's plan 'borders on the absurd',1,marco rubio donald trump plan border absurd
Steven Seagal receives Russian citizenship on Putin’s personal decision,0,steven seagal receive russian citizenship putin personal decision
Man searching for unbiased review of ADHM and Shivaay on internet ends up exhausting data pack,0,man search unbiased review adhm shivaay internet end exhaust datum pack
The state Duma has postponed the adoption of the bill on “winter tires” | The Newspapers,0,state duma postpone adoption bill winter tire newspaper
Not all the recent fires at black churches were arson. Here's what we know.,1,not recent fire black church arson know
21 Things We’ve Learned About Hillary Clinton from Wikileaks That the MSM Won’t Share…But YOU Can!,0,thing learn hillary clinton wikileak msm win share
UDAN effect: Bengaluru techies demand air taxi services to cross Silk Board,0,udan effect bengaluru techie demand air taxi service cross silk board
Obama Will Address Hillary’s Email Scandal on First Ever ‘Fox News Sunday’,1,obama address hillary email scandal first ever fox news sunday
Russia reveals chilling first images of super-nuke ‘Satan 2’ which has ‘power to devastate area size of Texas’,0,russia reveal chill first image super nuke satan power devastate area size texas
Obamacare on the line at SCOTUS,1,obamacare line scotus
Asda shoppers ‘just generally angry’,0,asda shopper generally angry
Obama to propose ending sequester,1,obama propose end sequester
More Bang for the Buck | New Eastern Outlook,0,bang buck new eastern outlook
Ben Shapiro Destroys John Oliver On Abortion And Trump | Daily Wire,0,ben shapiro destroy john oliver abortion trump daily wire
Sanders says he's backing DNC chair's primary opponent,1,sanders say back dnc chair primary opponent
Trump doubles down in naming a combative true believer as campaign chief,1,trump double name combative true believer campaign chief
US faces calls to ‘walk away’ from Iran talks,1,we face call walk away iran talk
A monumental test for Boehner,1,monumental test boehner
"Comment on Why We’re All Deficient In Magnesium, The Many Signs & What To Do by Ain’t No Sunshine: Seasonal SADness and Magnesium | Activation Health",0,comment deficient magnesium many sign ain no sunshine seasonal sadness magnesium activation health
"CNBC: TRUMP WILL WIN THE ELECTION AND IS MORE POPULAR THAN OBAMA IN 2008, AI SYSTEM FINDS",0,cnbc trump win election popular obama ai system find
BECK: COMEY LETTER ‘ONE OF THE MOST IRRESPONSIBLE THINGS TO EVER HAPPEN’,0,beck comey letter one irresponsible thing ever happen
Sanders campaign sues DNC after database breach,1,sander campaign sue dnc database breach
Russian warships ready to strike terrorists near Aleppo,0,russian warship ready strike terrorist near aleppo
Time does nothing,0,time nothing
Podesta Goes Crazy Live On CNN Over New FBI Hillary Investigation,0,podesta go crazy live cnn new fbi hillary investigation
"Kim Davis Could Pay As Much As $225,000 In Legal Costs For Her Publicity Stunt",0,kim davis could pay much legal cost publicity stunt
Rapper invited to meet with Obama on youth initiative has ankle monitor go off during meeting,0,rapper invite meet obama youth initiative ankle monitor go meeting
German Panzers to Rumble Once More Along Russian Borders,0,german panzer rumble along russian border
Black Female Attorney Demolishes anti-Trump White TV Anchors,0,black female attorney demolish anti trump white tv anchor
Scientists believe they have found ET,0,scientist believe find et
Pundits and presidents complain about polarization. But it may be the sign of a healthy democracy.,1,pundit president complain polarization may sign healthy democracy
Obama again delays Afghanistan troop drawdown,1,obama delay afghanistan troop drawdown
US Government and the Clinton female: Come to the Psychiatrist's Couch,0,us government clinton female come psychiatrist couch
Hacker Guccifer 2.0 Issues Dire Warning to Americans : Democrats May Try and HACK the Election – TruthFeed,0,hacker guccifer issue dire warn americans democrat may try hack election truthfeed
"Boulder bash: Trump may rip Carson, but the pressure is on Jeb",1,boulder bash trump may rip carson pressure jeb
Echoes of Charlie Hebdo in attack on Texas Muhammad cartoon event (+video),1,echo charlie hebdo attack texas muhammad cartoon event video
One of this election's bright spots: early voting,1,one election bright spot early voting
Battle over Obama immigration actions lands before Supreme Court,1,battle obama immigration action land supreme court
10 Ways Russia is Preparing For World War 3,0,way russia prepare world war
Race to replace Boehner expected to be another leadership vs. conservative caucus showdown,1,race replace boehner expect another leadership vs conservative caucus showdown
Takeaways from the GOP town hall,1,takeaways gop town hall
Brother of Clinton’s Campaign Chair is an Active Foreign Agent on the Saudi Arabian Payroll,0,brother clinton campaign chair active foreign agent saudi arabian payroll
Hillary Spent $25 Million from Clinton Foundation on Private Jets,0,hillary spend million clinton foundation private jet
"From Pauper to A-List Princess, Anna Kendrick Reveals She Was Once 'Too Poor' To Buy Shoes for Oscars",0,pauper list princess anna kendrick reveal poor buy shoe oscar
Trump’s sweep is another humiliating defeat for media and political elites,1,trump sweep another humiliating defeat medium political elite
Levers of Power: Flushing the Vote Down the Memory Hole,0,lever power flush vote memory hole
2016ers hail release of U.S. prisoners held by Iran as Republicans slam Obama policy,1,2016ers hail release prisoner hold iran republicans slam obama policy
Is Sanders 2016 Becoming Nader 2000?,1,sander become nader
"The Perfect State Index: If Iowa, N.H. Are Too White To Go First, Then Who?",1,perfect state index iowa white go first
Poll Finds Americans' Support For Police Highest In Nearly 50 Years,0,poll find americans support police high nearly year
FBI Director Comey Sent Letter To Staff All But Admitting He Botched The Email Announcement,0,fbi director comey send letter staff admit botched email announcement
Super PACs Escalate Air War Ahead of Iowa Caucuses,1,super pacs escalate air war ahead iowa caucus
Self-proclaimed “genius” reaches new highs in stupidity: Trump puts his incompetence on full display,1,self proclaim genius reach new high stupidity trump put incompetence full display
Journalist facing 45 years in jail for filming the tar sands pipeline protest in North Dakota,0,journalist face year jail film tar sand pipeline protest north dakota
Trump’s Campaign Is Damaging His Brand,1,trump campaign damage brand
ISIS Extremist Who Beheaded Prisoners Is Identified As Man From London,1,isis extremist behead prisoner identify man london
"Millennials ‘Search for Truth’ on Election but Distrust Media, Intelligence Firm Reports",0,millennial search truth election distrust medium intelligence firm report
Assassination attempt at Reno Trump rally?,0,assassination attempt reno trump rally
Iran's Supreme Leader Slams Republican Letter On Nuke Deal,1,iran supreme leader slam republican letter nuke deal
"Pence, after Trump, denounces Clinton calling supporters ‘deplorables,’ says disrespectful",1,pence trump denounce clinton call supporter deplorable say disrespectful
"Clinton, back in the Benghazi hot seat, withstands Republicans’ grilling",1,clinton back benghazi hot seat withstand republicans grill
What's Marco Rubio's strategy against Donald Trump?,1,marco rubio strategy donald trump
Paris: Riot Police Flatten Invader Camp,0,paris riot police flatten invader camp
Connect Series Webinar Oct 2016 | Financial Markets,0,connect series webinar oct financial market
What Keeps the F-35 Alive,0,keep alive
AMERICAN EVIL,0,american evil
Fiorina: Breakout debate performance has sparked 'uptick' in financial support,1,fiorina breakout debate performance spark uptick financial support
Waco biker gang shootout kills 9 outside Twin Peaks,1,waco biker gang shootout kill outside twin peak
"AT&T Buying Time Warner: If Approved, Assures Greater Scoundrel Media Consolidation Than Already",0,buy time warner approve assures great scoundrel medium consolidation already
Turnout is name of the game in Iowa caucuses,1,turnout name game iowa caucus
BREAKING: Trump Voters in Critical Swing State FURIOUS as Machines SWITCH Votes to HILLARY | Top Right News,0,break trump voter critical swing state furious machine switch vote hillary top right news
CPAC Conservatives Skeptical Of Another Bush,1,cpac conservative skeptical another bush
One Veteran’s War on Islamophobia,0,one veteran war islamophobia
Israeli Minister sparks Scandal after showing Satisfaction for Italy's Earthquakes,0,israeli minister spark scandal show satisfaction italy earthquake
Sanders signals the end is near,1,sander signal end near
Donald Trump could 'shoot somebody and not lose voters',1,donald trump could shoot somebody not lose voter
Democratic primaries: Clinton claims nomination victory,1,democratic primary clinton claim nomination victory
First take: A great jobs report for investors,1,first take great job report investor
Donald Trump's Super Pac backers worry candidate's errors are piling up,1,donald trump super pac backer worry candidate error pile
Did you know that cinnamon can boost intelligence?,0,know cinnamon boost intelligence
Assange Points Out Hillary’s Emails Confirm Oligarchic Control,0,assange point hillary email confirm oligarchic control
Trump’s tragic victory lap,1,trump tragic victory lap
Astronomers Think They Have Just Discovered Messages Sent From Aliens,0,astronomer think discover message send alien
"When Dad’s Kind Birthday Gift For Ex-Wife Has His Friends Puzzled, He Explains Who It’s Really For",0,dad kind birthday gift ex wife friend puzzle explain really
"Trump protests intensify, as doubts swirl about spontaneity",1,trump protest intensify doubt swirl spontaneity
The big problem Obama's free community college plan ignores,1,big problem obama free community college plan ignore
Millennials and Gen X worried retirement years won't be so golden,1,millennials gen worry retirement year not golden
"UK Prepares For War, Sends Tanks & Soldiers To Russia’s Border",0,uk prepare war send tank soldier russia border
Initial prognosis poor for Obama’s immigration program at Supreme Court,1,initial prognosis poor obama immigration program supreme court
AG Lynch Told Comey,0,ag lynch tell comey
VIDEO : Epic Loser Weiner Says He Downloaded ALL OF HUMA’S EMAILS By “ACCIDENT” – TruthFeed,0,video epic loser weiner say download huma email accident truthfeed
Rick Rule: Broadcast Interview – Available Now,0,rick rule broadcast interview available
"Hillary is So Unpopular, She Has to Pay Off Youth Voters and Fabricate Her Rallies",0,hillary unpopular pay youth voter fabricate rally
"Bankrupt Hanjin breaks stalemate, vessels begin cargo unload",0,bankrupt hanjin break stalemate vessel begin cargo unload
"Gold prices grow by $60 as Trump wins, US dollar trashed",0,gold price grow trump win we dollar trash
California National Guard Members won’t have to Pay Back Bonuses,0,california national guard member win pay back bonus
Nation Elects First Black-Hearted President - The Onion - America's Finest News Source,0,nation elect first black hearted president onion america fine news source
"Here’s PROOF The Gold Price is Based On Cost, Not Supply and Demand",0,proof gold price base cost not supply demand
Why I’m Suing Vanderbilt University,0,sue vanderbilt university
"Obama, muted on human rights, lifts arms embargo on Vietnam",1,obama mute human right lift arm embargo vietnam
Trump supporters a ‘basket of deplorables.' Is this Clinton's '47 percent' moment? (+video),1,trump supporter basket deplorable clinton percent moment video
Democratic decay,0,democratic decay
Comment on Election 2016: Playing a Game of Chicken With Nuclear Strategy by pretzelattack,0,comment election playing game chicken nuclear strategy pretzelattack
Snowden’s former employer hires ex-FBI director to review security after 2nd data breach,0,snowden former employer hire ex fbi director review security 2nd data breach
"Report on hiring, quits brightens labor market picture",1,report hire quit brighten labor market picture
"Reuters-Ipsos Poll: Trump, Bush in Virtual Dead Heat",1,reuters ipsos poll trump bush virtual dead heat
House Negotiators Nearing Deal to Curb NSA Data Collection Powers,1,house negotiator near deal curb nsa data collection power
"Huma may have violated ‘legal obligation’ regarding classified info, FOIA request shows",0,huma may violate legal obligation regard classified info foia request show
Someone Just Donated $2.5 Million to Bail Out Everyone Arrested at Standing Rock,0,someone donate million bail everyone arrest stand rock
What Does Washington ‘Plan B’ in Syria Really Mean? | The Vineyard of the Saker,0,washington plan syria really mean vineyard saker
"McConnell, after his no-shutdowns pledge, quickly finds himself boxed in",1,mcconnell no shutdown pledge quickly find box
Russell Brand’s Back on ‘The Trews’ and He’s Got Quite a Bit to Say About the U.S. Elections (Video),0,russell brand back trew get quite bit say election video
UFO over the East Valley here in AZ last night.,0,ufo east valley az last night
Putin: Russia Is Not Going To Attack Anyone,0,putin russia not go attack anyone
How to Tell Debt Facts From Political Hype,1,tell debt fact political hype
Trump on Twitter: Hillary is 'Brainwashed',1,trump twitter hillary brainwash
Poll: Most disapprove of Obama handling of ISIS,1,poll disapprove obama handling isis
The Trump – Epstein Rape Lawsuit,0,trump epstein rape lawsuit
White House hits 'AWOL' Congress for shirking AUMF,1,white house hit awol congress shirk aumf
Hillary Clinton To Announce Presidential Bid On Sunday,1,hillary clinton announce presidential bid sunday
Social Justice Warriors Vow to Call the Police on People Wearing “Offensive” Halloween Costumes,0,social justice warrior vow call police people wear offensive halloween costume
The Only Way to Save the World is to Save Yourself,0,way save world save
Senate passes NCLB replacement: Will shift to states help or hurt students? (+video),1,senate pass nclb replacement shift state help hurt student video
Senate panel votes Tuesday on Iran bill that gives Congress say on nuclear deal,1,senate panel vote tuesday iran bill give congress say nuclear deal
"Dems Try to Slander Comey After He Re-Opens Hillary Investigation, Then THIS VIDEO Surfaces",0,dem try slander comey open hillary investigation video surface
"Black Turnout Soft in Early Voting, Boding Ill for Hillary Clinton",0,black turnout soft early voting bode ill hillary clinton
Top Black Lives Matter Activist: ‘We Will Incite Riots Everywhere if Trump Wins’,0,top black life matter activist incite riot everywhere trump win
Taliban claims responsibility for fatal attack on Americans in Kabul,1,taliban claim responsibility fatal attack americans kabul
Fighting Ghost Fascists While Aiding Real Ones,0,fight ghost fascist aid real one
"Bomb maker linked to Paris attack died in Brussels airport bombing, sources tell",1,bomb maker link paris attack die brussels airport bombing source tell
Republicans discussed possibility of brokered convention,1,republicans discuss possibility broker convention
DC Leaks Exposes Soros Plan to ‘Counter Russian Foreign Policy and Subvert Traditional Russian Values’,0,dc leak expose soros plan counter russian foreign policy subvert traditional russian value
"Saudi ambassador to the UAE: Any contact with Iran, Iraq, Syria, and Lebanon should be checked",0,saudi ambassador uae any contact iran iraq syria lebanon check
Huma Abedin’s Muslim Dad,0,huma abedin muslim dad
"John Pilger: Inside The Invisible Government: War, Propaganda, Clinton And Trump",0,john pilger inside invisible government war propaganda clinton trump
New emails under review in Clinton case emerged from Weiner probe,1,new email review clinton case emerge weiner probe
"Modi effect: Facebook to abolish fake troll accounts, users can transfer content till 31st Dec",0,modi effect facebook abolish fake troll account user transfer content till 31st dec
"As Iran talks intensify, Boehner and Netanyahu warn against deal",1,iran talk intensify boehner netanyahu warn deal
Joel Skousen on Scenario World War 3 NWO 2016 Is Coming,0,joel skousen scenario world war nwo come
"Hillary Won More Votes, Lost The Election",0,hillary win vote lose election
"Feds: 275,000 born to illegals in 1 year",0,fed bear illegal year
Iran nuclear agreement: Is a 'better deal' possible – and at what cost? (+video),1,iran nuclear agreement well deal possible cost video
Income Inequality Is a Problem—When Caused by Government Meddling,1,income inequality problem cause government meddling
Sen. Rand Paul Announces 2016 Presidential Run,1,sen rand paul announce presidential run
ObamaCare 2015: Harvard faculty outraged over health care hikes,1,obamacare harvard faculty outraged health care hike
When the River Ran Red,0,river run red
'Selma' sets off new fight over Martin Luther King's contested legacy,1,selma set new fight martin luther king contest legacy
"In Kenyan town where students were massacred, 'it's not safe'",1,kenyan town student massacre not safe
"“He’s filling the government with Muslims”: Hanging out with Ted Cruz, Mike Huckabee and Rand Paul inside New Hampshire’s wacky GOP 2016 cattle call",1,fill government muslim hang ted cruz mike huckabee rand paul inside new hampshire wacky gop cattle call
Lucifer's Banker: Bradley Birkenfeld on Corporate Crime in America,0,lucifer banker bradley birkenfeld corporate crime america
Clinton clinches Democratic nomination – Sanders vows to fight on,1,clinton clinch democratic nomination sander vow fight
The U.S. government’s predatory-lending program,1,government predatory lending program
Trump Reaches Out to Blacks; Blacks Riot in Philadelphia,0,trump reach black black riot philadelphia
There is no nationwide crime wave (and police killings are not up),1,no nationwide crime wave police killing not
Can’t quit Mitt: Friends say Romney feels nudge to consider a 2016 presidential run,1,quit mitt friend say romney feel nudge consider presidential run
Trump sees Biden the same as Hillary,1,trump see biden hillary
Now what? Where the Democratic candidates go from here.,1,democratic candidate go
"What If Consciousness Is a State of Matter, Just Like a Solid, a Liquid or a Gas?",0,consciousness state matter like solid liquid gas
"While You Were Watching the World Series Some Very, Very Big News Broke",0,watch world series big news break
Jonah Goldberg: Hillary's Iowa 'win' is a big loss for Democrats,1,jonah goldberg hillary iowa win big loss democrat
House passes alternate abortion measure,1,house pass alternate abortion measure
TOO MANY MILLENNIALS ARE COOL WITH COMMUNISM,0,many millennial cool communism
Trump Won’t Mention That Bush & Cheney Deleted 22 Million Emails,0,trump win mention bush cheney delete million email
Poll: Hillary Clinton ahead in 5 potential match-ups - Politics.com,1,poll hillary clinton ahead potential match up politic com
Just In Case: Preparing for the Evening and Day After Election 2016,0,case prepare evening day election
"The David Duke Show: The State of the Campaign, the Synagogue of Satan",0,david duke show state campaign synagogue satan
"Iraqis think the U.S. is in cahoots with the Islamic State, and it is hurting the war",1,iraqis think cahoot islamic state hurt war
The Working Class Won The Election — Paul Craig Roberts,0,work class win election paul craig roberts
What Does It Take to Survive Where You Live?,0,take survive live
Homeschool Families Targeted In District’s ‘Operation Round Up’,0,homeschool family target district operation round
New Report Finds Voters Have No Idea How Outraged They Supposed To Be About Anything Anymore - The Onion - America's Finest News Source,0,new report find voter no idea outrage suppose anything anymore onion america fine news source
"Republican National Convention: Speakers, including wife Melania, testify to Donald Trump’s readiness to be president; others savage Clinton",1,republican national convention speaker include wife melania testify donald trump readiness president other savage clinton
OnPolitics | 's politics blog,1,onpolitics politics blog
Romney exit widens establishment lane for Bush,1,romney exit widen establishment lane bush
Panicky Hillary starts shouting,1,panicky hillary start shout
Lara Trump Implies FBI Letter Politically Motivated – ‘My Father-In-Law Forced Their Hand’ (AUDIO),0,lara trump imply fbi letter politically motivated father law force hand audio
The Collectivist Election,1,collectivist election
Ben Carson slams reporters over questions about his past,1,ben carson slam reporter question past
"Martha MacCallum: It's Donald Trump's moment. And this is how we got here, America",1,martha maccallum donald trump moment get america
The Biggest Secret: How Reptilian-Human Hybrids Run Our World,0,big secret reptilian human hybrid run world
"If You Live HERE, Forget Christmas Lights – They’ve Been BANNED to Avoid “Offending Refugees”",0,live forget christmas light ban avoid offend refugee
Fact Check: Did Hillary Clinton Introduce A New Approach To Early Education?,1,fact check hillary clinton introduce new approach early education
Mark Ruffalo Reportedly Placed on U.S. Terrorist Watch List,0,mark ruffalo reportedly place terrorist watch list
Australian Site Could Rival Stonehenge As World’s Oldest Observatory,0,australian site could rival stonehenge world old observatory
American democracy is doomed,1,american democracy doom
Comey’s Blindside: You’re Just a Cop,0,comey blindside cop
False Flag Attack Coming in Syria as Americans Sleepwalk Into World War III - Isaac Davis,0,false flag attack come syria americans sleepwalk world war iii isaac davis
"Obama Hosts ‘Dreamers,’ Vows to Block Any Rollback of Immigration Actions",1,obama host dreamer vows block any rollback immigration action
Did Bernie Sanders seal deal for Clinton?,1,bernie sanders seal deal clinton
This is only the beginning: Nate Silver explains how Donald Trump has “hacked the system” and created a roadmap for future political con men,1,begin nate silver explain donald trump hack system create roadmap future political con man
Kenyan marathon runner Rita Jeptoo banned 2 more years for doping,0,kenyan marathon runner rita jeptoo ban year dope
DISGUSTING Evolution Of Political Correctness From 200 To 2016,0,disgusting evolution political correctness
Are you taking your iodine?,0,take iodine
Mexico’s top diplomat calls Trump’s policies ‘ignorant and racist’,1,mexico top diplomat call trump policy ignorant racist
Iran Nuclear Talks Go To The Wire With 50-50 Chance of Success,1,iran nuclear talk go wire chance success
Eric Trump ‘Charity’ Spent $880K at Family-Owned Golf Resorts,1,eric trump charity spend 880k family own golf resort
Overdue change in overtime pay: Our view,1,overdue change overtime pay view
This Man Is the Most Dangerous Political Operative in America,1,man dangerous political operative america
PressTV-Russia cancels request to fuel ships in Spain,0,presstv russia cancels request fuel ship spain
EXCLUSIVE: Kentucky Clerk: 'This is a fight worth fighting',1,exclusive kentucky clerk fight worth fight
Donnie’s little lies are yuuuge: Trump has redefined what it means to be deceitful on the campaign trail,1,donnie little lie yuuuge trump redefined mean deceitful campaign trail
"Day after debate, Clinton gloats and Trump fumes",1,day debate clinton gloat trump fume
CAN IT GET MORE CORRUPT? Bill That Bans Naming Officers Involved in Shootings Goes to Pennsylvania Governor,0,get corrupt bill ban name officer involve shooting go pennsylvania governor
Breaking: We Have Proof That Hillary Clinton Rigged Half the Voting Machines In America!,0,break proof hillary clinton rig half voting machine america
Cruz Touts Himself as Only Viable Conservative in Race | RealClearPolitics,1,cruz tout viable conservative race realclearpolitic
What if the minimum wage increase is a fraud?,1,minimum wage increase fraud
Mike Pence enabled Donald Trump. Stop saying he’d make a good president.,1,mike pence enable donald trump stop say make good president
Russia’s patrol ship Yaroslav Mudry arrives in Cuba on visit,0,russia patrol ship yaroslav mudry arrive cuba visit
Bernie's California endgame,1,bernie california endgame
"Rwanda & The Philippines rate better than UK for gender equality, study shows",0,rwanda philippines rate well uk gender equality study show
"'Charlie' draws historic crowd, world leaders to Paris",1,charlie draw historic crowd world leader paris
Ted Cruz Drops Out Of The 2016 Presidential Race,1,ted cruz drop presidential race
Planned Parenthood gets over $500 million annually in public funds. Here's where it goes.,1,plan parenthood get million annually public fund go
Chicago court to hear 'natural-born' case to knock Ted Cruz off ballot,1,chicago court hear natural bear case knock ted cruz ballot
NYDN Calls Out 'Traitor' Senate Republicans,1,nydn call traitor senate republicans
"As Sanders refuses to bow out, Millennials urge him to keep fighting",1,sander refuse bow millennial urge keep fight
"Supreme Court races the clock on gay marriage, Obamacare and more",1,supreme court race clock gay marriage obamacare
Gloves off for top tier in GOP race after debate,1,glove top tier gop race debate
Trump’s Camp Manager DESTROYS Hillary By Pointing Out 1 Thing We All Missed,0,trump camp manager destroy hillary pointing thing miss
EU using taxpayer money to give Muslim invaders in Turkey free debit cards and cash transfers to keep them out of Europe,0,eu use taxpayer money give muslim invader turkey free debit card cash transfer keep europe
Carly Fiorina is more dangerous than Donald Trump: Her brazen demagoguery puts his to shame,1,carly fiorina dangerous donald trump brazen demagoguery put shame
What's in Donald Trump's tax returns?,1,donald trump tax return
Time Is Running Out for Bernie Sanders,1,time run bernie sander
Chips ‘do not need to be cooked three times’,0,chip not need cook three time
Protests Continue as Donald Trump Gears Up for the White House,1,protest continue donald trump gear white house
Ted Cruz Says He Can Woo Donald Trump's Supporters,1,ted cruz say woo donald trump supporter
First 'Charlie Hebdo' issue since attack sells out,1,first charlie hebdo issue since attack sell
"Netanyahu blasts ‘very, very bad’ Iran nuclear agreement",1,netanyahu blast bad iran nuclear agreement
GOP avoids showdown over EPA climate change rules,1,gop avoid showdown epa climate change rule
"Liberal MSNBC’s Chris Matthews Makes Unbelievable Speech, MUST WATCH!",0,liberal msnbc chris matthews make unbelievable speech must watch
"FOX News Poll: Trump gains, Carson slips, Cruz and Rubio climb in GOP race",1,fox news poll trump gain carson slip cruz rubio climb gop race
Has Hillary Clinton Outstayed Her Welcome?,1,hillary clinton outstay welcome
Republicans blast Kerry for suggesting Iran could skirt new visa rules,1,republicans blast kerry suggest iran could skirt new visa rule
The Walter Scott outrage nobody is talking about,1,walter scott outrage nobody talk
Hillary Clinton celebrates her birthday on Spanish TV show and spins her eyes for our entertainment... | Opinion - Conservative,0,hillary clinton celebrate birthday spanish tv show spin eye entertainment opinion conservative
What's the Answer to Political Polarization in the U.S.?,1,answer political polarization
"Clinton, FBIGate and the true depth of the ObamaGeddon",0,clinton fbigate true depth obamageddon
Democratic debate: 5 takeaways - Politics.com,1,democratic debate takeaway politic com
How Soon Before We Become Venezuela?,0,soon become venezuela
France launches fierce assault on ISIS targets in Syria,1,france launch fierce assault isis target syria
Speaker At Trump Rally Says He Hopes Hillary Clinton Dies In A Fiery Car Crash (VIDEO),0,speaker trump rally say hope hillary clinton die fiery car crash video
Huckabee: Resisting the Supreme Court on gay marriage?,1,huckabee resist supreme court gay marriage
Trump Announces Massive Expansion Plans For NASA,0,trump announce massive expansion plan nasa
Shocking! Scientists Reveal The Universe Could Delete Itself At Any Moment!,0,shocking scientist reveal universe could delete any moment
Another Brian Williams Story Comes Into Question,1,another brian williams story come question
Why Hillary Clinton is unlikely to be indicted over her private email server,1,hillary clinton unlikely indict private email server
"As Hillary Clinton heads to Iowa, 5 questions she'll face",1,hillary clinton head iowa question face
On The Fault Lines of Change: Globalization-v-Localization,0,fault line change globalization localization
Trump: A people’s ‘new world order’ taking shape?,0,trump people new world order take shape
State Department says Netanyahu twisted Kerry's words in speech to Congress,1,state department say netanyahu twisted kerry word speech congress
Are you shitting me !! A dindu flavor 24 - 'Jack Bauer??,0,shit dindu flavor jack bauer
"'It's getting harder every day,' Rubio says of possible Trump support",1,get hard every day rubio say possible trump support
Iranian Military Commander Claims Rogue Nation Sending Elite Fighter’s to Infiltrate the US and Europe,0,iranian military commander claim rogue nation send elite fighter infiltrate we europe
There’s an infection hospitals can nearly always prevent. Why don’t they?,1,infection hospital nearly always prevent don
Donald Trump says he has no questions about Marco Rubio's eligibility to be president,1,donald trump say no question marco rubio eligibility president
Amazing baby! 4-year-old Bella from Moscow easily speaks 7 languages,0,amazing baby year old bella moscow easily speak language
"News: Major Headache: The Blue Angels Got Trapped Inside A Costco, And No One Knows How To Get Them Back Outside",0,news major headache blue angel get trap inside costco no one know get back outside
The controversial test that's poised to replace the Pap smear,1,controversial test poise replace pap smear
Hillary is Sick & Tired of Suffering from Weiner Backup,0,hillary sick tired suffer weiner backup
Philadelphia To Host 2016 Democratic National Convention,1,philadelphia host democratic national convention
10 tips to improve your life #117,0,tip improve life
England players controversially allowed to wear three lions,0,england player controversially allow wear three lion
Anti-Hillary Ad is so Powerful She’s SUING to Get it Taken Down – WATCH Before It’s Too Late!,0,anti hillary ad powerful suing get take watch late
Meet Hillary Clinton's Potential Vice Presidents In 100 Words,1,meet hillary clinton potential vice president word
"The media chooses our president (Hillary), because we're a nation of morons.",0,medium choose president hillary nation moron
A Martian Looks at Election Day,0,martian look election day
Talk Nation Radio: James Marc Leas on Canceling the F-35,0,talk nation radio james marc leas cancel
Vladimir Putin – Straight From The Horse’s Mouth,0,vladimir putin straight horse mouth
Partisan voters treat politics and elections like a competitive sports rivalry.,1,partisan voter treat politic election like competitive sport rivalry
Chinese political dissidents are having their organs cut from their bodies for 'transplant tourists',0,chinese political dissident organ cut body transplant tourist
Michelle Obama Promotes Lewd Rappers,0,michelle obama promote lewd rapper
"Fearing Election Day Trouble, Some US Schools Cancel Classes",0,fear election day trouble we school cancel class
"State that fired pastor demands his sermons, notes",0,state fire pastor demand sermon note
Clinton’s Email Narrative Just Fell Apart,0,clinton email narrative fall apart
An Identity-Politicized Election and World Series Lakefront Liberals Can Love,0,identity politicize election world series lakefront liberal love
"EPA unveils comprehensive water regs, critics decry 'power grab'",1,epa unveil comprehensive water reg critic decry power grab
Democratic debate: 6 takeaways,1,democratic debate takeaway
2015: It's time to fire the IRS,1,time fire irs
Re: Don’t worry about Hillary: BuzzFeed confirms she remained totally super awesome while under siege,0,don worry hillary buzzfeed confirm remain totally super awesome siege
Sparks Fly Between Clinton And Sanders At Flint Debate,1,spark fly clinton sander flint debate
Cast Your Vote: Whose Foreign Policy Position Do You Prefer?,0,cast vote whose foreign policy position prefer
Freedom Rider: Dump the Democrats for Good,0,freedom rider dump democrats good
Starnes: Donald Trump is not a conservative,1,starnes donald trump not conservative
Obama on future of terror after bin Laden raid,1,obama future terror bin laden raid
"HILLARY WILL LAND IN PRISON, NOT THE OVAL OFFICE",0,hillary land prison not oval office
Chelsea Clinton Hired Eric Braverman As CEO Of The Clinton Foundation To Clean House. Now It Is Being Said He Is Asking For Asylum In Russia.,0,chelsea clinton hire eric braverman ceo clinton foundation clean house say ask asylum russia
UN failed to organize evacuation of civilians from rebel-held Aleppo – Russian envoy,0,un failed organize evacuation civilian rebel hold aleppo russian envoy
Awakening from the Living Dream,0,awakening living dream
"Trump, in series of scathing personal attacks, questions Clinton’s mental health",1,trump series scathing personal attack question clinton mental health
Solar Winds Spur Geomagnetic Storm That May Affect Power,0,solar wind spur geomagnetic storm may affect power
"Yemen's president, cabinet resign amid rebel standoff",1,yemen president cabinet resign amid rebel standoff
Hillary Torches the Bern in NY Blowout,1,hillary torch bern ny blowout
Trump’s unraveling Republican Party: How we reached this point,1,trump unravel republican party reach point
ObamaCare's future: 11 ways the health care law could be dismantled in 2015,1,obamacare future way health care law could dismantle
CBD-Infused Cannabis Milk Soothes Anxiety And Is Hitting Stores Soon,0,cbd infuse cannabis milk soothe anxiety hit store soon
Motive elusive in deadly San Bernardino rampage as FBI takes over probe,1,motive elusive deadly san bernardino rampage fbi take probe
Orrin Hatch explains friendship with Muhammad Ali,1,orrin hatch explain friendship muhammad ali
What Is Operation Bluebeam? Will It Derail the Election?,0,operation bluebeam derail election
MSNBC Makes Huge Mistake After Trying To Catch Black Family Calling Trump Racist,0,msnbc make huge mistake try catch black family call trump racist
Freedom Center Urges College Presidents to End Aid to Campus Supporters of Terror,0,freedom center urge college president end aid campus supporter terror
Could Trump switch gears? The line of attack against Hillary that could hurt her path to the White House,1,could trump switch gear line attack hillary could hurt path white house
How Republicans saved Hillary Clinton. Again.,1,republicans save hillary clinton
The best evidence yet that Republicans won't do anything on immigration in 2015,1,good evidence yet republicans not anything immigration
Axelrod: Can Ailes tame Trump?,1,axelrod ail tame trump
How Hillary Clinton’s presidential campaign machine will kick into gear,1,hillary clinton presidential campaign machine kick gear
Comment on 500 Year Old Map Was Discovered That Shatters The “Official” History Of The Planet by 500 Year Old Map Discovered Shatters The Official History Of The Human Race,0,comment year old map discover shatter official history planet year old map discover shatter official history human race
Why are celebs staying silent about politics? Esquire editor answers own question by naming and shaming,0,celebs stay silent politic esquire editor answer question name shaming
YOUTUBE BANS ‘CLINTON’S BLACK SON’,0,youtube ban clinton black son
French Jews urged to rally over UNESCO resolutions,0,french jews urge rally unesco resolution
"Iranian troops prepare to aid Russia with Syrian ground assault, officials say",1,iranian troop prepare aid russia syrian ground assault official say
Comment on NOT GUILTY: Oregon Standoff Leaders Acquitted for Malheur Wildlife Refuge Takeover by Richard Johnson,0,comment not guilty oregon standoff leader acquit malheur wildlife refuge takeover richard johnson
US lifts Vietnam arms embargo in move to counter China,1,we lift vietnam arm embargo move counter china
How The Elites Are Using “Divide And Rule” To Control Us,0,elite use divide rule control we
John Boehner says House Republicans have a difference in ‘tactics.’ That’s not entirely true.,1,john boehner say house republicans difference tactic not entirely true
"Could RNC delegates be bought? Legally, maybe",1,could rnc delegate buy legally maybe
Exploding E-Cigarette Engulfs Man in Flames on CCTV Footage,0,explode cigarette engulfs man flame cctv footage
Mike Pence won the debate by throwing Donald Trump under the bus,1,mike pence win debate throw donald trump bus
"Syrian War Report – November 2, 2016: ISIS and Al-Nusra Attempt to Cut Off Govt Supply Line to Aleppo",0,syrian war report november isis al nusra attempt cut govt supply line aleppo
Bush Admin Just Got Involved In FBI’s Probe Into Clinton’s Emails And It’s Game Changing (IMAGE) – New Century Times,0,bush admin get involve fbi probe clinton email game change image new century time
Obama should act with restraint on court: Jonathan Turley,1,obama act restraint court jonathan turley
AP Interview: Santorum Undecided About 2016 Bid,1,ap interview santorum undecided bid
House GOP obsessed with Boehner's future,1,house gop obsess boehner future
"The Oil-Gas War Over Syria, in Maps",0,oil gas war syria map
"Trump, Bush, Fiorina: Three questions, three answers at second GOP debate",1,trump bush fiorina three question three answer second gop debate
Senate votes to block 'sanctuary cities' bill after tense debate on floor,1,senate vote block sanctuary city bill tense debate floor
Comment on Congress: Attorney General Lynch ‘Pleads Fifth’ on Secret Iran ‘Ransom’ Payments by marlene,0,comment congress attorney general lynch plead fifth secret iran ransom payment marlene
Angry right’s secret playbook: How it uses a good story to peddle an agenda America hates,1,angry right secret playbook use good story peddle agenda america hat
6 Natural Herbs To Prevent Mental Disorders,0,natural herb prevent mental disorder
The Retirement Nightmare: “There Will Be Life Altering Ramifications For Those Who Can’t Or Won’t Adapt To New Realities”,0,retirement nightmare life altering ramification win adapt new reality
"After S.C. police shooting, a radically different response (+video)",1,police shoot radically different response video
The Danger of Germany’s Current Account Surpluses,0,danger germany current account surplus
Gary Johnson picks up his first congressional backer,1,gary johnson pick first congressional backer
UK Doctors Create List of Procedures You Don’t Need,0,uk doctor create list procedure don need
"For Trump, turning this around won't be easy",1,trump turn around not easy
Senate Blocks Bill To End Government Collection Of Phone Records,1,senate blocks bill end government collection phone record
New tensions erupt between the White House and Netanyahu,1,new tension erupt white house netanyahu
Supreme Court divided on Obama's immigration actions,1,supreme court divide obama immigration action
The Freakout From An Obamacare Ruling Could Be Unlike Anything We've Seen,1,freakout obamacare ruling could unlike anything see
Why Trump may be winning the war on ‘political correctness’,1,trump may win war political correctness
Trump Promises ‘New Deal for Black America’,0,trump promise new deal black america
House Republicans say IRS should blame itself for rough tax season,1,house republicans say irs blame rough tax season
5 worst right-wing moments of the week — Palin & Trump declare war on Bill O’Reilly,1,bad right wing moment week palin trump declare war bill reilly
Clinton campaign stiff-arms reporter in coverage pool,1,clinton campaign stiff arm reporter coverage pool
Donald Trump: 'I'm not flip-flopping' on immigration,1,donald trump not flip flopping immigration
Donald Trump throws a grand old party,1,donald trump throw grand old party
New York election results: 5 takeaways,1,new york election result takeaway
How To Lower Blood Pressure Naturally,0,low blood pressure naturally
Why Debbie Wasserman Schultz failed,1,debbie wasserman schultz fail
"Trump Caught Again, Ripping Off Kids Charity This time",0,trump catch rip kid charity time
Florida Republicans Voting for Hillary Clinton · Guardian Liberty Voice,0,florida republicans vote hillary clinton guardian liberty voice
The Trump data card: Key to winning the White House,1,trump datum card key win white house
Huge 'Hillary For Prison' Sign at World Series Game,0,huge hillary prison sign world series game
David Duke Slams the NFL and Black Lives Matter in Monday NIght Football Game Senate Campaign Ads –NFL Bosses cringe.,0,david duke slam nfl black life matter monday night football game senate campaign ad nfl boss cringe
Hillary’s leftward sprint cheers Dems,1,hillary leftward sprint cheer dem
Donald Trump leads an insane white cult — and Pat Buchanan just explained how it works,1,donald trump lead insane white cult pat buchanan explain work
"The biggest thing Iran deal critics get wrong, in one paragraph",1,big thing iran deal critic get wrong one paragraph
How A 2007 Debate Gaffe Paved The Way For A Deal That Will Define Obama's Legacy,1,debate gaffe pave way deal define obama legacy
Russian Passenger Plane Crashes In Sinai With 224 Aboard,1,russian passenger plane crash sinai aboard
"“When You Speak Up for the MOVE 9, You Speak Up for Yourself”",0,speak move speak
Cheese shortage due to enlarged moon. More soon.,0,cheese shortage due enlarge moon soon
"NATO Sends A Message To Russia, This Is Horrifying",0,nato send message russia horrify
"Regardless of who wins the confirmation battle, the big loser is the Supreme Court",1,regardless win confirmation battle big loser supreme court
U.S. Behind Huge Weapons Shipments To Saudi Arabia Prior to Yemen Funeral Attack,0,behind huge weapon shipment saudi arabia prior yemen funeral attack
The Battleship Debate,0,battleship debate
Texas Bill To Add Barriers To Gay Marriage Dies In House,1,texas bill add barrier gay marriage die house
Arise President Trump (or Why it's not the End of the World as We Know it),0,arise president trump not end world know
"Suspect in 4 gruesome D.C. killings might not have acted alone, police say",1,suspect gruesome killing might not act alone police say
Fed lowers economic outlook but stays mum on rate plans,1,fed lowers economic outlook stay mum rate plan
Satellite Images Show 'Catastrophic' Destruction Of Boko Haram Attack In Nigeria,1,satellite image show catastrophic destruction boko haram attack nigeria
May Day's meaning: How it unfolded in Seattle,1,may day meaning unfold seattle
Comment on Democratic Party operative Bob Beckel calls for assassinating WikiLeaks’ Julian Assange by truckjunkie,0,comment democratic party operative bob beckel call assassinate wikileak julian assange truckjunkie
Will an Anti-Trump Color Revolution engulf the US?,0,anti trump color revolution engulf we
"Liberal media mocks Republican presidential candidates with ""clown car"" diss",1,liberal medium mock republican presidential candidate clown car diss
State Department challenges Clinton claim that emails to officials ‘immediately’ saved,1,state department challenge clinton claim email official immediately save
NewsThump declared an Enemy of the People,0,newsthump declare enemy people
NATO acknowledges Russia Moving Nuclear Missiles To Kaliningrad,0,nato acknowledge russia move nuclear missile kaliningrad
"ISIS claims credit for terror attacks at Brussels airport, Metro station",1,isis claim credit terror attack brussels airport metro station
Orlando Attack Just Added More Fuel to Divisive Politics,1,orlando attack add fuel divisive politic
I Envy You,0,envy
"Obama Addresses Vaccinations, Other Issues In NBC Interview",1,obama address vaccination issue nbc interview
Scientists Say Universe Is Part Of 4th Dimension Born From Black Hole,0,scientist say universe part 4th dimension bear black hole
Hillary Clinton Raised $45 Million In Latest Quarter,1,hillary clinton raise million late quarter
State Department spokeswoman floats jobs as answer to ISIS,1,state department spokeswoman float job answer isis
GOP's nightmare: An Independent Donald Trump,1,gop nightmare independent donald trump
ISIS applies chlorine in Aleppo,0,isis apply chlorine aleppo
Ted Cruz: Protester would get spanking at my house,1,ted cruz protester would get spanking house
#muschniwogdowis of the day: business as usual.,0,muschniwogdowis day business usual
Boehner's preparing to sue Obama again — over immigration,1,boehner prepare sue obama immigration
Republican Lawmaker Secretly Recorded Fantasizing To Gun Group About Shooting Hillary (AUDIO),0,republican lawmaker secretly record fantasizing gun group shoot hillary audio
Questions Re Kim DotCom and Wikileaks,0,question kim dotcom wikileak
The Democratic Party Got Crushed During The Obama Presidency. Here's Why,1,democratic party get crush obama presidency
TRANSPARENCY! Report: Loretta Lynch won’t tell Congress who approved $1.7 billion cash transfer to Iran,0,transparency report loretta lynch won tell congress approve billion cash transfer iran
1 in 5 Americans say Hillary Clinton is “dishonest” or a “liar.” Here’s why that’s a big problem.,1,americans say hillary clinton dishonest liar big problem
Internationally-backed Libyan forces attack Daesh positions in Sirte,0,internationally back libyan force attack daesh position sirte
Putin’s Pro-Trump Online Trolls Just Spilled The Beans To Samantha Bee,0,putin pro trump online trolls spill bean samantha bee
"In Common Core, a larger battle over the size of government",1,common core large battle size government
Here comes the opposition book: Clinton and her allies prepare for Trump,1,come opposition book clinton ally prepare trump
Venezuela Throws In The Towel On Hyperinflation: Will Print 200x Higher-Denominated Bills,0,venezuela throw towel hyperinflation print 200x high denominate bill
Clinton allies urge campaign to torch Trump,1,clinton ally urge campaign torch trump
"Sanders, Republican governors eye comeback in New Hampshire primary",1,sanders republican governor eye comeback new hampshire primary
Series of powerful earthquakes including 6.0 magnitude strikes central Italy,0,series powerful earthquake include magnitude strike central italy
"Justices agree to hear dispute over union fees, reapportionment",1,justice agree hear dispute union fee reapportionment
"Trump in Vegas, Phoenix: Illegals 'Wreaking Havoc on Our Population'",1,trump vegas phoenix illegal wreak havoc population
"Behind The Shortage Of Special Ed Teachers: Long Hours, Crushing Paperwork",1,behind shortage special ed teacher long hour crush paperwork
"Our meeting with Mark Zuckerberg: Conservatives need Facebook, and it needs us",1,meeting mark zuckerberg conservatives need facebook need we
Mike Huckabee: Gay People 'Can Be My Friends',1,mike huckabee gay people friend
Hillary Is 70 Days Away From Controlling All Food and Water,0,hillary day away control food water
"Obama at Prayer Event: Christians did terrible things, too",1,obama prayer event christian terrible thing
"For Trump, a new ‘rigged’ system: The election itself",1,trump new rig system election
Comment on Sweden on the brink? Police force pushed to breaking point by violence amid migrant influx by Paul Blake,0,comment sweden brink police force push break point violence amid migrant influx paul blake
Mainstream Presidential Polls Fuel Illusion That Voters Are Stuck With Only Two Choices,0,mainstream presidential poll fuel illusion voter stick two choice
Bush's 2016 remarks kick other potential GOP candidates into higher gears,1,bush remark kick potential gop candidate high gear
"Why ISIS's reign of fear has worked, and how it can be countered",1,isis reign fear worked counter
Deepwater Horizon Continues to Impact Public Health,0,deepwater horizon continue impact public health
French Politician Blames UK Welfare System For Calais Jungle Crisis,0,french politician blame uk welfare system calais jungle crisis
Syrian Refugee in Germany Gets $390K in Annual Benefits. And It's Because of Who He Takes Care Of,0,syrian refugee germany get 390k annual benefit take care
Russia launches naval bombardment of targets in Syria,1,russia launch naval bombardment target syria
TRUMP BOMBSHELL! — I’m reopening 9/11 Investigation,0,trump bombshell reopen investigation
Brian Cloughley: “The Greatest Achievement of Mr. Trump would be Engage in Positive Discussions with Russia and China”,0,brian cloughley greatest achievement mr trump would engage positive discussion russia china
Man punctuates high-speed chase with stop at In-N-Out Burger drive-thru,0,man punctuate high speed chase stop burger drive thru
The right turns on Paul Ryan: Yesterday’s conservative savior is today’s moderate wimp,1,right turn paul ryan yesterday conservative savior today moderate wimp
"First Brexit, Now Trump … What’s Next?",0,first brexit trump next
Hillary Clinton Keeps It Safe With Tim Kaine as VP Pick,1,hillary clinton keep safe tim kaine vp pick
Security Expert: My Fear is That More Churches Will be Targeted,1,security expert fear church target
Europe Mounts Historic Challenge to Google’s Domination of Tech Services,0,europe mount historic challenge google domination tech service
Statistical Tie: Latest Breitbart/Gravis Poll Shows Donald Trump Closes the Gap with Less Than Two Weeks Left,0,statistical tie late breitbart gravis poll show donald trump close gap less two week left
MSNBC’s year of standing up straight,1,msnbc year stand straight
The Libertarian Moment Is So Over That Libertarians Are Now The Single Largest Group: Gallup,1,libertarian moment libertarian single large group gallup
March 15 Exit Poll Results: The Polarization of Primary Electorates,1,march exit poll result polarization primary electorate
Reuters Poll: Most Voters Don't Think Bill Clinton Big Factor in Election,1,reuters poll voter not think bill clinton big factor election
Hillary Clinton FREAKED OUT Her Entire Campaign With This ONE MOVE,0,hillary clinton freak entire campaign one move
"Shame to waste Corbyn on a snap election, says May",0,shame waste corbyn snap election say may
A Coup Taking Place in the United States,0,coup take place united states
"Super Tuesday prizes: Candidates in fierce fight for Texas, other delegate goldmines",1,super tuesday prize candidate fierce fight texas delegate goldmine
How Obama Abandoned Democracy in Iraq,1,obama abandon democracy iraq
Obama gets away with some whoppers on guns at town hall event,1,obama get away whopper gun town hall event
Doubts Rise Over Report Freddie Gray Injured Himself,1,doubt rise report freddie gray injure
Public Support for the Euro,0,public support euro
"Prof: Canoes reek of genocide, white privilege",0,prof canoe reek genocide white privilege
"US-led Coalition Killed 300 Civilians in just 11 Air Strikes in Syria, Amnesty International Report Finds",0,we lead coalition kill civilian air strike syria amnesty international report find
Time: Investigating Hillary is an Attack on All Women,0,time investigate hillary attack woman
State Department OK'd most Bill Clinton speech requests within days,1,state department ok bill clinton speech request within day
Obamacare Architect on Rising Premiums: It’s Not a Big Increase,0,obamacare architect rise premium not big increase
No profit left behind,1,no profit leave behind
Hidden in plain sight – The global depopulation agenda,0,hide plain sight global depopulation agenda
JUST IN: Trump Camp Caught On Cam Bragging Of “Voter Suppression” Against Women & Blacks (VIDEO),0,trump camp catch cam bragging voter suppression woman black video
Think Facebook isn't political? Think again | Nellie Bowles,1,think facebook not political think nellie bowle
"Here’s how a wealthy Trump supporter could give $783,400 to support his campaign and the RNC",1,wealthy trump supporter could give support campaign rnc
"Go Ahead, Throw Your Vote Away",1,go ahead throw vote away
America Is Better Without Borders,0,america well without border
RNC Chair urges against changing convention rules before Cleveland,1,rnc chair urge change convention rule cleveland
A Republican Representative Just Called For Hillary To Be Killed By Firing Squad,0,republican representative call hillary kill fire squad
Donald Trump and the $12.7 million Ukraine connection,1,donald trump million ukraine connection
Obama Will Not Meet with Netanyahu During Trip to Washington,1,obama not meet netanyahu trip washington
Let’s Be Clear – A Vote For Warmonger Hillary Clinton Is A Vote For World War 3,0,let clear vote warmong hillary clinton vote world war
Video: How To Build A Simple Water Purifier That Turns Dirty Water And Even Salt Water Into Clean Fresh Pure Water,0,video build simple water purifier turn dirty water even salt water clean fresh pure water
THIS IS COMEY’S LAST CHANCE FOR REDEMPTION – TruthFeed,0,comey last chance redemption truthfeed
There Is Something Extraordinary Happening In The World – And You Probably Didn’t Realize It Yet,0,something extraordinary happen world probably didn realize yet
The media needs to stop telling this lie about Donald Trump. I’m a Sanders supporter — and value honesty,1,medium need stop tell lie donald trump sander supporter value honesty
"Do Democrats Want What Bernie Wants, Or Just What Bernie Has?",1,democrats want bernie want bernie
"OCTOBER DIARY: Borjas No Bore; NOSTAR—”No Such Thing As Race”, Etc",0,october diary borjas no bore nostar no thing race etc
Is Hillary Running for Bill’s Third Term?,1,hillary running bill third term
"Black Agenda Radio for Week of Nov. 7, 2016",0,black agenda radio week nov
Bibi's victory is Kerry's defeat,1,bibi victory kerry defeat
Trudeau Elected Canada's Prime Minister As Liberals Assume Power,1,trudeau elect canada prime minister liberal assume power
What makes America 'exceptional'? Clinton and Trump trade places (+video),1,make america exceptional clinton trump trade place video
Hillary Clinton’s Countless Choices Could Hinge on 2016 Election,1,hillary clinton countless choice could hinge election
Terror Tots: We Must Prepare for the Child-Fighters of ISIS,0,terror tot must prepare child fighter isis
LUCIFER in the Temple of the Dog II,0,lucifer temple dog ii
Ep. 544 FADE to BLACK Jimmy Church w/ Laura Eisenhower : Restoring the Balance [VIDEO],0,ep fade black jimmy church laura eisenhower restore balance video
"The Email Mess, Comey’s quandary and the expanding brawl in Washington",0,email mess comey quandary expand brawl washington
Wall Street Flies Higher for Second Day of Gains,1,wall street fly high second day gain
Alaska scrambles to prevent Obamacare collapse,1,alaska scrambles prevent obamacare collapse
"The Daily 202: Ted Cruz might be the last, best hope for conservatives to stop Donald Trump after Super Tuesday",1,daily ted cruz might last good hope conservative stop donald trump super tuesday
Will Barack Obama delay or suspend the election if Hillary is forced out by the new FBI email investigation?,0,barack obama delay suspend election hillary force new fbi email investigation
'Understudies' Kaine and Pence add value in VP debate (+video),1,understudy kaine pence add value vp debate video
Russian Oven: Millet pumpkin porridge,0,russian oven millet pumpkin porridge
Biden's Latest Signal He Won't Run For President,1,biden late signal not run president
Nation Still Struggling To Come To Terms With Terrorist Living In Ireland,0,nation still struggle come term terrorist living ireland
The Destruction of Reason in West,0,destruction reason west
The Man Who Will Not Bow to Fearmongering,1,man not bow fearmongere
The Destroyer Cometh,1,destroyer cometh
U.S. Elections Shockwaves Hit Europe,0,election shockwave hit europe
"All Governments Lie, The Movie",0,government lie movie
Woodward On Clinton Foundation “It’s Corrupt”,0,woodward clinton foundation corrupt
"Re: WE’RE NOT NASTY! Like all Democrats, Sally Kohn proves how little she thinks of women with this tweet",0,not nasty like democrats sally kohn prove little think woman tweet
Herbs to Grow in Winter and Fall,0,herb grow winter fall
‘Supermajority’ of House Freedom Caucus to back Paul Ryan’s speaker bid,1,supermajority house freedom caucus back paul ryan speaker bid
Journalism Startup Newsbud Launches Critical 2nd Crowdfund - Richard Brandt,0,journalism startup newsbud launch critical 2nd crowdfund richard brandt
How To Win The Presidency With 23 Percent Of The Popular Vote,1,win presidency percent popular vote
Farmers: Trump 'terrible for agriculture',1,farmer trump terrible agriculture
Cyrus Mistry joins AAP; Tata Sons shortlists candidates for chairman’s post,0,cyrus mistry join aap tata son shortlist candidate chairman post
Obama to Supreme Court: You wouldn’t dare kill Obamacare,1,obama supreme court wouldn dare kill obamacare
An Alabama Reader Is Pleased To Report That Jeff Sessions Reads Ann Coulter!,0,alabama reader please report jeff sessions read ann coulter
Pa. lawmakers approve ban on naming officers in shootings,0,pa lawmakers approve ban name officer shooting
Why the Jobs Aren’t Coming Back. The “modern day marvel.”,0,job aren come back modern day marvel
Donald Trump's Real Problem Is With White People,1,donald trump real problem white people
"Florida’s “deceptive” solar initiative, backed by utilities companies, loses support",0,florida deceptive solar initiative back utility company lose support
Which Republicans have come out against Boehner for speaker? Here’s a list.,1,republicans come boehner speaker list
WE TOLD HER! Budweiser Hits “DELETE” On Beer Ads Featuring Amy Schumer Because…,0,tell budweiser hit delete beer ad feature amy schumer
DEVELOPING: FBI Reopens Investigation into Clinton Emails After New ‘Pertinent’ Evidence Discovered,0,develop fbi reopen investigation clinton email new pertinent evidence discover
"Project Veritas 4: Robert Creamer's Illegal $20,000 Foreign Wire Transfer Caught On Tape | RedFlag News",0,project verita robert creamer illegal foreign wire transfer catch tape redflag news
‘Solar Winds’ Spur Geomagnetic Storm That May Affect Power,0,solar wind spur geomagnetic storm may affect power
Company that Supplied Voting Machines to 22 States Donated to Clinton Foundation,0,company supply voting machine state donate clinton foundation
How global terror network will get a boost from Iran nuclear deal,1,global terror network get boost iran nuclear deal
Elon Musk to Completely Revolutionize the Energy Industry with New Tesla Solar Roof,0,elon musk completely revolutionize energy industry new tesla solar roof
Barrel Bomb: The Cataclysmic Close of Campaign 2016      : Information,0,barrel bomb cataclysmic close campaign information
6 detained in raids in Belgium,1,detain raid belgium
Top Senate Democrat urges Clinton to address private email controversy,1,top senate democrat urge clinton address private email controversy
Obama opens door to 'limited' ground combat operations against ISIS,1,obama open door limited ground combat operation isis
"Washington's Embargo on Cuba Not Effective, Isolated US - White House",0,washington embargo cuba not effective isolate we white house
"Fox News built a f**ked-up Frankenstein, dumb, angry and divorced from facts. Now Donald Trump will devour them",1,fox news build ked frankenstein dumb angry divorce fact donald trump devour
Comment on 184 U.S. generals and admirals endorse Trump for Commander-In-Chief by Tonya Parnell,0,comment general admiral endorse trump commander chief tonya parnell
Police across the country are being equipped with ‘Christian’ facial recognition cameras,0,police across country equip christian facial recognition camera
Ky. clerk says won’t personally authorize gay marriage licenses -- or interfere,1,ky clerk say won personally authorize gay marriage license interfere
Jeb Bush Among Conservatives Criticizing Pope For Climate Change,1,jeb bush among conservative criticize pope climate change
Major donors consider funding Black Lives Matter,1,major donor consider fund black life matter
LDS Church’s new ‘Mormon and Gay’ website wins cheers and some jeers for ignoring controversial policy,0,lds church new mormon gay website win cheer jeer ignore controversial policy
"Exhausted, Defeated Voters Finally Beginning To Relate To Hillary Clinton - The Onion - America's Finest News Source",0,exhausted defeated voter finally begin relate hillary clinton onion america fine news source
Kate Steinle's death and sanctuary cities: What good are our laws without enforcement?,1,kate steinle death sanctuary city good law without enforcement
Everything you need to know about our polarized politics (in the palm of your hand),1,everything need know polarize politic palm hand
FEC head under fire for women’s forum ‘stacked’ with Dems,1,fec head fire woman forum stack dem
The Yale Review Did Not Endorse Hillary. The Reason Why Is Hilarious,0,yale review not endorse hillary reason hilarious
"FEAR OF TRUMP: BUSH, OBAMA, CLINTON ALL BUYING PROPERTY IN NON-EXTRADITION NATIONS",0,fear trump bush obama clinton buy property non extradition nation
"Nine dead, 18 wounded after Texas biker gang shootout (+video)",1,nine dead wound texas biker gang shootout video
"American Tourist Can’t Get Over Dirty, Decaying & Dangerous Charm Of Dublin City",0,american tourist get dirty decay dangerous charm dublin city
"“You Ruined Your Own Communities, Don’t Ruin Ours”–Chicago Whites Demonstrate Against Black Lives Matter After Black Shot",0,ruin community don ruin chicago white demonstrate black life matter black shot
CNBC moderators get bipartisan drubbing for debate performance,1,cnbc moderator get bipartisan drubbing debate performance
"Project Veritas Video 4 - 20K Bribery to DNC, Chaos at Trump Rallies",0,project verita video 20k bribery dnc chaos trump rally
'Specific info' forces WikiLeaks to move anticipated announcement to Berlin,1,specific info force wikileak move anticipate announcement berlin
"Trump Elected President, Thanks to 4 in 5 White Evangelicals",0,trump elect president thank white evangelical
US calls for end to Saudi airstrikes in Yemen,0,us call end saudi airstrike yemen
Iowa Christians struggle to square faith with fear over refugees,1,iowa christians struggle square faith fear refugee
"Look out, Paul Ryan! Masochist Paul Nehlen is gunning for House speakership",0,look paul ryan masochist paul nehlen gun house speakership
Hillary and Bill Clinton: The «Bonnie and Clyde» of American Politics,0,hillary bill clinton bonnie clyde american politic
A Combative Donald Trump Shows Up at Tampa and Pittsburgh Rallies,1,combative donald trump show tampa pittsburgh rally
First Take: Can a 'wacko bird' take flight in the GOP?,1,first take wacko bird take flight gop
Bernie Sanders Got Republicans To Make His Argument For Universal Health Care,1,bernie sander get republicans make argument universal health care
Saudi Arabia poised to be reelected to UN Human Rights Council,0,saudi arabia poise reelect un human rights council
"Boehner, McConnell split over NSA bill",1,boehner mcconnell split nsa bill
Rick Santorum hopes 99-county Iowa tour leads to success,1,rick santorum hop county iowa tour lead success
FBI Director Comey Ignored DOJ’s Warning Against Releasing Info On Hillary Email (TWEETS),0,fbi director comey ignore doj warning releasing info hillary email tweet
Bill Maher on Charlie Hebdo attacks: “There are no great religions; they’re all stupid and dangerous”,1,bill maher charlie hebdo attack no great religion stupid dangerous
Judge orders Obama administration to release illegal immigrants from 'deplorable' facilities,1,judge order obama administration release illegal immigrant deplorable facility
Fierce Homeless Woman Guarding Trump's Star from Future Vandals Flashes 'Trump-Worthy' Reason for It,0,fierce homeless woman guard trump star future vandal flash trump worthy reason
"Saudi ambassador to the UAE: Any contact with Iran, Iraq, Syria, and Lebanon should be checked",0,saudi ambassador uae any contact iran iraq syria lebanon check
14 dead as Islamic rebels attack in Philippines,1,dead islamic rebel attack philippine
"Political paralysis is the new normal: The GOP’s Scalia gamble may be suicidal, but it’s not illogical",1,political paralysis new normal gop scalia gamble may suicidal not illogical
Donald Trump’s avenging angels: How the orange-haired monster has rewritten the history of American conservatism,1,donald trump avenge angel orange haired monster rewrite history american conservatism
GOP and Abortion in Age of ObamaCare: Time for new strategy,1,gop abortion age obamacare time new strategy
Planned Parenthood does damage control as GOP demands answers,1,plan parenthood damage control gop demand answer
The GOP has become the party from George Orwell’s nightmares,1,gop become party george orwell nightmare
"Poverty Rose in 96% of U.S. House Districts, During Obama’s Presidency",0,poverty rise house district obama presidency
Obama Talks About HIMSELF 207 Times In Speeches Supposedly About Hillary,0,obama talk time speech supposedly hillary
Marco Rubio Strong Favorite in Sheldon Adelson Primary,1,marco rubio strong favorite sheldon adelson primary
New Male Birth Control Method Tested - The Onion - America's Finest News Source,0,new male birth control method test onion america fine news source
What To Watch For At Democrats' First Debate,1,watch democrats first debate
How climate change is spawning a new view of conservation,1,climate change spawn new view conservation
Did Hillary Clinton Cheat At The Debate? (VIDEO),0,hillary clinton cheat debate video
"FBI “Insurrection” to Scuttle Director, Rig Election",0,fbi insurrection scuttle director rig election
Democrats hand Obama a stinging defeat on trade deal,1,democrats hand obama sting defeat trade deal
Former DEA Prescription Head Drops a BombShell — Congress Protects Big Pharma & Fuels Opioid Crisis,0,former dea prescription head drop bombshell congress protect big pharma fuel opioid crisis
Carly Fiorina Says Donald Trump 'Taps Into an Anger',1,carly fiorina say donald trump tap anger
MOBILE PASSES DESKTOP FOR THE FIRST TIME…,0,mobile pass desktop first time
Fact checking the 2016 State of the Union address,1,fact check state union address
Alabama's Top Judge Faces Ethics Charges Over Gay-Marriage Order,1,alabama top judge face ethic charge gay marriage order
Police Officers Face Backlash After What They Did To Hillary In Photo,0,police officer face backlash hillary photo
Texas Cop Fired For Feeding ‘Feces’ Sandwich To Homeless Man,0,texas cop fire feed fece sandwich homeless man
The Deceptive Nature of Hillary Clinton is Right in Line with Communism,0,deceptive nature hillary clinton right line communism
DNC Head Leaked 2nd Debate Question to Hillary,0,dnc head leak 2nd debate question hillary
‘Paid for by O’Malley for President’ — and 9 other signs O’Malley is in,1,pay malley president sign malley
"Woman Buys Lotto Ticket to Prove to Husband Nobody Wins, Wins $1 Million",0,woman buy lotto ticket prove husband nobody win win million
Exclusive Trump op-ed: We must clean up this corruption,1,exclusive trump op ed must clean corruption
Best Magic tricks ever revealed 2016,0,good magic trick ever reveal
"New Wikileaks emails: Bernie is a Jerk, Megyn Kelly a Bimbo and More",0,new wikileak email bernie jerk megyn kelly bimbo
Debunked: The Photo Of Obama With A Speech Balloo... | ClickHole,0,debunk photo obama speech balloo clickhole
Maryland has passed one of the nation’s strongest equal pay laws,1,maryland pass one nation strong equal pay law
The real reason Hillary Clinton's VP shortlist is so short,1,real reason hillary clinton vp shortlist short
Inside Planned Parenthood's $30 Million Campaign For 2016,1,inside plan parenthood million campaign
Technology Blackout Feared As Solar Storm Hits Earth,0,technology blackout fear solar storm hit earth
Deutsche Bank LIVES: Shock profits posted in Q3,0,deutsche bank live shock profit post q3
Anti-Trump forces seek last-ditch delegate revolt,1,anti trump force seek last ditch delegate revolt
Alien Visitors? No Explanation for Mysterious Lights in Night Sky Over Arizona,0,alien visitor no explanation mysterious light night sky arizona
Lawmakers fuming over report Capitol police left guns in bathrooms,1,lawmaker fume report capitol police leave gun bathroom
"Trump, Ryan tout unity in wake of meeting",1,trump ryan tout unity wake meeting
Fukushima – The Untouchable Eco-Apocalypse No One is Talking About,0,fukushima untouchable eco apocalypse no one talk
Former Facebook staffers say conservative news is deliberately suppressed,1,former facebook staffer say conservative news deliberately suppress
US Drone Pilots May Be ‘Illegally’ Acquiring Targets From UK Bases,0,we drone pilot may illegally acquire target uk basis
Russia Is Hoarding Gold at Breakneck Pace — The Next Global Conflict Will Be Fought With Currencies - Jay Syrmopoulos,0,russia hoard gold breakneck pace next global conflict fight currency jay syrmopoulo
Does blood on shoe link suspect to Washington slayings?,1,blood shoe link suspect washington slaying
Voting Against Peace in Colombia,0,vote peace colombia
Japan approves already dead TPP deal,0,japan approve already dead tpp deal
Trump: 'President Barack Obama was born in the United States',1,trump president barack obama bear united states
Scientists have heard unusual messages from deep space probably coming from aliens,0,scientist hear unusual message deep space probably come alien
Republican Debate: Trump's absence leaves three winners and two losers,1,republican debate trump absence leave three winner two loser
Montenegrin PM resigns shortly after suggesting Russia behind alleged coup plot,0,montenegrin pm resign shortly suggest russia behind allege coup plot
US election 2016: New Hampshire polls close in key primary,1,us election new hampshire poll close key primary
Haywire over Hacking: Media refuse to believe Trump's Russia comments were sarcastic,1,haywire hack medium refuse believe trump russia comment sarcastic
MMR Vaccines Cause 340% Increased Risk of Autism in African American Infants,0,mmr vaccine cause increase risk autism african american infant
JUST IN: Republicans Sued Over Trump’s Call To Intimidate Minority Voters,0,republicans sue trump call intimidate minority voter
"You’re Fired! Trump Wins Big, Clinton Is Going To Jail",0,fire trump win big clinton go jail
Sources: US officials warned DNC of hack months before the party acted,1,source we official warn dnc hack month party act
HHS to Congress on ObamaCare court ruling: It’s your problem,1,hhs congress obamacare court ruling problem
Renowned Harvard Psychologist Says ADHD is Largely a Fraud,0,renowne harvard psychologist say adhd largely fraud
"We Came, We Saw, He Died: How Gaddafi Was Hunted And Ruthlessly Killed",0,came see die gaddafi hunt ruthlessly kill
After Obamacare: The next Democratic health agenda,1,obamacare next democratic health agenda
House Democrat Introduces ISIS War Authorization Bill,1,house democrat introduce isis war authorization bill
Defiant Charlie Hebdo to print 3M copies of latest edition with Muhammad on cover,1,defiant charlie hebdo print copy late edition muhammad cover
Can the Democratic party find unified path to the general election?,1,democratic party find unified path general election
How Trump and Sanders Broadened Their Bases in New Hampshire,1,trump sander broaden basis new hampshire
Is The Republican Party On The Verge Of A Historic Crackup?,1,republican party verge historic crackup
"Our bad-tempered behaviour is not a cry for help, say old men",0,bad temper behaviour not cry help say old man
How to Support Standing Rock and Confront What It Means to Live on Stolen Land,0,support standing rock confront mean live steal land
Lynch vote deal reached on human trafficking bill,1,lynch vote deal reach human trafficking bill
Rogue Journalist Has 'October Gift' for Hillary Campaign We're All Sure She Just 'Can't Wait' to Open,0,rogue journalist october gift hillary campaign sure can not wait open
White House: 'Higher profile' person should have gone to Paris,1,white house high profile person go paris
House votes to roll back Obama's immigration actions,1,house vote roll back obama immigration action
IRANIAN MISSILE ACCIDENTALLY DESTROYS IRANIAN SHIP AIMED FOR SYRIA!,0,iranian missile accidentally destroy iranian ship aim syria
Tom deLonge: Changing the cynical views of youth towards government,0,tom delonge change cynical view youth towards government
"Nevada politics expert: ""Trump is dead"" in the state",1,nevada politic expert trump dead state
3 explanations for why Donald Trump is suddenly doing better in the polls,1,explanations donald trump suddenly well poll
Earth To Ammosexuals: NRA Admits No One Is Coming For Your Guns! (VIDEO),0,earth ammosexual nra admit no one come gun video
Economic upgrade: Russia receives multiple endorsements for rapidly improving business conditions,0,economic upgrade russia receive multiple endorsement rapidly improve business condition
Football Follies 2016: NCAA Week 9,0,football folly ncaa week
"They Said What?!: Find Out What Paul Krugman, Aretha Franklin, And Willie Nelson Have To Say",0,say find paul krugman aretha franklin willie nelson say
Joe Biden praises Iraqi military,1,joe biden praise iraqi military
Automation: Robots from Korea to America Are Replacing Workers,0,automation robot korea america replace worker
"Clinton And The DNC: A Crisis Not Merely Survived, But Transcended",1,clinton dnc crisis not merely survive transcend
Pardon Power: The Obamamometer’s Options,0,pardon power obamamometer option
Ahead Of Tomorrow’s Fed Meeting There Are Some Very Strange Things Happening,0,ahead tomorrow fed meet strange thing happen
This Is What Happens When You Elect Climate Change Deniers,1,happen elect climate change denier
GOP has a day of reckoning coming,0,gop day reckon come
Legendary US Gymnastics Coach Bela Karolyi May Have Known for YEARS That Team's Doctor Sexually Abused Girls,0,legendary us gymnastics coach bela karolyi may know year team doctor sexually abuse girl
Cruz 'thrilled' despite drop in Iowa Poll,1,cruz thrill despite drop iowa poll
"Social Media Blackout? FBI Emails Are Not ‘Trending’ On Twitter, Facebook, Buzzfeed, Or Snapchat",0,social medium blackout fbi email not trend twitter facebook buzzfeed snapchat
‘I Don’t Rent To N s’: Smoking Gun Proves Trump Family Racism (VIDEO) | Addicting Info | The Knowledge You Crave,0,don rent smoking gun prove trump family racism video addict info knowledge crave
Russia Begins Airstrikes In Syria After Assad's Request,1,russia begin airstrike syria assad request
November supermoon biggest in nearly 70 years,0,november supermoon big nearly year
"Ex-Defense Chief Gates: Trump 'Beyond Repair' on Foreign Policy, But Hillary Needs Work",1,ex defense chief gate trump beyond repair foreign policy hillary need work
PA Kids’ Drawings: Israel Drinks Blood of Palestinians,0,pa kids drawing israel drink blood palestinian
Gov. Kasich enters GOP White House race touting 'skills and experience',1,gov kasich enter gop white house race touting skill experience
Bernie Sanders vs. the Lamestream Media,1,bernie sander vs lamestream medium
Common Core standardized tests begin Tuesday,1,common core standardized test begin tuesday
21 Things We’ve Learned About Hillary Clinton From Wikileaks That The MSM Won’t Share…But YOU Can!,0,thing learn hillary clinton wikileak msm win share
"Tomgram: Nomi Prins, Too Big to Fail, Hillary-Style",0,tomgram nomi prin big fail hillary style
"HUFFPOLLSTER: Trump And Clinton Lead, But Iowa Polling Remains Volatile With A Week To Go",1,huffpollster trump clinton lead iowa polling remain volatile week go
Wikileaks,0,wikileak
GOP contenders nearly silent on Colorado Springs shooting,1,gop contender nearly silent colorado spring shoot
Study: women had to drive 4 times farther after Texas laws closed abortion clinics,1,study woman drive time farth texas law close abortion clinic
Another Saudi War Crime in Yemen as 43 Prisoners Dead in Airstrike,0,another saudi war crime yemen prisoner dead airstrike
Rescue Brings A Bit Of Good News To Nepal's Capital After Earthquake,1,rescue bring bit good news nepal capital earthquake
Long-term Effects of the Presidential Election,0,long term effect presidential election
How Ryan decided to ditch Trump,1,ryan decide ditch trump
Trump Rally On Hollywood Boulevard 10/29/16,0,trump rally hollywood boulevard
"If you really want to save energy at home, forget about your light switches",1,really want save energy home forget light switch
MEDIA SHAME - These 65 Journalists are Now Presstitutes. Their Madam is Hillary Clinton.,0,medium shame journalist presstitute madam hillary clinton
Biden takes his pre-campaign to Clinton’s turf,1,biden take pre campaign clinton turf
Police Depts. Paid AT&T Millions To Scrutinize Our Texts & Chats: EFF,0,police dept pay million scrutinize text chat eff
Can Israelis And Palestinians Change Their Minds?,1,israelis palestinians change mind
NASA Admits: Someone Took Control Over Space Probe Voyager 2 And Sent Data In An Unknown Language,0,nasa admit someone take control space probe voyager send datum unknown language
Liberty or State Control? You Decide,0,liberty state control decide
Illinois Senator Draws Fire for Racially Charged Attack on Opponent’s Family,0,illinois senator draw fire racially charge attack opponent family
"Jeb Bush to lay out foreign policy: Will he be dad, brother – or himself? (+video)",1,jeb bush lie foreign policy dad brother video
Egypt says it hit ISIS targets in Libya after killings,1,egypt say hit isis target libya killing
Possible suicide vest found in Paris suburb,1,possible suicide vest find paris suburb
PressTV-NATO pushes military buildup plans near Russia,0,presstv nato push military buildup plan near russia
Trump spurns a powerful player in GOP politics in falling-out with Fox,1,trump spurn powerful player gop politic fall fox
Wikileaks: Bill Clinton BOASTS of Hillary’s ‘Working Relationship’ with Islamic Terrorist Organization,0,wikileak bill clinton boast hillary work relationship islamic terrorist organization
US Military Notifies Russia Of “Sustained Alert Status” Due To “Presidential Election Threat”,0,us military notifie russia sustain alert status due presidential election threat
"India is building millions of toilets, but that’s the easy part",1,india build million toilet easy part
Donald Trump doesn’t want to make America great. He wants to make it afraid.,1,donald trump doesn want make america great want make afraid
Prowling Amur tiger nabbed near Vladivostok,0,prowl amur tiger nab near vladivostok
Clinton clearing primary field for potential 2016 run could leave her vulnerable,1,clinton clear primary field potential run could leave vulnerable
Wendy Kennedy on being a channel for The 9th Dimensional Pleiadian Collective [VIDEO],0,wendy kennedy channel 9th dimensional pleiadian collective video
The power of Trump’s call to free America from political correctness (+video),1,power trump call free america political correctness video
Putin blasts Clinton & Tells U.S. Govt to STOP Criticizing Russia,0,putin blast clinton tell govt stop criticize russia
Charity Paid For Chelsea’s Wedding! Clinton Foundation Fraud [Video],0,charity pay chelsea wed clinton foundation fraud video
Is Trump winning? The future of America depends on a few states,0,trump win future america depend state
Migrant Thug Beats 87-Year-Old To Bloody Pulp For Making 1 Simple Request,0,migrant thug beat year old bloody pulp make simple request
Why Hillary Clinton's gun control proposal is all wrong,1,hillary clinton gun control proposal wrong
Netanyahu enters never-never land,1,netanyahu enter never never land
The Dark Art of Political Intimidation,0,dark art political intimidation
Republican debate: Six things to watch,1,republican debate six thing watch
The White House Easter Egg Roll exists because Congress banned fun,1,white house easter egg roll exist congress ban fun
WORLD WAR 3 – HILLARY V.S. TRUMP,0,world war hillary trump
Donald Trump’s dangerously circular logic,1,donald trump dangerously circular logic
White House says Obama will ask Congress to authorize military force against ISIS,1,white house say obama ask congress authorize military force isis
Homeland Security deal: Will Boehner follow McConnell's lead? (+video),1,homeland security deal boehner follow mcconnell lead video
"The Modern History of ""Rigged"" US Elections",0,modern history rig us election
FCC Passes Sweeping Internet Privacy Rules in ‘Big Win for Civil Rights’,0,fcc pass sweeping internet privacy rule big win civil right
Pres. Obama RUTHLESSLY Trolls Trump After His Own Campaign GROUNDS Him From Twitter (VIDEO),0,pre obama ruthlessly troll trump campaign ground twitter video
Obama to focus on future in State of the Union speech,1,obama focus future state union speech
WATCH: Anti-LGBT Attack At Equality House – SHOTS FIRED (TWEETS),0,watch anti lgbt attack equality house shot fire tweet
ISIS launches attack on Kirkuk,1,isis launch attack kirkuk
How Hillary Clinton lost young (white) women,1,hillary clinton lose young white woman
"Geoengineering Watch Global Alert News, November 5, 2016",0,geoengineere watch global alert news november
What's behind the debate over the Republican debates?,1,behind debate republican debate
Tiny Homes Banned in U.S. at Increasing Rate as Govt Criminalizes Sustainable Living,0,tiny home ban increase rate govt criminalize sustainable living
Reflections on US Political Tragedies,0,reflection we political tragedy
President Obama has had an eventful year. His approval rating hasn't budged.,1,president obama eventful year approval rating not budge
GOP Power Rankings: Kasich gets a boost,1,gop power ranking kasich get boost
Study: Swift birds fly non-stop for 10 months every year,0,study swift bird fly non stop month every year
How the internet is making even Ukrainian Nazis into Russians...,0,internet make even ukrainian nazi russians
Goldman Sachs Endorses Hillary Clinton For President,0,goldman sachs endorse hillary clinton president
Marco Rubio Short-Circuits During G.O.P. Debate,1,marco rubio short circuit debate
PressTV-‘Clintons worked with US enemies’,0,presstv clinton work we enemy
Juicing May Be the Answer to Many of Your Chronic Health Problems,0,juicing may answer many chronic health problem
"Riots Getting out of Control, They are now shouting ""Kill Trump""",0,riot get control shout kill trump
What Happens If Trump Refuses To Concede Election - The Onion - America's Finest News Source,0,happen trump refuse concede election onion america fine news source
Breaking: A Counter Coup To The Clinton Attack is Happening Now… FBI Quietly Releases Documents Via Julian Assange and Wikileaks. | EndingFed News Network,0,break counter coup clinton attack happen fbi quietly release document via julian assange wikileak endingfe news network
Obama reportedly snubs NATO chief as Russia makes new threats against allies,1,obama reportedly snub nato chief russia make new threat ally
Alabama begins issuing marriage licenses to gay couples,1,alabama begin issue marriage license gay couple
Russian plane crash in Sinai: All 224 on board killed,1,russian plane crash sinai board kill
Trump Raises Concern Over Members Of Urban Communities Voting More Than Zero Times - The Onion - America's Finest News Source,0,trump raise concern member urban community vote zero time onion america fine news source
Brexit Ruling Just Latest Tactic to Block Will of the People,0,brexit rule late tactic block people
What do voters see in Trump? His authentic phoniness.,1,voter see trump authentic phoniness
Valentin Katasonov: America is in agony and Trump is the doctor,0,valentin katasonov america agony trump doctor
President-elect Donald Trump eyes Ovala Office with plans to erase Barack Obama’s achievements,0,president elect donald trump eye ovala office plan erase barack obama achievement
Trump Presidency Creates Mountains Of Salt From Butthurt Liberals,0,trump presidency create mountain salt butthurt liberal
FOX: Latinos Are Already CRUSHING Trump At The Polls,0,fox latinos already crush trump poll
How Common Core quietly won the war,1,common core quietly win war
The rest of the field figured out how to make Trump not quite as dominant,1,rest field figure make trump not quite dominant
Trade bill clears Senate hurdle,1,trade bill clear senate hurdle
MUFON International tracking multiple triangle UFO reports,0,mufon international tracking multiple triangle ufo report
"Trump makes biggest ad buy to date, hammers Clinton on economy",1,trump make big ad buy date hammer clinton economy
McConnell Promises 9/11 First Responders Will Get Healthcare Bill,1,mcconnell promise first responder get healthcare bill
Shocking Questions About the FBI & the ‘News’ Media,0,shocking question fbi news medium
"Trump, and what he might say next, is burning up GOPs political capital in Washington",1,trump might say next burning gop political capital washington
Non-GMO 'crop circles' showing up in corn fields in Nebraska,0,non gmo crop circle show corn field nebraska
Desperate Obama RIPS Comey: 'We Don't Operate On Innuendo' | Daily Wire,0,desperate obama rips comey not operate innuendo daily wire
Robert Durst on HBO’s ‘The Jinx': I ‘killed them all.’,1,robert durst hbo jinx kill
UNSC Members Fail to Agree on New Zealand Draft Resolution on Aleppo,0,unsc member fail agree new zealand draft resolution aleppo
What liberals could learn from Ted Cruz’s flat tax,1,liberal could learn ted cruz flat tax
Hillary leads Trump in dead fetuses and dead people,0,hillary lead trump dead fetus dead people
Markets PANIC Over Trump Victory As FBI Reopens Hillary Email Probe | Harvey Organ,0,market panic trump victory fbi reopen hillary email probe harvey organ
Trump swept to victory by fans of poor quality 80s action films,0,trump sweep victory fan poor quality 80 action film
Re: Something lighter: ‘Shiny’ legs optical illusion goes viral,0,something light shiny leg optical illusion go viral
Trump again won’t rule out a third-party run,1,trump win rule third party run
Why do people dislike Hillary Clinton? The story goes far back,1,people dislike hillary clinton story go far back
2016 campaign takes strange twists after Orlando,1,campaign take strange twist orlando
Rand Paul wraps 'filibuster' over Patriot Act and NSA surveillance,1,rand paul wrap filibuster patriot act nsa surveillance
Scrabble Spells Doom for the Racial Hypothesis of Intelligence,0,scrabble spell doom racial hypothesis intelligence
"How Yemen Fits Iran Plans for Mideast Rule, Beyond",1,yemen fit iran plan mideast rule beyond
"No matter who it is, next president to face economic challenge",1,no matter next president face economic challenge
"A Fifth Clinton Presidency? Hill, No!",0,fifth clinton presidency hill no
The Real Reason the Antidepressant Industry Does Not Want Psychedelics Legalized,0,real reason antidepressant industry not want psychedelic legalize
Internet Erupts In Mockery After Sarah Palin Posts Something Monumentally Stupid Again (TWEETS),0,internet erupt mockery sarah palin post something monumentally stupid tweet
News: Democracy Win: Volunteers Across The Country Are Oiling Up The Sidewalks To Help Voters Slide Uncontrollably To Their Polling Place,0,news democracy win volunteer across country oil sidewalk help voter slide uncontrollably polling place
"Dear America, Let’s Now Unite and Flood Our Nation With Optimism",0,dear america let unite flood nation optimism
"With Common Core tests, a lot at stake for first-year principal",1,common core test lot stake first year principal
Political polarization is getting worse. Everywhere.,1,political polarization get bad everywhere
"US economy adds paltry 38,000 jobs in May for weakest growth since 2010",1,we economy add paltry job may weakest growth since
Donald Trump attacks force Jeb Bush out of his malaise,1,donald trump attack force jeb bush malaise
Clinton ekes out win in Iowa against Sanders,1,clinton ekes win iowa sander
Hillary Clinton tributes fuel 2016 buzz,1,hillary clinton tributes fuel buzz
"If You're Tired of Carving Pumpkins the Old-Fashioned Way, Try It Like This Gal--with a .22 Rifle",0,tired carving pumpkin old fashioned way try like gal rifle
Trolls 101 —- How To Identify Trolls And Forum Spies,0,trolls identify trolls forum spy
"Re: What security threat? Huma Abedin doesn’t know how her emails got on her husband’s laptop, either",0,security threat huma abedin doesn know email get husband laptop either
"“MODERATE” INDONESIA: Protest against a Christian governor turns violent as more than 100,000 Muslims demand death for Christian governor who “blasphemed” Islam",0,moderate indonesia protest christian governor turn violent muslim demand death christian governor blaspheme islam
Facebook Isn’t Just Making Us Less Partisan. It’s Making Us Less Politically Engaged.,1,facebook isn make we less partisan make we less politically engage
Polling Site Corruption Enraged New Yorkers [Update] · Guardian Liberty Voice,0,polling site corruption enrage new yorker update guardian liberty voice
Votes Being Switched In Multiple States To Clinton,0,vote switch multiple state clinton
WHAT EVERYDAY LIFE IS REALLY LIKE IN CUBA UNDER RAÚL CASTRO,0,everyday life really like cuba raúl castro
GOP's message to voters should be this: Supreme Court fight is about Obama's abuse of power,1,gop message voter supreme court fight obama abuse power
Progressive Hypocrisy On Tolerance BRUTALLY Exposed,0,progressive hypocrisy tolerance brutally expose
Sen. Kirsten Gillibrand Says Supreme Court Decision On Marriage Equality 'Just the Beginning',1,sen kirsten gillibrand say supreme court decision marriage equality beginning
After a terrible week Trump sticks with style over substance in Wisconsin,1,terrible week trump stick style substance wisconsin
7 takeaways from the Republican debate,1,takeaways republican debate
Clinton's super PAC fundraising irks progressives,1,clinton super pac fundraising irk progressive
Clinton’s Policy On Syria Will Lead To WW3 Says Trump,0,clinton policy syria lead ww3 say trump
Rand Paul: I won the debate last night,1,rand paul win debate last night
"A Pimp Just Revealed Trump Also Raped 12-Year-Old Girl, Threat To Kill Witnesses",0,pimp reveal trump also rap year old girl threat kill witness
Rapper Lil Wayne: “My Life Was Saved by a White Man. I Don’t Know What Racism is.”,0,rapper lil wayne life save white man don know racism
Evangelical Leader: Trump Campaign Broken from the Inside,1,evangelical leader trump campaign break inside
These political scientists may have just discovered why U.S. politics are a disaster,1,political scientist may discover politics disaster
"Jindal won't ""evolve"" on same-sex marriage",1,jindal not evolve sex marriage
"New Report Blames Air Pollution For Deaths Of 600,000 Children Every Year",0,new report blame air pollution death child every year
Russia and Iran both propping up Assad. A balancing act?,1,russia iran prop assad balancing act
Elizabeth Warren Backs Hillary Clinton,1,elizabeth warren back hillary clinton
Friend from university is an arse now,0,friend university arse
"Critics on Islam: Time to Face Facts, Mr. President",1,critic islam time face fact mr president
Massive “Hillary For Prison” sign held up at World Series game 5 infuriates liberals,0,massive hillary prison sign hold world series game infuriate liberal
"Trump and Brexit Defeat Globalism, for Now Anyway",0,trump brexit defeat globalism anyway
Clinton ‘appalled’ by effort to recoup veterans’ bonuses,0,clinton appal effort recoup veteran bonus
Is Your VACCINATED Child a ‘Haz Mat’?,0,vaccinate child haz mat
"Distracted by Election 2016, No One Resisted the Deep State’s Patriot Act 2",0,distract election no one resist deep state patriot act
Republican women increasingly fear party is alienating female voters,1,republican woman increasingly fear party alienate female voter
Police arrest suspects across Europe in rush to minimize terror threat (+video),1,police arrest suspect across europe rush minimize terror threat video
Russia Preparing for Nuclear World War III with NATO USA Breaking News November 5 2016,0,russia prepare nuclear world war iii nato usa break news november
Jeb Bush invokes MLK as he unveils education plan,1,jeb bush invoke mlk unveil education plan
Trump tries to smooth things over with GOP insiders,1,trump try smooth thing gop insider
Deutsche Bank Considering Alternatives To Paying Cash Bonus,0,deutsche bank consider alternative pay cash bonus
Black Trump Supporter: ‘We need somebody that loves America’,0,black trump supporter need somebody love america
Pope Francis announces biggest changes to annulment process in centuries,1,pope francis announce big change annulment process century
"GOP Presidential Hopefuls Serve Up Ice Cream, Cheese And Red Meat To Iowans",1,gop presidential hopeful serve ice cream cheese red meat iowan
Lots Of Candidates Want To Simplify Tax Code; Here's What They Get Wrong,1,lot candidate want simplify tax code get wrong
Hillary Clinton explains why she won't say 'radical Islam',1,hillary clinton explains not say radical islam
Law enforcement took more stuff from people than burglars did last year,1,law enforcement take stuff people burglar last year
"Trump launches 1st TV ad, as 2016 candidates barnstorm Iowa, NH",1,trump launch 1st tv ad candidate barnstorm iowa nh
US uses Tunisia as drone base for Libya operations - report,0,we use tunisia drone base libya operation report
"For the Record: Iowa, why can't we quit you?",1,record iowa can not quit
Gingrich slut-shames Megyn Kelly,0,gingrich slut sham megyn kelly
"US economy added 223,000 jobs in April",1,we economy add job april
Education Secretary Arne Duncan stepping down,1,education secretary arne duncan step
"Comment on Macy’s “dump Trump” backfires as 30,000 irate customers cut up their cards by MeThePeople",0,comment macy dump trump backfire irate customer cut card methepeople
"Blood money, killer cops: How privatization is funding the racist logic of America’s police",1,blood money killer cop privatization fund racist logic america police
17 Shot Dead As Chicago Records Deadliest Weekend Of 2016,0,shoot dead chicago record deadly weekend
The New World Order is melting in the heat of its own contradiction,0,new world order melt heat contradiction
November 3: Daily Contrarian Reads,0,november daily contrarian read
Living in a 5G World: Wireless Pollution is Getting Out of Control,0,live world wireless pollution get control
Trump vows to win: 'I'm not going anywhere',1,trump vow win not go anywhere
The Greatest Wealth Transfer In History Nears As ‘Deep State’ Now Pulling Out All The Stops,0,great wealth transfer history near deep state pull stop
Concert plus campaign: Clinton turns to celebrities in homestretch,0,concert plus campaign clinton turn celebrity homestretch
Worst Of Saudi Economic Slump Yet To Come,0,bad saudi economic slump yet come
HA HA! Look At Arkansas Today Trump +28,0,ha ha look arkansas today trump
State Department will not release 22 'top secret' Clinton emails,1,state department not release top secret clinton email
Hillary's Iowa reset: Is it enough?,1,hillary iowa reset enough
Huma’s Weiner Dogs Hillary,0,huma weiner dog hillary
A lawyer explains how Ariel could have got out of her contract with Ursula in The Little Mermaid,0,lawyer explain ariel could got contract ursula little mermaid
Obese Woman Loses More Than 100 Kilograms After Breaking Up With Her Feeder Boyfriend,0,obese woman lose kilogram break feeder boyfriend
Trump Supporter Arrested for Voting Twice…to fight “vote rigging”,0,trump supporter arrest voting twice fight vote rigging
"Do Trump's Groping, Clinton's Lying, &amp; Johnson's Honesty Disqualify Them from the Presidency?",1,trump groping clinton lie amp johnson honesty disqualify presidency
GOP leadership race gets personal,1,gop leadership race get personal
Frustrated Trump advisers pan him for lousy debate prep (anonymously),1,frustrated trump adviser pan lousy debate prep anonymously
Re: Are There 4 Million Dead Voters Waiting To Elect Hillary Clinton?,0,million dead voter wait elect hillary clinton
Human Rights group alarmed at extra-judicial killings of MQM workers' by para-military force in Pakistan,0,human right group alarm extra judicial killing mqm worker para military force pakistan
Don’t underestimate Rand Paul as a 2016 presidential contender,1,don underestimate rand paul presidential contender
Russia joins France striking ISIS stronghold in Syria,1,russia join france strike isis stronghold syria
John Boehner's parting gift to Paul Ryan,1,john boehner part gift paul ryan
Six Gulf Protectors Arrested Challenging Gulf Oil Drilling,0,six gulf protector arrest challenge gulf oil drilling
Jeb Bush just proved that Dubya was the smart one all along,1,jeb bush prove dubya smart one along
Bill Clinton makes powerful case for Hillary in personal speech at the DNC,1,bill clinton make powerful case hillary personal speech dnc
CodeSOD: A Type of Test,0,codesod type test
Man wildly optimistic ahead of flat pack assembly,0,man wildly optimistic ahead flat pack assembly
Middle Class Decline Looms over Final Years of Obama Presidency,1,middle class decline loom final year obama presidency
Breaking Down the Crooked Clintons with Special Guest: ChangeDaChannel,0,break crook clinton special guest changedachannel
The 2016 election in 5 easy charts,1,election easy chart
America's racial generation gap takes an ugly political turn,1,america racial generation gap take ugly political turn
Video shows moment of 'El Chapo's' escape from prison,1,video show moment el chapo escape prison
Charles Koch Pines For More Influence In Republican Presidential Primary,1,charles koch pine influence republican presidential primary
"Private Equity Consultant Hamilton Lane Trots Out New Excuse, “Evil Populists,” for Already-Flagging Private Equity Performance",0,private equity consultant hamilton lane trot new excuse evil populist already flag private equity performance
Senator Mark Kirk Mocks Disabled Veteran Tammy Duckworth for Mixed-Race Heritage,0,senator mark kirk mocks disable veteran tammy duckworth mixed race heritage
The Daily 202: How Democrats are dominating early voting in Nevada,1,daily democrats dominate early voting nevada
New Exoplanet Discoveries Reveal Red-Dwarf Stars as Likely Hosts to Large Populations of Earth-Like Water Worlds,0,new exoplanet discovery reveal red dwarf star likely host large population earth like water world
3 Charlotte Area Counties Report Voting Machines Picking Wrong Candidates,0,charlotte area county report voting machine pick wrong candidate
"Clinton crime family must be taken down... ARREST THEM ALL: Clinton, Podesta, Abedin, Lynch, Mook, Stephanopoulos and all the co-conspirators",0,clinton crime family must take arrest clinton podesta abedin lynch mook stephanopoulos co conspirator
SOME FLA. RESIDENTS PLAN ARMED TRICK-OR-TREATING AFTER CREEPY CLOWN THREATS,0,fla resident plan armed trick treat creepy clown threat
"Donald Trump, a fallen soldier, and the myth of game-changing moments",1,donald trump fall soldier myth game change moment
"Putin Takes On The NWO, October 2016",0,putin take nwo october
Zakharova: The US is protecting Al-Nusra from being destroyed,0,zakharova we protect al nusra destroy
Eric Trump: A candidate under investigation is ‘unthinkable’,0,eric trump candidate investigation unthinkable
Texas troopers to ask drivers their race following investigation,1,texas trooper ask driver race follow investigation
Michael Hudson on Meet the Renegades,0,michael hudson meet renegade
Is This Trump’s Biggest Financial Con Yet?,1,trump big financial con yet
‘Conspiracy Theorists’ Believe They’ve Found Justice Scalia’s MURDER Plot,0,conspiracy theorist believe find justice scalia murder plot
Re: Get Ready For Civil Unrest: Survey Finds That Most Americans Are Concerned About Election Violence,0,get ready civil unrest survey find americans concerned election violence
"Combat veterans face ‘cruel’ struggle to prove their service to VA, amid missing records",1,combat veteran face cruel struggle prove service va amid miss record
This Is The Future: Tree-Shaped Vertical Farms That Grow 24 Acres Of Crops,0,future tree shape vertical farm grow acre crop
"Among this group of GOP primary voters, Trump is the Porsche of candidates",1,among group gop primary voter trump porsche candidate
Jordan Strikes At ISIS; Obama Said To Be Preparing To Request War Powers,1,jordan strike isis obama say prepare request war power
Clinton's emotional concession: This is 'painful and will be for a long time',1,clinton emotional concession painful long time
Blind Mystic Who Predicted 9/11 Has Bad News About Trump,0,blind mystic predict bad news trump
Inside Bernie Sanders’s quest to win over Nevada’s Latinos,1,inside bernie sanders quest win nevada latinos
Hillary’s #1 aide Huma Abedin: Undeniable ties to terrorists & 9/11 funders,0,hillary aide huma abedin undeniable tie terrorist funder
Private Equity Energy Funds Did So Badly They Might Have to Do the Unthinkable – Pay Clawbacks,0,private equity energy fund badly might unthinkable pay clawback
Rand Paul drops out of White House race,1,rand paul drop white house race
Open Thread (NOT U.S. Election) 2016-38,0,open thread not election
Why many black voters aren't flocking to Bernie Sanders,1,many black voter not flock bernie sander
Libertarian Party set to pick nominee at convention,1,libertarian party set pick nominee convention
Donald Trump's tough path to the White House,1,donald trump tough path white house
Gavel Battle: Boehner resignation sparks House leadership scramble,1,gavel battle boehner resignation spark house leadership scramble
UK announces new troop deployment near Russia's borders,0,uk announce new troop deployment near russia border
Trump Campaign Says Hillary Supporter Tried Assassinating Trump – It Was A Republican With A Poster,0,trump campaign say hillary supporter try assassinate trump republican poster
"Obama Slams Staples, Big Companies On Health Care: 'Shame On Them'",1,obama slam staple big company health care shame
AP fakes the news,0,ap fake news
COPS AMBUSHED IN IOWA,0,cop ambush iowa
Poll: Las Vegas debate doesn't scramble GOP field,1,poll las vegas debate not scramble gop field
"As Cruz Crushes Caucuses, GOP Establishment Needs a Drink And A Hug",1,cruz crush caucus gop establishment needs drink hug
Re: Early Voting Results In Key Battleground States Appear To Favor Donald Trump,0,early voting result key battleground state appear favor donald trump
Hillary Personally Ordered ‘Donald Duck’ Troll Campaign,0,hillary personally order donald duck troll campaign
"In rush to reclaim Yemen, exiled leaders risk fracturing it",1,rush reclaim yemen exiled leader risk fracturing
Clinton charities reportedly will refile tax returns due to foreign donation reporting errors,1,clinton charity reportedly refile tax return due foreign donation report error
PSVITA Japan News : Moe Moe World War 3 + Chaos Child Love Chu Chu + Musou Stars,0,psvita japan news moe moe world war chaos child love chu chu musou star
The 'Pit' in Mom's Stomach Turns to Anger When She Learns Why Her Son Isn't on the School Bus,0,pit mom stomach turn anger learn son not school bus
Supreme Court’s political stench: Why John Roberts will obviously base his Obamacare decision on politics,1,supreme court political stench john roberts obviously base obamacare decision politic
Here is Elon Musk’s True Mars On Earth Plan,0,elon musk true mars earth plan
Donald Trump kicks off final campaign day with Fla. rally,0,donald trump kick final campaign day fla rally
A Complete Guide To Early And Absentee Voting,1,complete guide early absentee voting
Russia Has Shot From 124th to 40th in 'Ease of Doing Business',0,russia shoot 124th 40th ease business
The Penalty For Treason Is… [Video],0,penalty treason video
Reported two-month gap in Clinton emails coincides with escalating Libya violence,1,report two month gap clinton email coincide escalate libya violence
Letter to Judge in Bundy Case in Oregon,0,letter judge bundy case oregon
"Koch-backed network aims to spend nearly $1 billion ahead of 2016 elections, may engage in GOP primaries",1,koch back network aim spend nearly billion ahead election may engage gop primary
"Syrian Army Enters Metro Damascus Town, Driving Rebels Further Back",0,syrian army enter metro damascus town drive rebel back
Obamacare threatens John Roberts’s dream of a nonpartisan Supreme Court,1,obamacare threaten john roberts dream nonpartisan supreme court
Obama's Trade Agenda Clears Key Senate Hurdle,1,obama trade agenda clear key senate hurdle
"All Governments Lie, The Movie",0,government lie movie
Fighting ISIS will be a long war,1,fight isis long war
Hillary Clinton’s “Sudden Move” Of $1.8 Billion To Qatar Central Bank Stuns Financial World,0,hillary clinton sudden move billion qatar central bank stun financial world
"Hillary's 33,000 emails might not be 'missing' after all",0,hillary email might not miss
Hillary Clinton's worst nightmare: Hint -- it's not Bernie Sanders,1,hillary clinton bad nightmare hint not bernie sander
Another Project Veritas Bombshell: Pro-Clinton PAC Accepts Foreign Donations,0,another project verita bombshell pro clinton pac accept foreign donation
Memo to Trump: 'Action This Day!',0,memo trump action day
Gerrymandering didn’t make politics this vicious. But vicious politics will soon make gerrymandering so much worse.,1,gerrymander didn make politic vicious vicious politic soon make gerrymandering much bad
"Guns, terror, and LGBT rights: Orlando shooting raises stakes for next president",1,guns terror lgbt rights orlando shooting raise stake next president
"Barbara Mikulski , the longest serving female senator in history, to retire",1,barbara mikulski long serve female senator history retire
Gowdy and Cummings duke it out over Benghazi,1,gowdy cumming duke benghazi
Conservative watchdog group accuses Democrats of illegally coordinating through voter data firm,1,conservative watchdog group accuse democrats illegally coordinate voter datum firm
"100 Years Ago, 1.5 Million Armenians Were Systematically Killed. Today, It's Still Not A 'Genocide.'",1,year ago million armenian systematically kill today still not genocide
Millennials Are More Racist Than They Think,1,millennial racist think
"Apple Kindly Offer Full-Time Jobs To Remaining 1,500 Calais Refugee Children",0,apple kindly offer full time job remain calais refugee child
The Mystery Behind The Missing Capstone Of The Great Pyramid!,0,mystery behind miss capstone great pyramid
"Trump replays Clinton 'woman card,' defends 'pull out' Middle East strategy",1,trump replay clinton woman card defend pull middle east strategy
Hillary Clinton Maintains Swing State Leads As Comey Email Letter Flops,0,hillary clinton maintain swing state lead comey email letter flop
The GOP’s establishment candidates begin aiming at each other,1,gop establishment candidate begin aim
"""Russia is concentrating"" 2.0: Putin's new policy of ""active defense""",0,russia concentrate putin new policy active defense
Study: More Vitamin B In Mother’s Diet Reduces Risk Of Colon Cancer In Offspring,0,study vitamin mother diet reduce risk colon cancer offspring
Insiders: Clinton still on track to win Iowa and N.H.,1,insiders clinton still track win iowa
New poll finds 9 in 10 Native Americans aren’t offended by Redskins name,1,new poll find native americans aren offend redskin name
Comment on Invention Secrecy At All-Time High: Thousands Of Patent Applications Placed Under Secrecy Orders by Physicists Say Consciousness Should Be Considered A State of Matter: The “Non Physical” Is Real – Collective Evolution,0,comment invention secrecy time high thousand patent application place secrecy order physicist say consciousness consider state matter non physical real collective evolution
"The Trump Network sought to make people rich, but left behind disappointment",1,trump network seek make people rich leave behind disappointment
House GOP leaders desperate to avoid shutdown,1,house gop leader desperate avoid shutdown
Comment on Chicago Tribune: Hillary Clinton should drop her campaign to be POTUS by stevor,0,comment chicago tribune hillary clinton drop campaign potus stevor
Hillary Clinton v Donald Trump in 2016,0,hillary clinton donald trump
"Clinton, Sanders clash over Obama, more at testy debate",1,clinton sander clash obama testy debate
Yemen and YET another “False Flag” to Protect Saudi and US Interests in the Middle East | New Eastern Outlook,0,yemen yet another false flag protect saudi us interest middle east new eastern outlook
What is Comey up to and who is he working for?,0,comey working
"As first voting nears, Trump seems stronger",1,first voting near trump seem strong
3 reasons the economy boomed in 2015,1,reason economy boom
Comment on Nomi Prins: Hillary Clinton Will Continue the Big Bank Protection Racket by EndOfTheWorld,0,comment nomi prin hillary clinton continue big bank protection racket endoftheworld
Can't say under God at Hilary speech!?!??!??,0,can not say god hilary speech
It’s Rigged! Voters Discover Shocking Mistake On Ballots: Don’t Let This Happen To You!,0,rig voter discover shocking mistake ballot don let happen
8 POINTS VANISH IN 4 DAYS,0,point vanish day
"Donald Trump, Paul Ryan and GOP 'unity.' It's all about the numbers, America",1,donald trump paul ryan gop unity number america
Comment on Jury Finds Woman NOT Guilty of ‘Manufacturing Drugs’ Because the Pot She Grew Was Medicine by James Michael,0,comment jury find woman not guilty manufacturing drug pot grow medicine james michael
Associated Press reporter admits faking news stories for Hillary Clinton.,0,associate press reporter admit fake news story hillary clinton
The no-transparency election,1,no transparency election
It’s on: Tensions between Trump and the GOP escalate in public fight,1,tension trump gop escalate public fight
The Pathologization of Dissent,0,pathologization dissent
Hillary Clinton Holds 6-Point Lead Despite FBI Probe [Update],0,hillary clinton hold point lead despite fbi probe update
"If Donald Trump wants to beat Hillary Clinton, he needs to win these 5 states",1,donald trump want beat hillary clinton need win state
CLINTON CAMPAIGN CHAIRMAN HAD MULTIPLE DINNERS WITH TOP DOJ OFFICIAL DURING HILLARY'S EMAIL INVESTIGATION,0,clinton campaign chairman multiple dinner top doj official hillary email investigation
Reid plotting to stay in power,1,reid plot stay power
Under the Surface - Naomi Klein and the Great Barrier Reef,0,surface naomi klein great barrier reef
"Trump shakes up campaign, prepares to roll out long-awaited ads",1,trump shake campaign prepare roll long await ad
"Election: “Today, a kingdom will be toppled.”",0,election today kingdom topple
Donald Trump Elected 45th President Of The United States,0,donald trump elect 45th president united states
Unskewing Facebook will take all kinds: Column,1,unskewe facebook take kind column
State parties can reduce polarization and improve the political system | Institution,1,state party reduce polarization improve political system institution
Immigration Puzzle Confounds Republican 2016 Field,1,immigration puzzle confound republican field
"Washington, DC, workers to get 16 weeks paid leave under city hall plan that taxes businesses",1,washington dc worker get week pay leave city hall plan taxis business
House Committee Votes To Remind Congress Its Job Is To Authorize Wars,1,house committee vote remind congress job authorize war
Jeb Bush Weighs In On Same-Sex Marriage,1,jeb bush weigh sex marriage
Insiders: Trump and Clinton will carry Iowa,1,insider trump clinton carry iowa
New RNC Ad Campaign Reminds Voters Obamacare Was Originally 'Hillarycare',0,new rnc ad campaign remind voter obamacare originally hillarycare
"Comment on 5 Corporations Own The U.S. Media – We’ve Been Conditioned How To Think, What To Think, And What To Do by You’re Being Fooled: The Problem With ‘Alternative’ News Websites – Collective Evolution",0,comment corporation medium condition think think fool problem alternative news website collective evolution
Black and a member of the 1% elite,0,black member elite
No Proof Russia Hacked Hillary's E-mail,0,no proof russia hack hillary mail
It’s Over For Hillary After People See What She Snuck In Her Online Post,0,hillary people see snuck online post
"Core Wounds, Soul Family Reunions, and Time Glitches [AUDIO]",0,core wound soul family reunion time glitche audio
Christie launches PAC in significant step toward White House run,1,christie launch pac significant step toward white house run
Is it possible that Saudi King be tried in US courts by JASTA Law?,0,possible saudi king try us court jasta law
Hillary Clinton had an amazing night — and not just because of her victories,1,hillary clinton amazing night not victory
"Election 2015 Highlights: Who Won, Who Lost?",1,election highlight win lose
ICE spends millions flying illegal immigrant children across US,1,ice spend million fly illegal immigrant child across we
2017 Stock Market Crash? Eric Dubin on Markets and the Election Shocker,0,stock market crash eric dubin markets election shocker
US-led airstrike kills at least 30 Afghan civilians,0,we lead airstrike kill least afghan civilian
US ‘Laying Groundwork’ For Raqqa Offensive In Syria,0,we lay groundwork raqqa offensive syria
Is Something Wrong With Hillary? Will NOT Concede Tonight – Refuses To Speak To Crowd – Health Episode?,0,something wrong hillary not concede tonight refuse speak crowd health episode
30 Civilians Die In US Airstrike Called ‘To Protect US and Afghan troops’,0,civilian die we airstrike call protect we afghan troop
"Sanders sweeps in Alaska, Hawaii, Washington, but too little too late?",1,sander sweep alaska hawaii washington little late
The Glorious New PC NFL Starts Next Monday!,0,glorious new pc nfl start next monday
GOP searches for Obamacare fix,1,gop search obamacare fix
How Grey are the White Helmets and Their Backers?,0,grey white helmet backer
"Flint, Michigan: Neglected because city is black, poor?",1,flint michigan neglect city black poor
Malala Announced That She Plans To Become Prime Minister Of Pakistan,0,malala announce plan become prime minister pakistan
A Mr. Clark Kent arrested for public phone box indecency. More soon.,0,mr clark kent arrest public phone box indecency soon
"Sanders, Clinton talk immigration, battle for Hispanic vote before big California primary",1,sanders clinton talk immigration battle hispanic vote big california primary
Jesse Matthew charged in Hannah Graham slaying,1,jesse matthew charge hannah graham slay
Judge Blocks President Obama's Immigration Order,1,judge block president obama immigration order
Another Trump Surrogate Admits Trump Won’t Build That Effing Wall (VIDEO),0,another trump surrogate admit trump win build eff wall video
"Whether Clinton or Trump, Tensions Will Escalate with China and Russia Under Next U.S. President",0,whether clinton trump tension escalate china russia next president
Trump names three apparent vice-presidential possibilities on Twitter,1,trump name three apparent vice presidential possibility twitter
Google appoints Vice-President | Katehon think tank. Geopolitics & Tradition,0,google appoint vice president katehon think tank geopolitic tradition
The accidental case against Obamacare,1,accidental case obamacare
"ISIS Empire: Smuggling, shakedowns, donations feed swelling terror budget",1,isis empire smuggle shakedown donation feed swell terror budget
Cruz wins CPAC presidential straw poll,1,cruz win cpac presidential straw poll
"Hawaii’s $205M ObamaCare system on life support, critics fear ‘complete waste’",1,hawaii 205 obamacare system life support critic fear complete waste
"Biden Blames “Lazy American Women” For The Economy: “They Sit Around Doing Nothing, Only Hillary Can Force Them To Work”",0,biden blame lazy american woman economy sit around nothing hillary force work
North Dakota Pipeline: Cell Service Blacked Out As Violence Against Protesters Increases,0,north dakota pipeline cell service black violence protester increase
"Break the Silence or Support Self-Determination? In Syria, the Answer Should be Obvious",0,break silence support self determination syria answer obvious
Walmart Boosts Minimum Wage to $9/Hour,1,walmart boost minimum wage hour
Trump is The Lesser Evil Because Hes Such a Narcissist      :,0,trump less evil narcissist
Clinton Campaign Circulated Paul Ryan Relative as Possible Supreme Court Pick,0,clinton campaign circulate paul ryan relative possible supreme court pick
WikiLeaks Bombshell: ‘There Is No US Election’,0,wikileak bombshell no us election
Exposed: Stunning CNN Super Damage Control In Response To “Damning” Videos (VIDEO),0,expose stunning cnn super damage control response damn video video
Did Gary Johnson Just Get Boxed Out of the Debates?,1,gary johnson get box debate
Trump campaign woes intensify amid questions over Melania's visa – as it happened,1,trump campaign woe intensify amid question melania visa happen
"Unbrexit! Parliament must vote on triggering article 50: the 9 funniest, most ironic reactions",0,unbrexit parliament must vote trigger article funniest ironic reaction
Allen West Reveals How Obama’s Pentagon Just Destroyed Recruiting Efforts for Decades,0,allen west reveal obama pentagon destroy recruiting effort decade
UPLIFTING: Anaheim Ducks Honor Bomb Detection K9 During ‘Military Appreciation Night’,0,uplift anaheim duck honor bomb detection k9 military appreciation night
Comment on An ex-police Sergent tells how and why you should fight ALL speeding fines by Sinead,0,comment ex police sergent tell fight speed fine sinead
"After Trump’s Super Tuesday romp, GOP establishment seeks unity to slow surge",1,trump super tuesday romp gop establishment seek unity slow surge
"74 children executed by ISIS for 'crimes' that include refusal to fast, report says",1,child execute isis crime include refusal fast report say
"On Capitol Hill, deep skepticism persists as lawmakers react to Iran deal",1,capitol hill deep skepticism persist lawmaker react iran deal
"Heart disease kills way more people than war, murder, and traffic accidents combined",1,heart disease kill way people war murder traffic accident combine
DOJ Tried Repeatedly To Kill FBI’s Clinton Foundation Investigation,0,doj try repeatedly kill fbi clinton foundation investigation
"#MemeOfTheWeek: The Strange, Sad Case Of #FeelTheChafe",1,memeoftheweek strange sad case feelthechafe
Donald Trump to Ben Carson: You’re Fired… From My VP Team,1,donald trump ben carson fire vp team
"Christie Lost Republicans The 2012 Election. He May Be Losing Them The 2016 Election, Too.",0,christie lose republicans election may lose election
ObamaCare: Things Fall Apart,0,obamacare thing fall apart
There’s a good reason protesters at the University of Missouri didn’t want the media around,1,good reason protester university missouri didn want medium around
"I'm Not Voting ""For"" Donald Trump. I'm Voting To Stop The Clintons From Consolidating Power.",0,not vote donald trump voting stop clinton consolidate power
"As fixes for Obamacare begin, meet the hopelessly confusing ‘all-payer model’",0,fix obamacare begin meet hopelessly confusing payer model
Iran nuclear deal: why White House rules foreign policy,1,iran nuclear deal white house rule foreign policy
Russia Tests Stealth Hypersonic Nuke Capable of Wiping Texas or France,0,russia test stealth hypersonic nuke capable wipe texas france
Russia's countersanctions for Syria will hit the West below the belt,0,russia countersanction syria hit west belt
Will James Comey Change the Outcome of the Election?,0,james comey change outcome election
"Slavic Brotherhood 2016: Russia, Serbia & Belarus hold joint military drills",0,slavic brotherhood russia serbia belarus hold joint military drill
Obama Argues Against Goverment Shutdown Over Planned Parenthood,1,obama argue goverment shutdown plan parenthood
9/11 Firefighters Reveal Bombs Destroyed WTC lobby,0,firefighter reveal bomb destroy wtc lobby
Is the Supreme Court Too Powerful? - Room for Debate - NYTimes.com,1,supreme court powerful room debate nytime com
THE CLINTON/VATICAN/TEHRAN AXIS,0,clinton vatican tehran axis
House votes to block Obama’s immigration actions — but exposes new GOP divisions,1,house vote block obama immigration action expose new gop division
"Clinton takes four states, giving a big boost to her delegate total",1,clinton take four state give big boost delegate total
"This man wants to become president, pass one law, and resign",1,man wants become president pass one law resign
GOD Has Chosen Trump,0,god choose trump
Indian princess watches over rare paleontological remains,0,indian princess watch rare paleontological remain
Colin is looking for a songwriting partner,0,colin look songwrite partner
Did Trump go too far?,1,trump go far
Die Hard 3 Predicts Hillary Clinton To be President,0,die hard predict hillary clinton president
Behind the Biden hype,1,behind biden hype
Primary election: What to watch on Super Tuesday 2,1,primary election watch super tuesday
Soy should not be consumed in significant quantities unless it has been fermented or otherwise traditionally processed; industrially processed soy should be avoided,0,soy not consume significant quantity unless ferment otherwise traditionally process industrially process soy avoid
Kim Davis's right to religious liberty has been grossly violated,1,kim davis right religious liberty grossly violate
"As Rubio stumbles, race for second place tightens in New Hampshire (+video)",1,rubio stumble race second place tighten new hampshire video
Crooked Hillary Campaign Used A Green Screen At Today’s Low Turnout Rally In Coconut Creek FL,0,crooked hillary campaign use green screen today low turnout rally coconut creek fl
Get Ready For Civil Unrest: Most Americans Are Concerned About Election Violence,0,get ready civil unrest americans concern election violence
How to Build a Prepper’s Medical Emergency Kit on a Budget,0,build prepper medical emergency kit budget
Sometimes Bill and Hillary Clinton Have the Worst Judgment - Wikileaks,0,sometimes bill hillary clinton bad judgment wikileak
Evangelicals Sing a New Tune on Trump: 'Meeting May Be a Tipping Point',1,evangelical sing new tune trump meeting may tip point
"This is how Ted Cruz wins: Why the formerly unthinkable could really, actually happen",1,ted cruz win formerly unthinkable could really actually happen
Disgraced Hedge Fund Manager Focuses on Aiding Veterans,0,disgrace hedge fund manager focus aid veteran
Evidence Reveals Possible Link Between Voting Machines And Clinton Foundation,0,evidence reveal possible link voting machine clinton foundation
Macy's is the latest to cut ties with Donald Trump,1,macy late cut tie donald trump
Globalization Expressway to Universal Slavery,0,globalization expressway universal slavery
The Awkward Arranged Marriage of Trump and Pence,1,awkward arrange marriage trump pence
Now Malaysia Dumps US for Chinese Naval Vessels,0,malaysia dump we chinese naval vessel
New NASA Footage Films UFO Flying Past,0,new nasa footage film ufo fly past
On Being Aloof and Democratic,0,aloof democratic
Ballot stuffing by fat obese feminazis,0,ballot stuff fat obese feminazi
What advantages does Marco Rubio have?,1,advantage marco rubio
Video: We Now Have Proof Obamacare Was Designed to Fail… and Here’s Why,0,video proof obamacare design fail
"Post-ABC poll finds tight presidential race, with mixed reaction to FBI’s review of Clinton’s emails",1,post abc poll find tight presidential race mix reaction fbi review clinton email
The GOP still has nothing to show for its anti-Planned Parenthood campaign,1,gop still nothing show anti plan parenthood campaign
Warning or threat? Hillary hints at second civil war if Trump wins,0,warning threat hillary hint second civil war trump win
"Looking To 2015, Economists See 5 Reasons To Celebrate",1,look economist see reason celebrate
Project Veritas Reveals Who Was REALLY Behind Romney’s 47% Video,0,project verita reveal really behind romney video
Rick Perry drops out of 2016 presidential race,1,rick perry drop presidential race
"'Basket of deplorables': For once, Hillary told the truth about what she really thinks",1,basket deplorable hillary tell truth really think
Clinton campaign scrambles to defend Rust Belt against Trump,1,clinton campaign scramble defend rust belt trump
Clinton Emails Linked To Political Pedophile Sex Ring – FBI Insider | EndingFed News Network,0,clinton email link political pedophile sex ring fbi insider endingfed news network
How this WWII airman is helping veterans heal with the help of 4-legged friends,0,wwii airman help veteran heal help legged friend
Life: Lucky Break: This Teen Boy Just Got Another 4 Years To Plan His Viral Coming-Out Video,0,life lucky break teen boy get another year plan viral come video
Paul Ryan Must Step Down as Speaker of the House,0,paul ryan must step speaker house
Eric Holder bids farewell to Justice Department,1,eric holder bids farewell justice department
The Homo Economicus Straw Man,0,homo economicus straw man
Huckabee Appearing at Trump Event in Iowa,1,huckabee appear trump event iowa
David Fry Released From Jail,0,david fry release jail
Why Sen. Mitch McConnell won’t budge on the Supreme Court nomination,1,sen mitch mcconnell win budge supreme court nomination
"Sorry Gov. Kasich, ‘Electability’ Is Bunk",1,sorry gov kasich electability bunk
"For 2016, Hillary Clinton has commanding lead over Democrats, GOP race wide open",1,hillary clinton command lead democrats gop race wide open
Surprise! Donald Trump is wrong about immigrants and crime.,1,surprise donald trump wrong immigrant crime
The State Department hasn’t been authorized in 13 years,1,state department hasn authorize year
Will Wednesday’s GOP debate move the discourse from flash to substance?,1,wednesday gop debate move discourse flash substance
Carson threatens to leave Republican Party,1,carson threatens leave republican party
Mass shootings appear to be spiraling out of control. Are they? (+video),1,mass shooting appear spiral control video
Is Hillary Clinton too big to indict? (+video),1,hillary clinton big indict video
"‘Go Back to Where You Claim Home,’ Kansas Lawmaker Tells Protester",0,go back claim home kansas lawmaker tell protester
Sufism in the Service of Empire: the Case of the Maryamiyyah,0,sufism service empire case maryamiyyah
US Secret Service Struggles To Find Recruits Who Haven’t Used Adderall,0,us secret service struggle find recruit haven use adderall
Hallowe'en - The Day of the Aos Si,0,hallowe en day aos si
C праздником ребята и спасибо вам!,0,праздником ребята спасибо вам
McConnell: No lame duck confirmation,1,mcconnell no lame duck confirmation
"UK Interested in Strong Energy Sector, Stable Int'l Market - Ex-Minister",0,uk interest strong energy sector stable int market ex minister
"In West Baltimore, some residents see rioting as a rational response to daily despair",1,west baltimore resident see riot rational response daily despair
DOJ will not prosecute former Ferguson police officer Darren Wilson,1,doj not prosecute former ferguson police officer darren wilson
"Pain, anger and fear: US voters deprived of a serious presidential election",1,pain anger fear we voter deprive serious presidential election
"After Kim Davis is jailed, marriage license issued",1,kim davis jail marriage license issue
Watch President Obama Full Speech on Donald Trump Win,0,watch president obama full speech donald trump win
"API Reports A Build, DOE A Draw",0,api report build doe draw
"No, Russia Is Not ‘Isolated’ Or The ‘Enemy’",0,no russia not isolate enemy
Anonymous: Hillary Could Be In Handcuffs In 72 Hours!,0,anonymous hillary could handcuff hour
Place your bets now. How much does someone’s world view predict their other attitudes?,1,place bet much someone world view predict attitude
For People Who Are Worried About Druckenmiller Selling His Gold…,0,people worry druckenmiller sell gold
The joke was that Obama wasn’t joking,1,joke obama wasn joke
Scientists say weird signals from space are 'probably' aliens,0,scientist say weird signal space probably alien
Andrew Maguire,0,andrew maguire
Netanyahu warns that nuclear deal ‘paves Iran’s path’ to a bomb,1,netanyahu warn nuclear deal pave iran path bomb
Robert Vaughn dies after hearing Trumphole wins,0,robert vaughn die hear trumphole win
Fifth Varshavyanka submarine joins Russia’s Navy | Russia & India Report,0,fifth varshavyanka submarine join russia navy russia india report
Democrats see chance to reshape map as Trump stumbles,1,democrats see chance reshape map trump stumble
"One year after Obama embraced Cuba, what has changed?",1,one year obama embrace cuba change
WATCH: Joe Biden senses ‘Danger’ for Hillary in this PRICELESS reaction to #WeinerGate development,0,watch joe biden sense danger hillary priceless reaction weinergate development
"Obama Throws Hillary Clinton Under The Bus, Supports Director Comey",0,obama throw hillary clinton bus support director comey
"Orlando probe intensifies as feds eye gunman's wife, possible ties to international terror",1,orlando probe intensifie fed eye gunman wife possible tie international terror
"Obama touts progress against ISIS, sets low expectations for Russian cooperation",1,obama tout progress isis set low expectation russian cooperation
5 takeaways from New Hampshire,1,takeaways new hampshire
"Escaped killers' ride backed out, source says",1,escape killers ride back source say
"Radio Derb: Peak White Guilt, PC Now To The LEFT Of Marxism, And Voices from the Mencken Club, Etc.",0,radio derb peak white guilt pc leave marxism voice mencken club etc
Brace Yourself: The Presidential Election Is Going To Be All About Anger,1,brace presidential election go anger
Why Netanyahu victory isn't likely to make US-Israel relations worse (+video),1,netanyahu victory not likely make we israel relation bad video
Officials State New Clinton Emails Discovered as Part of Anthony Weiner ‘Sexting’ Investigation,0,official state new clinton email discover part anthony weiner sexte investigation
Is Who Hacked Podesta’s Emails the Issue or the Fact they are True?,0,hack podesta email issue fact true
Paul Craig Roberts: Trump faces assasination,0,paul craig roberts trump face assasination
"Homeland Security Chairman, “Hillary’s Mishandling of Classified Information is Treason” – TruthFeed",0,homeland security chairman hillary mishandle classified information treason truthfeed
The case for a Clinton-Warren ticket,1,case clinton warren ticket
Black Lives Matter leader DeRay McKesson endorses Clinton,0,black life matter leader deray mckesson endorse clinton
"Democratic Party Leaders, Bernie Sanders Spar Over Nevada Convention Chaos",1,democratic party leader bernie sanders spar nevada convention chaos
Joe Biden: He's right not to run (Opinion),1,joe biden right not run opinion
"New York Times endorses Hillary Clinton, John Kasich for nominations",1,new york times endorse hillary clinton john kasich nomination
“Your little brother is not the ultimate authority”: How Jeb Bush cheated America & helped deliver the presidency to W,1,little brother not ultimate authority jeb bush cheat america help deliver presidency
Comment on What’s that strange lump embedded in Hillary Clinton’s face? by mildred.kraus,0,comment strange lump embed hillary clinton face mildred krau
"Hillary Clinton Tops ""Islamist Money in Politics"" List",0,hillary clinton top islamist money politic list
Netanyahu poised for third straight term as Israel PM after chief rival concedes,1,netanyahu poise third straight term israel pm chief rival concede
Clinton says she'll decide about 2016 next year,1,clinton say decide next year
Humans Came Out Of Australia Not Africa,0,human come australia not africa
"Russia, China Look To Autonomous Financial System",0,russia china look autonomous financial system
"Biden Blames “Lazy American Women” For The Economy: “They Sit Around Doing Nothing, Only Hillary Can Force Them To Work”",0,biden blame lazy american woman economy sit around nothing hillary force work
5.0 Quake Near Oklahoma Oil Hub Causes Substantial Damage,0,quake near oklahoma oil hub cause substantial damage
OpEds | Eric Zuesse: 34 Reasons This Bernie Voter Will Vote Trump,0,oped eric zuesse reasons bernie voter vote trump
BREAKING: Hillary’s State Department Spent $9.2 Million Hiring the Terrorists Who Attacked Americans in Benghazi,0,break hillary state department spend million hiring terrorist attack americans benghazi
The 5 big things we learned about Congress in 2015,1,big thing learn congress
Reuters/Ipsos Poll: Trump Closes in on Clinton's Projected Electoral Lead,1,reuters ipsos poll trump close clinton project electoral lead
UN Chief urges South Africa to reconsider quitting ICC,0,un chief urge south africa reconsider quit icc
"“If Trump Loses, I’m Grabbing My Musket”: Former Congressman Ready to Go Full Revolution",0,trump lose grab musket former congressman ready go full revolution
Drama On The Docket: High Court's Term Set To End With Slate Of Big Cases,1,drama docket high court term set end slate big case
A liberal plan to defeat ISIS: Here’s how we avoid Ted Cruz’s religious police state,1,liberal plan defeat isis avoid ted cruz religious police state
Benghazi: The fundamental question that still hasn't been answered,1,benghazi fundamental question still not answer
U.S. Near Bottom in Public ‘Confidence in Elections’,0,near bottom public confidence election
A surprisingly fascinating theory for why Canada is so boring,1,surprisingly fascinating theory canada boring
Will the next US president be a psycho lesbian? (plus 2 breaking news videos),0,next us president psycho lesbian plus break news video
"Word Via Ned Dougherty Nov 1, 2016",0,word via ned dougherty nov
Trump suggests 'profiling' of Muslims as response to terrorism,1,trump suggest profile muslim response terrorism
Gary Johnson snags newspaper endorsement,1,gary johnson snags newspaper endorsement
Gay Marriage Ruling Fallout: Christian Leaders React,1,gay marriage rule fallout christian leader react
Should NBC have let Donald Trump host 'Saturday Night Live'?,1,nbc let donald trump host saturday night live
"Vital VA hospital project in limbo as price tag soars, lawmakers vow no ‘bail-out’",1,vital va hospital project limbo price tag soar lawmaker vow no bail
House committee passes bill that cuts Amtrak funding,1,house committee pass bill cut amtrak funding
Ohio delegation blasts Mount McKinley name change,1,ohio delegation blast mount mckinley name change
2:00PM Water Cooler 11/4/2016,0,00pm water cooler
Jordan signals escalation vs. Islamic State,1,jordan signal escalation vs islamic state
Clinton's best defense -- there's no one else,1,clinton good defense no one else
The new war on the press: When satire sparks terrorism,1,new war press satire spark terrorism
Apostate Evangelicals Are Poised To Become The Deciding Factor In A Hillary Clinton Election Victory,0,apostate evangelical poise become decide factor hillary clinton election victory
BREAKING : Sources Inside the FBI Say Hillary Will Be INDICTED in Early 2017 – TruthFeed,0,break source inside fbi say hillary indict early truthfeed
Donald Trump says he doesn’t need a unified GOP. Logic and math suggest otherwise.,1,donald trump say doesn need unified gop logic math suggest otherwise
"At least 20 hostages dead in siege of hotel in Mali, official says",1,least hostage dead siege hotel mali official say
Stabbing Injures Seven People in Newark Home · Guardian Liberty Voice,0,stab injure seven people newark home guardian liberty voice
Clinton Staffer Caught Sacrificing Baby to Demon Moloch - Wikileaks,0,clinton staffer catch sacrifice baby demon moloch wikileak
Arkansas Republicans Put The Word “Liar” In Hillary’s Name On Ballot,0,arkansas republicans put word liar hillary name ballot
"ISIS uses an industrial dough kneader to kill 250 children, roasts adults in a bakery oven in Douma, Syria",0,isis use industrial dough kneader kill child roast adult bakery oven douma syria
"Millennials Just Aren't That Into Hillary Clinton, and it Could Cost Her the Election",1,millennial not hillary clinton could cost election
"Jaish Al-Fatah Leader Admits Receiving Financial, Military Aid from Saudi Arabia",0,jaish al fatah leader admit receive financial military aid saudi arabia
Defiant Paul says he can still grow GOP,1,defiant paul say still grow gop
Takeaways from the Republican debate,1,takeaways republican debate
Eamon Dunphy & George Hook Enter 12th Hour Of ‘Who’s More Controversial’ Debate,0,eamon dunphy george hook enter 12th hour controversial debate
The Real Reason Behind Saakashvili's Resignation,0,real reason behind saakashvili resignation
Will interest rates go up? Five things to expect,1,interest rate go five thing expect
Election Law Violation Was Hillary’s Idea,0,election law violation hillary idea
Jury selection begins in Colorado theater shooting trial,1,jury selection begin colorado theater shooting trial
Cyber War  From Trifle to Catastrophe     : Information,0,cyber war trifle catastrophe information
Fox News and the Duggars reach a disgusting new low: The twisted persecution complex in last night’s insane interview,1,fox news duggar reach disgusting new low twisted persecution complex last night insane interview
2016 Election Night Live Blog/Open Thread,0,election night live blog open thread
Obama's fragile climate legacy,1,obama fragile climate legacy
Norwegian Government to Deport White Patriot While Nation is Swamped by Tens of Thousands of Non-White Invaders,0,norwegian government deport white patriot nation swamp tens thousand non white invader
State Dept. accused of stiff-arming intel watchdog over Hillary emails,1,state dept accuse stiff arm intel watchdog hillary emails
She Drank Carrot Juice Every Day for 8 Months and Got Rid of CANCER!,0,drank carrot juice every day month get rid cancer
Polls Tighten: Trump Gains 2.7 Percent In Poll Average In Two Weeks,0,poll tighten trump gain percent poll average two week
MASSACHUSETTS: Designated Terrorist Group CAIR demands synagogue cancel speakers who are pro-Israel anti-Islam,0,massachusetts designate terrorist group cair demand synagogue cancel speaker pro israel anti islam
Poll: Clinton Support Spikes Following Democratic Convention,1,poll clinton support spike follow democratic convention
Before It All Began: DML’s Spot-On Prediction of the 2016 Race,0,begin dml spot prediction race
Florida Once Again a Focus in 2016 Campaign,1,florida focus campaign
Crimean and Donetsk leaders comment on US elections,0,crimean donetsk leader comment we election
The House’s new conservative politburo,1,house new conservative politburo
Dog Waited Faithfully For Over A Month After His Owners Left Him Behind,0,dog wait faithfully month owner leave behind
Bizarre! Drone Records Speeding UFO Over Trees,0,bizarre drone record speed ufo tree
Prepare Yourself For The Higher Energies,0,prepare high energy
Life: 7 Incredible Animal Mating Rituals,0,life incredible animal mating ritual
Why Gingrich could be the ideal running mate for Trump,1,gingrich could ideal running mate trump
"Blame Government, Not Markets for Monopoly",0,blame government not market monopoly
Ten interesting facts about Vladimir Putin,0,ten interesting fact vladimir putin
11 Stupid Things Vox.com's Matthew Yglesias Has Said | Daily Wire,0,stupid thing vox com matthew yglesias say daily wire
Hillary’s “Big Tent” is Obama’s “Grand Bargain” on Steroids,0,hillary big tent obama grand bargain steroid
Former HP CEO Carly Fiorina Announces She's Running For President,1,former hp ceo carly fiorina announce run president
RT: Russia Just Tested a Nuclear-Capable Warhead That Can Outsmart US Anti-Missile Systems,0,rt russia test nuclear capable warhead outsmart us anti missile system
Top 10 Pet Care Tips,0,top pet care tip
Watch Lab MP claim that “The Government is hurtling towards a chaotic breakfast”,0,watch lab mp claim government hurtle towards chaotic breakfast
"With rise in polls, Cruz becomes potential Trump target in Tuesday's GOP debate",1,rise poll cruz become potential trump target tuesday gop debate
What If The Supreme Court Had Gone The Other Way On Obamacare?,1,supreme court go way obamacare
Megyn Kelly Rips Into Donald Trump for His Attacks on a Federal Judge,1,megyn kelly rips donald trump attack federal judge
"Wikileaks May Release Hillary's 33,000 Deleted Emails: Kim Dotcom",0,wikileak may release hillary delete email kim dotcom
"Nobel Confusion: Ramos-Horta, Trump and World Disorder",0,nobel confusion ramos horta trump world disorder
How Instagram Becomes Backbone for Businesses,0,instagram become backbone business
Top Radio Host Michael Savage: “We’re Being Invaded Right Now”,0,top radio host michael savage invade right
Trump Is Wrong About Terrorism and Immigration,1,trump wrong terrorism immigration
Why Not Vote Third Party? We Asked California Voters.,1,not vote third party ask california voter
"Why any Wife, Mother, Daughter, Sister or Feminist MUST Vote Trump",0,any wife mother daughter sister feminist must vote trump
Cannabis Aficionados Develop THC-A Crystalline: The Strongest Hash in The World at 99.99% THC,0,cannabis aficionado develop thc crystalline strong hash world thc
BREAKING: Uncovered Huma Email Confirms the Worst… Previous Hacks DID Happen,0,break uncover huma email confirm bad previous hack happen
MH370 search: Debris found in Reunion may give clues,1,mh370 search debris find reunion may give clue
Bitcoin Soars As China Launches Crackdown On Wealth-Management Products,0,bitcoin soar china launch crackdown wealth management product
How Republicans are targeting Clinton on foreign policy,1,republicans target clinton foreign policy
Ayatollah's decree complicates Iran nuclear talks,1,ayatollah decree complicate iran nuclear talk
Boehner vows fight to scuttle Iran nuclear deal,1,boehner vow fight scuttle iran nuclear deal
The Dark Agenda Behind Globalism And Open Borders,0,dark agenda behind globalism open border
The U.S. National Bird Is Now a Drone,0,national bird drone
Facebook lets advertisers exclude users by race,0,facebook let advertiser exclude user race
Interview 1227 – New World Next Week with James Evan Pilato,0,interview new world next week james evan pilato
Why Trump is dredging up 1990s attacks against the Clintons,1,trump dredging 1990 attack clinton
Hillary’s High Crimes & Misdemeanors Threaten Constitutional Crisis,0,hillary high crime misdemeanor threaten constitutional crisis
"3 reasons Americans die sooner than people in other developed nations: guns, drugs, cars",1,reason americans die soon people develop nation gun drug car
Trump Dedicates D.C. Hotel: 'The Future Lies With The Dreamers',0,trump dedicate hotel future lie dreamer
Wikileaks Confirming Clinton Was Complicit in the Murder of Ambassador Stevens- The CSS Printed This Allegation Four Years Ago,0,wikileak confirm clinton complicit murder ambassador stevens css print allegation four year ago
Toxic chemicals found in children’s Halloween makeup – study,0,toxic chemical find child halloween makeup study
"After Vets Fight War, Feds Demand Money Back… But Illegals And Refugees Can Keep Their Money",0,vet fight war fed demand money back illegal refugee keep money
TRUMP TARGETS DEMOCRATIC STATES IN FINAL ASSAULT...,0,trump target democratic state final assault
US Moving ISIS Fighters From Iraq To Syria To Topple Assad,0,we move isis fighter iraq syria topple assad
It Happened: Personal Notes From A Young Chicago Cubs Fan,0,happen personal note young chicago cubs fan
Loony Pseudo-Christian Says That Liberals Are Using Witchcraft To ‘Fog’ Christians’ Heads (VIDEO),0,loony pseudo christian say liberal use witchcraft fog christians head video
"New ISIS video shows Paris attackers committing prior atrocities, threatening UK",1,new isis video show paris attacker commit prior atrocity threaten uk
"Obama Looking For Justice Who Will 'Interpret' The Law, Not 'Make' It",1,obama look justice interpret law not make
Penny Nance: Trump vs. Miss Universe -- I can’t get to victim when I think of Alicia Machado,1,penny nance trump vs miss universe get victim think alicia machado
US intelligence warns public of pre-election day terror,0,us intelligence warn public pre election day terror
Carl G. Jung Attitude Types and the Sash of Solitude,0,carl jung attitude type sash solitude
Russian FM Lavrov reminds USA of war crimes in Yugoslavia,0,russian fm lavrov remind usa war crime yugoslavia
Congress moves closer to preventing a shutdown,1,congress move close prevent shutdown
"HHS announces small extension for ObamaCare sign-up, bigger delay next year",1,hhs announce small extension obamacare sign big delay next year
Trump says he's not worried by opposition to him within GOP,1,trump say not worried opposition within gop
Rand Paul's all-too-familiar campaign,1,rand paul familiar campaign
"Harry Reid BLASTS Comey For Misconduct, Drops Bombshell: FBI Is Sitting On Russian-Trump Info",0,harry reid blast comey misconduct drop bombshell fbi sit russian trump info
Hillary Clinton's shrinking email defense,1,hillary clinton shrink email defense
"Dozens dead, including one American, as hostage situation in Mali hotel ends",1,dozen dead include one american hostage situation mali hotel end
Suspect who worked for wealthy DC family arrested for their deaths,1,suspect work wealthy dc family arrest death
House Votes to Upgrade International Religious Freedom Law,1,house vote upgrade international religious freedom law
Cruz's immigration gambit,1,cruz immigration gambit
"U.S. Economy Added A Robust 292,000 Jobs In December",1,economy add robust job december
7 reasons I'll vote for Trump,0,reason vote trump
Russia and Syria Warn About US Shifting ISIS from Mosul to Battle Assad,0,russia syria warn we shift isis mosul battle assad
Here's How Many People In Each State May Not Be Able To Afford Insurance If The Supreme Court Rules Against Obamacare,1,many people state may not able afford insurance supreme court rule obamacare
Hilarious: What “Small Talk” Among Friends Looks Like at The Moment,0,hilarious small talk among friend look like moment
A Hillary Win Will Be Google’s Win of Everything,0,hillary win google win everything
"Quality care for vets more important than wait times, says VA secretary",1,quality care vet important wait time say va secretary
Pence: I Don't Understand 'The Basis' of Michelle Obama's Claims,1,pence not understand basis michelle obama claim
Ted Cruz: Now the odds-on favorite,1,ted cruz odd favorite
Scientists About To Pour $100 Million Into Looking For Aliens Around Weird Star,0,scientist pour million look alien around weird star
CBS Colorado Investigation Shows People Voting Twice; The Dead Voting,0,cbs colorado investigation show people vote twice dead voting
"Sanders, losing in delegates to Clinton, claims 'path to victory'",1,sander lose delegate clinton claim path victory
"Unions fight to preserve Obama’s immigration actions, their members",1,union fight preserve obama immigration action member
Tony Blair suggests a second referendum to reverse Brexit,0,tony blair suggest second referendum reverse brexit
"France: Muslim Screams ‘There is Only One Master — Allah’, Punches Teacher in Front of Pupils",0,france muslim scream one master allah punch teacher front pupil
Iran disputes report of missile test,1,iran dispute report missile test
Hillary's High Crimes & Misdemeanors,0,hillary high crime misdemeanor
"Bush vows to back GOP nominee, questions Rubio on abortion",1,bush vow back gop nominee question rubio abortion
House GOP smells victory in budget battle,1,house gop smell victory budget battle
Blowback? Journalists whine of victimization as Trump supporters turn on presstitute media,0,blowback journalist whine victimization trump supporter turn presstitute medium
FLASHBACK: American Flags Collapse at the Sight of Hillary Clinton,0,flashback american flag collapse sight hillary clinton
Erdogan wants to revive the dream of Ottoman Empire by supporting Saudi Arabia,0,erdogan want revive dream ottoman empire support saudi arabia
"Scientists Leak Evidence That Approve Elon Musk's Theory: The Universe Is A ""Computer"" Simulation",0,scientist leak evidence approve elon musk theory universe computer simulation
Is Huma Abedin Hillary Clinton’s Secret Weapon or Her Next Big Problem?,1,huma abedin hillary clinton secret weapon next big problem
A 70-Year-Old Woman Gave Birth—And What You Should Know About It,0,year old woman give birth know
America’s white fragility complex: Why white people get so defensive about their privilege,1,america white fragility complex white people get defensive privilege
"ISIS uses an industrial dough kneader to kill 250 children, roasts adults in a bakery oven in Douma, Syria",0,isis use industrial dough kneader kill child roast adult bakery oven douma syria
Estonia trains partisans for war with Russia,0,estonia train partisans war russia
Karl Rove: Trump's campaign is willing to change. Is the candidate?,1,karl rove trump campaign willing change candidate
With Dire Situation in America for Voters; Homeschool Enrollment Doubles,0,dire situation america voters homeschool enrollment double
Schools All Over America Are Closing On Election Day Due To Fears Of Violence,0,schools america closing election day due fear violence
Obama says charges he's anti-Semitic are hurtful,1,obama say charge anti semitic hurtful
North Korea Threatens ‘Sacred’ Nuclear War Against Israel if this country continue supporting ISIS,0,north korea threaten sacred nuclear war israel country continue support isis
"On Midterm Trail, Hillary Clinton Tests Themes for Possible 2016 Run",1,midterm trail hillary clinton test theme possible run
"One Week, and Counting: Bottom-Fishing in America",0,one week count bottom fishing america
"Doorway on Moon Found at Bancroft Crater, Google Map, Oct 2016, Photos | Paranormal",0,doorway moon find bancroft crater google map oct photo paranormal
Shock Claim: Nibiru Will Hit In 2017- World Governments Are Prepared,0,shock claim nibiru hit world government prepare
Bill Black: Liberals Didn’t Listen: The Immense Cost of Ignoring Tom Frank’s Warnings,0,bill black liberal didn listen immense cost ignore tom frank warning
President-Elect Donald Trump must ensure continued efforts toward a Palestinian state,0,president elect donald trump must ensure continue effort toward palestinian state
Defying the Politics of Fear   :,0,defy politic fear
U.S. added 257K jobs in January; unemployment ticks up to 5.7 percent,1,add 257k job january unemployment tick percent
This Is the Least Important Election of Our Lifetimes,1,least important election lifetime
White House CANCELS all Obama Appearances at Hillary Campaign Events! ! ! | RedFlag News,0,white house cancel obama appearance hillary campaign event redflag news
"These Products Make Men Grow Breasts, Get Cancers Of The Prostate And Liver",0,product make man grow breast get cancer prostate liver
O’Reilly denounces Mother Jones story on his war reporting,1,reilly denounce mother jones story war report
Computer Programmer Admits To Being Paid To Rig Voting Booths,0,computer programmer admits pay rig voting booth
The Resentments Trump Represents,0,resentment trump represent
"Wikileaks Bombshell: ‘There is no US election’ (Video, 5.26 mins)",0,wikileak bombshell no us election video min
"Paul Ryan 1, Donald Trump 0",1,paul ryan donald trump
Activists bristle at Clinton fundraising,1,activist bristle clinton fundraising
Moby Just Destroyed Trump In A Passionate Defense Of Hillary,0,moby destroy trump passionate defense hillary
"The affair allegations that derailed Kevin McCarthy's quest for the speakership, explained",1,affair allegation derail kevin mccarthy quest speakership explain
Investment Strategist Forecasts Collapse Timeline: ‘The Last Gasp Will Come In 2018’,0,investment strategist forecast collapse timeline last gasp come
Donald Trump is running out of ways to win,1,donald trump running way win
Stock Markets Collapse In Anticipation Of Trump Win: Dow Jones Futures Down 750 Points,0,stock market collapse anticipation trump win dow jones futures point
NYT: Undocumented Student Denounces Free Speech on Immigration Policy,0,nyt undocumented student denounce free speech immigration policy
"As Flint Suffers, Nestlé Plans Dramatic Expansion of Water Privatization in Michigan",0,flint suffer nestlé plan dramatic expansion water privatization michigan
Kasich: Bush's campaign is 'freaking out',1,kasich bush campaign freaking
Franklin Graham: The media didn’t understand the ‘God-factor’ in Trump’s win,0,franklin graham media didn understand god factor trump win
November 11: Daily Contrarian Reads,0,november daily contrarian read
Assange Destroys Hillary Clinton In His Most Provocative Interview Ever [Watch],0,assange destroy hillary clinton provocative interview ever watch
27 Photos That Prove The Earth Is in Serious Danger & It’s Time To Be Worried Now,0,photo prove earth serious danger time worry
Putin “Collecting” Former US Allies,0,putin collect former us ally
Point-counterpoint: Is political polarization really such a bad thing? | Commentary,1,point counterpoint political polarization really bad thing commentary
VIDEO : FBI SOURCES SAY INDICTMENT LIKELY FOR CLINTON – TruthFeed,0,video fbi source say indictment likely clinton truthfeed
"Trump Concedes, Calls Clinton to Congratulate Her",0,trump concede call clinton congratulate
UN Failed to Carry Adequate Medical Evacuations in Aleppo - Churkin,0,un fail carry adequate medical evacuation aleppo churkin
"Trump's challenges come to the fore, reshaping GOP race",1,trump challenge come fore reshape gop race
"Syrian War Report – October 27, 2016: Russian Strikes Destroyed Over 300 Terrorists’ Oil Facilities",0,syrian war report october russian strike destroy terrorist oil facility
Inside Bernie Sanders’ unorthodox debate prep,1,inside bernie sander unorthodox debate prep
Is America On The Brink Of Civil War?,0,america brink civil war
"Republicans barnstorm Iowa after debate, as underdogs show new life",1,republicans barnstorm iowa debate underdog show new life
Court Could Force Same-Sex Marriage on Every State - US - CBN News - Christian News 24-7 - CBN.com,1,court could force sex marriage every state us cbn news christian news cbn com
BREAKING: WikiLeaks Just Released Full ISIS Donor List With Names,0,break wikileak release full isis donor list name
"Intel chief ‘absolutely’ forgot about NSA data sweep program, attorney says",1,intel chief absolutely forget nsa datum sweep program attorney say
Desperate Trump Supporter Offers Voters Discount On Horse Semen If They Vote Trump,0,desperate trump supporter offer voter discount horse semen vote trump
White House brings lawmakers into Situation Room on Iran,1,white house bring lawmaker situation room iran
A close Wisconsin primary could spell future trouble for Clinton,1,close wisconsin primary could spell future trouble clinton
"Afghan officials say Mullah Omar, Taliban leader, may be dead",1,afghan official say mullah omar taliban leader may dead
Even Hillary’s Niece Is Voting Trump,0,even hillary niece voting trump
House GOP Faces Test On Budget Priorities,1,house gop face test budget priority
Chinese University Sells HIV Testing Kits in Vending Machine,0,chinese university sell hiv testing kit vend machine
The GOP’s ludicrous Kim Davis primary: How raging homophobia took the Republican campaign by storm,1,gop ludicrous kim davis primary rag homophobia take republican campaign storm
IRONY ALERT: First Person Arrested For Voter Fraud Is A Trump Supporter,0,irony alert first person arrest voter fraud trump supporter
2016: The year conventional political wisdom was turned upside down,1,year conventional political wisdom turn upside
State Department: No record of Clinton signing 'separation' form,1,state department no record clinton signing separation form
"Conway touts Trump's 'drain the swamp' message, admits 'we are behind'",1,conway tout trump drain swamp message admit behind
President Elect Trump – A New Era of Unpredictability Awaits,0,president elect trump new era unpredictability await
Duterte Pulls a 180: China to Build Fake Islands Right Off Philippine Coast,0,duterte pull china build fake island right philippine coast
Treasury will begin issuing Iran sanctions waivers under Obama order,1,treasury begin issue iran sanction waiver obama order
2016 Race Collides With Baltimore Unrest,1,race collide baltimore unrest
"DoD teams surveying US military sites for potential Gitmo transfers, lawmakers vow fight",1,dod team survey we military site potential gitmo transfer lawmaker vow fight
Top Aide to Hillary Clinton Urges the FBI to Disclose what it Knows about Trump's Russia Ties,0,top aide hillary clinton urge fbi disclose know trump russia tie
"George Stephanopoulos, Brian Williams and the media’s sinking reputation",1,george stephanopoulos brian williams medium sink reputation
"Turkey’s Crackdown on Criticism Continues as Journalists, 10K Civil Servants Arrested",0,turkey crackdown criticism continue journalist 10k civil servant arrest
Government Confirm Compensation For Survivors Of Symphysiotomy Got ‘Lost In The Post’,0,government confirm compensation survivor symphysiotomy get lose post
Muslim debate seizes GOP presidential race,1,muslim debate seize gop presidential race
Clinton puts Trump on defense at first debate,1,clinton put trump defense first debate
Thousands of Wild American Bison Appear From No Where At Standing Rock,0,thousand wild american bison appear no standing rock
Are You Ready for Aftermath of the Election? Will There Be An Election?,0,ready aftermath election election
Here Are Six ‘Miracle’ Drugs Big Pharma Now Regrets - Truthdig,0,six miracle drug big pharma regret truthdig
"Hillary Clinton, FBI and the Real November Surprise",0,hillary clinton fbi real november surprise
The Deceptive Nature of Hillary Clinton is Right in Line with Communism,0,deceptive nature hillary clinton right line communism
"Obama Furious After Fed-Up ‘Deplorables’ Drop 41,000-Piece Gift On Him",0,obama furious feed deplorable drop piece gift
Colin Kaepernick hosts ‘Know Your Rights’ camp for Oakland-area youth,0,colin kaepernick host know right camp oakland area youth
Wikileaks Emails Disclose Aliens Linked to Vatican!,0,wikileak email disclose alien link vatican
US abstains from UN vote calling for end to Cuban embargo,0,we abstain un vote calling end cuban embargo
West Ham fans laud aerodynamic properties of new pound coin,0,west ham fans laud aerodynamic property new pound coin
How the Obama White House runs foreign policy,1,obama white house run foreign policy
"ISIS claims responsibility for Garland, Texas, shooting",1,isis claim responsibility garland texas shooting
The “blame the left” crew: What the right’s new Hebdo attack is really about,1,blame leave crew right new hebdo attack really
ADHD NATION: How Big Pharma Created the ADHD Epidemic,0,adhd nation big pharma create adhd epidemic
Donald Trump claims the election will be 'rigged' — and critics have called that preposterous and dangerous,0,donald trump claim election rig critic call preposterous dangerous
REPORT: Dirty Reporter Blackmails Montel… Help Us Hit Trump or We’ll Print Your Address,0,report dirty reporter blackmail montel help we hit trump print address
Police Arrest Suspect In Charleston Church Shooting,1,police arrest suspect charleston church shooting
Donald Trump’s collapse was caused by one big factor: Hillary Clinton,1,donald trump collapse cause one big factor hillary clinton
FINA suspends Russian swimmer for 8 years over doping — web portal - Russia News Now,0,fina suspend russian swimmer year doping web portal russia news
BREAKING : Hillary Campaign Manager Deletes his Entire Twitter Timeline – TruthFeed,0,break hillary campaign manager delete entire twitter timeline truthfeed
Why Ted Cruz Has the Most to Lose in New Hampshire,1,ted cruz lose new hampshire
“Nothing Good Can Come of This Election”–and That’s Good,0,nothing good come election good
List of Republicans opposing Trump | OffGuardian,0,list republicans oppose trump offguardian
Putin: Use of 'mythical' Russian military threat a ‘profitable business',0,putin use mythical russian military threat profitable business
Bernie Sanders says private meeting with Pope Francis is not an endorsement,1,bernie sanders say private meeting pope francis not endorsement
Alabama Lawmaker: Same-Sex Couples Don’t Deserve Same Financial Benefits As Other Families,1,alabama lawmaker sex couple don deserve financial benefit family
Will the Media Reset After the Election or Are We Stuck With This Tabloid Stuff?,0,medium reset election stick tabloid stuff
DOJ COMPLAINT: Comey Under Fire Over Partisan Witch Hunt For Hillary (TWEETS/VIDEO),0,doj complaint comey fire partisan witch hunt hillary tweet video
GOP Senator David Perdue Jokes About Praying for Obama’s Death,1,gop senator david perdue joke pray obama death
"Radio Derb Is On The Air–Leonardo And Brazil’s Miss Bum Bum Pageant, Etc.",0,radio derb air leonardo brazil miss bum bum pageant etc
Assange claims ‘crazed’ Clinton campaign tried to hack WikiLeaks,0,assange claim craze clinton campaign try hack wikileak
State Department says it can't find emails from Clinton IT specialist,1,state department say can not find email clinton specialist
The ‘P’ in PBS Should Stand for ‘Plutocratic’ or ‘Pentagon’,0,pbs stand plutocratic pentagon
Anti-Trump Protesters Are Tools of the Oligarchy     : Information,0,anti trump protester tool oligarchy information
"In Ethiopia, Obama seeks progress on peace, security in East Africa",1,ethiopia obama seek progress peace security east africa
Jeb Bush Is Suddenly Attacking Trump. Here's Why That Matters,1,jeb bush suddenly attack trump matter
